fecha,temp_prom,temp_min,temp_max,precipitacion,humedad,dir_viento,vel_viento,presion,id_nodo
2023-01-01,28.8,24.7,33.9,0.4,74.9,84.0,12.1,1007.3,BALLE
2023-01-02,27.5,24.8,33.4,0.1,67.0,78.0,18.2,1010.3,JOBO
2023-01-03,27.8,24.4,32.2,7.0,78.9,98.0,16.4,1011.5,BAQ
2023-01-04,29.6,24.9,33.6,18.5,69.3,87.0,25.0,1009.5,CTG
2023-01-05,27.3,23.5,34.2,7.9,60.1,24.0,9.7,1008.0,STM
2023-01-06,29.4,23.4,33.2,7.3,74.4,181.0,8.5,1008.4,SIN
2023-01-07,28.5,24.1,33.8,0.7,67.8,166.0,21.7,1008.9,MTR
2023-01-08,29.6,23.5,33.5,0.4,75.7,56.0,18.8,1008.5,VDP
2023-01-09,29.8,24.0,33.3,14.3,72.2,213.0,12.3,1007.7,RIO
2023-01-10,27.4,23.6,34.5,6.5,57.9,318.0,6.1,1010.8,MAM
2023-01-11,27.7,24.1,32.5,17.2,61.6,177.0,23.3,1007.0,BALLE
2023-01-12,29.8,24.0,34.3,1.1,77.1,216.0,12.8,1006.4,JOBO
2023-01-13,27.5,24.4,34.6,9.4,69.0,132.0,17.7,1007.1,BAQ
2023-01-14,29.6,25.0,33.5,12.0,74.1,96.0,18.9,1006.6,CTG
2023-01-15,29.1,23.8,33.7,6.5,69.2,71.0,15.4,1005.6,STM
2023-01-16,27.4,25.3,35.2,17.8,67.4,332.0,22.8,1008.6,SIN
2023-01-17,29.7,24.5,34.8,16.9,64.7,195.0,8.7,1007.3,MTR
2023-01-18,30.1,24.6,34.0,29.4,73.1,265.0,9.5,1009.9,VDP
2023-01-19,28.8,24.6,35.0,19.4,70.2,281.0,20.8,1005.0,RIO
2023-01-20,29.5,24.1,34.4,23.9,66.4,11.0,12.4,1004.1,MAM
2023-01-21,28.0,24.7,33.3,11.3,70.1,45.0,21.7,1005.5,BALLE
2023-01-22,28.2,24.3,34.9,1.4,70.3,50.0,18.5,1011.6,JOBO
2023-01-23,29.5,25.4,35.0,9.9,62.5,185.0,8.2,1010.3,BAQ
2023-01-24,29.9,24.7,35.2,3.4,68.4,51.0,22.6,1009.8,CTG
2023-01-25,29.0,25.1,32.9,25.4,71.7,38.0,8.3,1008.9,STM
2023-01-26,30.2,24.1,33.1,9.5,63.7,133.0,6.9,1008.7,SIN
2023-01-27,30.0,25.3,34.1,1.9,64.0,103.0,21.2,1010.5,MTR
2023-01-28,28.1,24.9,34.0,21.0,68.5,95.0,14.9,1006.1,VDP
2023-01-29,29.1,24.5,33.3,0.9,69.5,300.0,5.9,1006.2,RIO
2023-01-30,28.7,25.7,34.5,1.6,58.8,180.0,16.6,1008.4,MAM
2023-01-31,28.7,25.8,34.4,13.3,63.7,267.0,7.7,1010.0,BALLE
2023-02-01,30.8,24.9,34.4,5.6,61.7,347.0,9.1,1008.9,JOBO
2023-02-02,30.2,25.7,34.6,5.6,81.7,155.0,20.9,1007.3,BAQ
2023-02-03,30.6,24.3,36.1,5.5,64.3,137.0,9.0,1007.4,CTG
2023-02-04,30.3,25.7,35.8,21.5,71.0,346.0,5.9,1011.5,STM
2023-02-05,30.6,24.7,35.4,31.6,82.4,123.0,15.9,1010.3,SIN
2023-02-06,30.8,25.1,33.6,27.9,67.2,152.0,19.0,1010.0,MTR
2023-02-07,29.4,25.1,35.3,18.1,59.0,262.0,8.8,1004.2,VDP
2023-02-08,30.5,26.2,35.2,4.6,57.9,203.0,24.2,1011.9,RIO
2023-02-09,31.2,25.3,35.7,13.9,59.4,79.0,13.5,1011.2,MAM
2023-02-10,31.3,26.2,35.5,2.3,62.8,244.0,18.2,1010.8,BALLE
2023-02-11,31.2,25.5,34.9,3.2,68.4,258.0,23.6,1008.1,JOBO
2023-02-12,30.6,24.7,33.7,3.4,60.0,35.0,17.6,1004.1,BAQ
2023-02-13,28.6,25.4,36.5,0.2,71.2,335.0,11.6,1006.1,CTG
2023-02-14,31.5,25.1,34.1,17.3,76.3,301.0,18.9,1009.0,STM
2023-02-15,30.0,26.4,34.3,3.8,64.5,220.0,8.2,1010.7,SIN
2023-02-16,28.8,25.2,34.4,2.4,69.0,342.0,23.3,1009.7,MTR
2023-02-17,29.0,25.0,34.5,3.0,79.9,280.0,7.2,1011.3,VDP
2023-02-18,30.7,26.0,36.2,17.6,79.7,163.0,21.0,1007.2,RIO
2023-02-19,28.9,24.6,35.5,2.7,72.7,58.0,7.1,1008.8,MAM
2023-02-20,29.0,24.6,36.2,0.6,77.5,141.0,5.9,1007.9,BALLE
2023-02-21,31.8,24.9,35.0,12.9,67.0,357.0,17.9,1009.7,JOBO
2023-02-22,31.9,25.6,35.7,5.8,81.8,131.0,14.5,1010.3,BAQ
2023-02-23,31.4,26.5,36.0,5.8,75.9,310.0,22.3,1007.2,CTG
2023-02-24,29.3,26.2,34.2,2.7,81.2,359.0,15.8,1007.2,STM
2023-02-25,29.4,24.8,36.6,0.7,67.8,66.0,23.8,1007.6,SIN
2023-02-26,31.0,26.6,34.9,18.0,61.0,15.0,16.7,1007.8,MTR
2023-02-27,30.7,25.2,36.5,16.0,59.2,327.0,17.9,1007.6,VDP
2023-02-28,29.6,25.6,34.2,13.5,64.0,177.0,6.6,1009.6,RIO
2023-03-01,29.6,25.7,36.4,6.2,58.9,100.0,23.3,1004.8,MAM
2023-03-02,29.8,26.2,36.2,13.8,68.1,272.0,15.2,1004.8,BALLE
2023-03-03,31.0,24.8,36.0,8.3,62.3,152.0,21.3,1009.5,JOBO
2023-03-04,31.1,26.5,36.4,15.7,78.3,17.0,10.9,1006.2,BAQ
2023-03-05,32.1,24.9,37.1,4.7,65.8,76.0,19.2,1010.3,CTG
2023-03-06,30.1,25.8,37.0,9.5,64.1,140.0,13.4,1008.5,STM
2023-03-07,30.7,25.7,35.7,0.0,81.6,219.0,5.8,1009.9,SIN
2023-03-08,30.4,26.7,35.2,0.5,67.7,228.0,18.9,1008.7,MTR
2023-03-09,30.3,26.2,34.7,14.1,61.8,351.0,8.4,1009.8,VDP
2023-03-10,30.2,24.9,36.8,1.0,77.8,178.0,13.5,1004.2,RIO
2023-03-11,29.7,25.9,34.7,6.8,71.9,89.0,16.9,1007.3,MAM
2023-03-12,30.7,26.6,35.9,0.7,61.4,69.0,7.6,1011.3,BALLE
2023-03-13,32.2,25.7,36.4,0.9,65.1,111.0,20.4,1005.6,JOBO
2023-03-14,30.6,26.8,35.6,25.7,78.7,150.0,20.0,1004.6,BAQ
2023-03-15,31.5,26.4,34.9,0.4,71.7,140.0,5.6,1004.2,CTG
2023-03-16,30.0,26.3,35.9,1.6,67.9,355.0,13.6,1006.4,STM
2023-03-17,31.9,26.4,34.5,1.9,72.6,293.0,14.8,1011.6,SIN
2023-03-18,31.4,25.2,36.7,4.1,80.8,274.0,13.7,1006.2,MTR
2023-03-19,30.9,25.3,36.2,16.7,68.7,241.0,12.4,1005.9,VDP
2023-03-20,29.9,25.3,36.5,8.4,65.5,56.0,16.2,1004.5,RIO
2023-03-21,29.5,25.5,35.7,0.4,64.8,33.0,6.6,1004.1,MAM
2023-03-22,29.8,26.6,36.3,31.3,69.0,190.0,5.5,1009.8,BALLE
2023-03-23,32.1,25.7,37.3,10.0,65.3,61.0,24.8,1009.3,JOBO
2023-03-24,31.5,26.7,35.5,0.3,72.8,58.0,7.0,1009.1,BAQ
2023-03-25,31.3,26.4,37.3,8.7,61.9,25.0,16.2,1009.6,CTG
2023-03-26,30.0,25.6,35.1,2.3,59.7,71.0,11.3,1006.1,STM
2023-03-27,30.2,25.2,36.6,1.0,71.6,313.0,22.7,1008.2,SIN
2023-03-28,31.2,26.7,36.8,4.8,71.8,329.0,16.1,1005.0,MTR
2023-03-29,32.2,26.0,36.3,5.9,67.2,278.0,16.1,1005.9,VDP
2023-03-30,31.4,26.9,36.5,23.2,80.7,171.0,24.5,1007.4,RIO
2023-03-31,31.8,25.4,37.0,26.6,79.6,197.0,13.4,1010.8,MAM
2023-04-01,31.5,25.3,35.3,17.3,65.2,129.0,7.3,1007.0,BALLE
2023-04-02,29.5,26.0,34.8,7.2,62.2,251.0,16.4,1010.2,JOBO
2023-04-03,31.3,25.2,34.7,5.1,60.8,177.0,10.3,1006.0,BAQ
2023-04-04,31.8,26.3,36.5,0.9,79.0,151.0,5.8,1009.9,CTG
2023-04-05,30.5,25.0,35.8,2.3,76.1,280.0,23.6,1004.2,STM
2023-04-06,31.9,25.4,34.7,9.0,78.9,288.0,10.4,1007.9,SIN
2023-04-07,32.4,26.4,37.2,2.8,75.9,59.0,8.7,1006.0,MTR
2023-04-08,32.4,26.3,34.8,8.1,64.0,151.0,11.3,1005.1,VDP
2023-04-09,31.7,25.7,35.3,2.1,81.2,195.0,15.9,1005.0,RIO
2023-04-10,29.6,26.7,34.6,0.7,78.6,346.0,23.8,1007.4,MAM
2023-04-11,31.4,25.3,34.7,11.2,59.6,263.0,18.6,1011.3,BALLE
2023-04-12,29.6,26.1,36.0,8.6,60.7,283.0,12.6,1007.0,JOBO
2023-04-13,30.5,25.6,35.2,18.1,61.6,91.0,19.9,1009.9,BAQ
2023-04-14,29.9,25.5,36.0,3.1,61.6,161.0,17.2,1008.4,CTG
2023-04-15,29.6,25.9,35.4,2.3,62.1,53.0,12.5,1005.9,STM
2023-04-16,32.1,25.5,34.9,1.4,71.2,210.0,6.8,1011.3,SIN
2023-04-17,30.6,26.8,35.5,22.9,66.7,314.0,14.4,1009.4,MTR
2023-04-18,31.2,25.4,34.9,0.1,75.4,51.0,13.0,1008.2,VDP
2023-04-19,30.6,25.6,36.2,0.1,76.6,170.0,15.2,1011.3,RIO
2023-04-20,31.0,25.3,35.9,17.4,68.1,353.0,21.7,1004.3,MAM
2023-04-21,30.7,26.8,34.9,16.5,64.6,85.0,11.0,1007.3,BALLE
2023-04-22,31.8,26.3,35.6,1.9,67.2,279.0,6.8,1004.2,JOBO
2023-04-23,30.4,25.6,34.9,11.5,81.0,7.0,11.3,1008.6,BAQ
2023-04-24,30.2,26.1,35.7,0.8,65.5,352.0,19.3,1010.5,CTG
2023-04-25,31.1,26.7,34.5,4.2,61.1,2.0,22.6,1008.8,STM
2023-04-26,32.1,26.0,35.6,6.6,82.2,43.0,14.0,1009.4,SIN
2023-04-27,30.3,24.8,36.3,7.6,63.6,179.0,19.6,1009.2,MTR
2023-04-28,31.2,25.9,36.7,23.1,79.7,175.0,14.7,1010.5,VDP
2023-04-29,29.6,26.6,37.1,4.5,63.9,81.0,22.5,1010.1,RIO
2023-04-30,29.5,25.8,35.8,7.7,70.4,60.0,9.2,1004.0,MAM
2023-05-01,29.4,25.9,35.2,1.6,78.4,293.0,22.0,1010.1,BALLE
2023-05-02,31.3,25.4,35.3,8.8,66.9,203.0,11.1,1007.3,JOBO
2023-05-03,30.2,25.7,34.5,4.8,69.9,37.0,11.2,1005.2,BAQ
2023-05-04,29.7,25.1,36.8,26.8,80.5,250.0,12.0,1011.9,CTG
2023-05-05,29.1,26.3,36.9,8.4,70.2,174.0,10.3,1010.4,STM
2023-05-06,30.6,24.9,34.5,2.2,80.6,311.0,22.5,1008.2,SIN
2023-05-07,31.9,25.0,36.9,0.8,59.0,138.0,6.7,1010.6,MTR
2023-05-08,31.0,25.3,36.2,11.2,79.7,270.0,6.3,1010.0,VDP
2023-05-09,29.3,26.1,36.3,5.1,66.3,117.0,20.4,1007.7,RIO
2023-05-10,31.8,26.1,34.2,37.4,82.4,32.0,14.1,1007.2,MAM
2023-05-11,29.6,26.2,35.0,2.0,71.0,225.0,18.3,1009.0,BALLE
2023-05-12,29.2,25.6,36.3,13.8,79.6,93.0,13.8,1004.1,JOBO
2023-05-13,29.6,25.7,36.8,7.1,58.1,281.0,18.8,1010.0,BAQ
2023-05-14,28.8,26.4,34.6,4.8,66.6,47.0,22.8,1006.0,CTG
2023-05-15,31.3,24.6,35.4,24.7,73.3,66.0,5.2,1009.2,STM
2023-05-16,30.2,26.4,35.4,12.8,66.9,67.0,10.2,1006.2,SIN
2023-05-17,29.7,25.6,34.3,18.1,65.5,187.0,16.1,1009.2,MTR
2023-05-18,28.8,25.7,34.2,8.6,81.2,242.0,6.2,1006.9,VDP
2023-05-19,30.2,24.9,36.2,8.9,71.4,50.0,14.3,1011.4,RIO
2023-05-20,29.4,26.0,34.6,2.6,61.4,357.0,21.4,1007.4,MAM
2023-05-21,31.4,24.6,34.2,3.5,68.4,22.0,12.0,1010.6,BALLE
2023-05-22,30.9,25.5,34.4,18.2,60.8,15.0,18.9,1010.4,JOBO
2023-05-23,30.1,24.7,35.0,1.4,74.6,290.0,10.2,1011.7,BAQ
2023-05-24,28.8,24.9,33.8,7.9,57.5,38.0,20.2,1007.9,CTG
2023-05-25,29.6,25.4,35.6,34.6,60.6,297.0,13.5,1004.3,STM
2023-05-26,28.8,25.6,36.1,2.5,79.8,24.0,17.3,1010.2,SIN
2023-05-27,28.8,25.1,35.2,19.8,70.2,253.0,12.4,1007.7,MTR
2023-05-28,30.7,25.2,34.5,2.7,71.8,150.0,19.4,1004.0,VDP
2023-05-29,29.3,25.2,36.1,23.5,75.2,181.0,14.3,1011.8,RIO
2023-05-30,28.9,26.1,33.8,19.5,77.3,4.0,17.3,1011.9,MAM
2023-05-31,29.0,25.6,34.0,2.2,78.9,176.0,5.9,1011.1,BALLE
2023-06-01,29.2,24.1,33.4,22.7,65.5,300.0,12.6,1006.2,JOBO
2023-06-02,30.4,24.3,35.0,3.9,75.7,345.0,7.6,1007.9,BAQ
2023-06-03,29.9,25.7,35.1,0.1,73.3,6.0,20.6,1005.5,CTG
2023-06-04,30.2,25.9,34.6,0.0,76.5,91.0,9.4,1006.7,STM
2023-06-05,30.4,25.8,35.7,17.8,59.1,196.0,7.8,1011.6,SIN
2023-06-06,28.4,25.0,35.0,25.4,79.2,152.0,25.0,1009.2,MTR
2023-06-07,29.4,25.5,34.1,0.4,82.4,164.0,12.7,1009.6,VDP
2023-06-08,30.1,25.4,35.3,2.5,75.9,19.0,23.1,1006.2,RIO
2023-06-09,30.6,25.0,34.0,9.6,79.5,227.0,23.4,1008.3,MAM
2023-06-10,28.4,24.6,32.9,0.1,75.3,295.0,17.1,1005.3,BALLE
2023-06-11,29.5,24.0,32.8,28.4,68.3,310.0,8.1,1008.4,JOBO
2023-06-12,28.3,25.6,33.9,0.0,59.0,98.0,14.9,1010.7,BAQ
2023-06-13,27.6,25.3,34.8,5.5,66.7,63.0,6.2,1009.3,CTG
2023-06-14,28.9,24.7,33.8,25.9,76.3,275.0,23.8,1009.9,STM
2023-06-15,27.7,23.7,33.2,19.4,73.1,7.0,12.9,1005.8,SIN
2023-06-16,27.5,24.5,33.3,2.2,74.3,197.0,17.0,1009.8,MTR
2023-06-17,29.5,23.6,33.7,5.6,63.0,158.0,15.3,1009.7,VDP
2023-06-18,28.4,24.9,34.9,18.5,70.3,154.0,5.8,1004.8,RIO
2023-06-19,27.3,24.6,34.3,5.4,57.8,297.0,16.0,1011.5,MAM
2023-06-20,27.3,25.3,32.4,1.0,75.9,38.0,10.7,1004.3,BALLE
2023-06-21,27.9,25.0,33.0,28.2,65.8,329.0,8.3,1005.9,JOBO
2023-06-22,28.8,24.7,34.6,0.0,78.3,167.0,17.7,1011.8,BAQ
2023-06-23,29.9,25.2,33.3,4.6,82.4,133.0,19.6,1008.3,CTG
2023-06-24,28.2,23.7,33.6,2.2,82.2,292.0,16.3,1011.7,STM
2023-06-25,29.1,24.5,33.3,18.2,58.0,64.0,18.2,1009.2,SIN
2023-06-26,27.5,24.2,32.6,4.8,74.2,110.0,5.5,1004.8,MTR
2023-06-27,27.7,24.8,33.5,4.9,80.5,350.0,14.1,1008.0,VDP
2023-06-28,27.9,24.9,33.7,15.1,69.6,341.0,13.1,1010.3,RIO
2023-06-29,28.8,23.3,32.0,9.2,62.5,108.0,14.1,1010.3,MAM
2023-06-30,28.0,24.1,31.7,1.9,63.3,217.0,9.3,1004.8,BALLE
2023-07-01,26.9,24.4,32.9,21.8,71.7,338.0,16.9,1007.6,JOBO
2023-07-02,26.7,24.7,31.7,21.1,60.4,106.0,16.7,1008.1,BAQ
2023-07-03,28.5,24.3,33.8,12.8,76.8,334.0,24.3,1010.7,CTG
2023-07-04,28.0,23.0,31.7,6.6,81.3,33.0,14.2,1006.7,STM
2023-07-05,27.3,24.0,31.9,3.4,65.8,230.0,7.0,1004.0,SIN
2023-07-06,26.9,24.3,33.3,5.9,66.7,247.0,13.8,1010.6,MTR
2023-07-07,27.7,23.6,32.0,6.3,58.3,246.0,15.6,1010.5,VDP
2023-07-08,29.1,23.7,34.0,15.1,58.5,325.0,11.6,1004.1,RIO
2023-07-09,27.3,23.0,31.9,6.8,64.0,205.0,7.2,1004.6,MAM
2023-07-10,28.0,22.7,31.2,7.8,78.5,348.0,9.7,1005.1,BALLE
2023-07-11,29.0,22.8,31.8,2.5,73.0,259.0,16.2,1007.9,JOBO
2023-07-12,26.6,23.7,32.3,12.4,58.4,121.0,5.3,1006.9,BAQ
2023-07-13,27.4,23.5,31.6,34.0,61.4,146.0,6.8,1004.5,CTG
2023-07-14,26.5,24.4,32.9,11.0,74.2,354.0,21.2,1004.9,STM
2023-07-15,27.6,24.4,33.0,3.9,64.5,131.0,11.7,1006.2,SIN
2023-07-16,27.3,23.8,30.8,17.6,65.6,65.0,22.6,1009.7,MTR
2023-07-17,27.8,22.6,32.6,13.8,75.4,225.0,5.4,1006.7,VDP
2023-07-18,28.1,24.3,32.0,0.4,62.8,102.0,14.0,1006.2,RIO
2023-07-19,25.7,22.9,30.8,33.2,65.0,208.0,7.3,1008.8,MAM
2023-07-20,28.4,23.7,33.5,3.8,71.1,288.0,15.2,1009.0,BALLE
2023-07-21,27.0,22.5,31.3,1.7,70.8,106.0,17.8,1006.7,JOBO
2023-07-22,25.8,23.7,32.9,0.6,75.1,10.0,12.3,1010.5,BAQ
2023-07-23,27.1,22.9,31.9,13.0,70.3,135.0,10.3,1010.9,CTG
2023-07-24,26.3,23.4,32.8,3.7,63.5,233.0,24.8,1006.6,STM
2023-07-25,26.7,23.1,31.1,17.8,80.5,73.0,10.1,1008.4,SIN
2023-07-26,25.6,22.2,31.2,10.4,63.7,117.0,18.6,1005.2,MTR
2023-07-27,27.7,23.8,30.9,16.6,71.0,323.0,11.4,1006.3,VDP
2023-07-28,25.4,22.3,30.9,10.4,61.0,45.0,7.0,1008.4,RIO
2023-07-29,26.5,23.8,32.0,0.5,59.2,234.0,9.8,1008.2,MAM
2023-07-30,27.0,23.3,32.3,5.1,65.9,44.0,8.3,1004.6,BALLE
2023-07-31,26.8,22.3,30.9,0.9,65.2,111.0,10.0,1004.8,JOBO
2023-08-01,27.0,22.5,30.1,13.2,80.3,201.0,23.8,1004.1,BAQ
2023-08-02,26.5,23.2,30.1,26.0,70.9,1.0,24.6,1008.1,CTG
2023-08-03,27.8,21.9,31.9,31.7,64.1,236.0,20.6,1005.4,STM
2023-08-04,27.2,23.6,31.9,2.8,79.7,142.0,21.6,1004.1,SIN
2023-08-05,27.4,23.6,29.9,30.3,78.9,22.0,16.6,1005.0,MTR
2023-08-06,25.9,21.9,32.3,2.7,80.9,58.0,12.7,1007.6,VDP
2023-08-07,25.9,23.5,31.3,10.2,64.7,277.0,7.6,1009.1,RIO
2023-08-08,25.4,22.1,31.1,12.8,67.9,161.0,20.5,1004.2,MAM
2023-08-09,25.4,22.4,32.5,12.8,79.5,40.0,12.9,1009.5,BALLE
2023-08-10,25.0,22.3,31.9,3.5,74.5,212.0,21.6,1005.7,JOBO
2023-08-11,26.8,22.8,32.0,6.3,58.3,99.0,11.0,1008.4,BAQ
2023-08-12,25.3,22.1,31.4,26.1,66.1,201.0,5.2,1005.1,CTG
2023-08-13,26.8,21.9,31.6,5.9,69.5,18.0,18.4,1009.4,STM
2023-08-14,25.0,23.0,31.1,5.7,59.7,142.0,5.6,1007.8,SIN
2023-08-15,26.4,21.8,30.1,16.9,74.8,141.0,5.1,1009.8,MTR
2023-08-16,27.0,22.1,32.1,0.4,72.1,340.0,14.2,1007.3,VDP
2023-08-17,24.7,22.9,31.0,0.3,61.5,99.0,19.5,1011.1,RIO
2023-08-18,27.2,23.3,29.5,5.0,68.4,42.0,18.7,1009.3,MAM
2023-08-19,26.5,23.5,29.5,9.9,73.8,179.0,6.8,1005.5,BALLE
2023-08-20,24.9,22.6,29.5,8.2,60.1,352.0,18.9,1007.4,JOBO
2023-08-21,24.4,21.8,29.6,3.9,64.9,115.0,14.0,1004.5,BAQ
2023-08-22,25.6,23.4,29.6,3.9,61.7,21.0,11.2,1006.2,CTG
2023-08-23,25.7,22.6,29.4,16.6,58.2,288.0,7.1,1005.2,STM
2023-08-24,27.0,22.6,31.5,5.2,77.4,117.0,5.7,1004.9,SIN
2023-08-25,25.9,22.5,31.3,0.4,76.5,355.0,15.0,1006.5,MTR
2023-08-26,26.9,21.8,31.3,25.7,70.6,325.0,18.4,1005.9,VDP
2023-08-27,26.4,22.7,31.0,4.5,69.7,11.0,12.1,1010.1,RIO
2023-08-28,24.6,21.6,31.8,24.7,81.0,292.0,18.8,1005.4,MAM
2023-08-29,25.5,22.4,29.4,2.6,69.2,11.0,15.7,1004.4,BALLE
2023-08-30,25.2,21.5,31.3,4.1,66.9,2.0,11.0,1006.7,JOBO
2023-08-31,24.3,21.3,30.0,3.1,76.0,1.0,8.2,1010.4,BAQ
2023-09-01,24.3,22.5,30.8,5.5,69.9,271.0,16.3,1007.4,CTG
2023-09-02,25.9,22.6,30.3,18.9,79.9,294.0,10.7,1006.6,STM
2023-09-03,25.4,22.4,29.1,2.5,59.8,112.0,19.5,1008.6,SIN
2023-09-04,25.8,23.1,29.9,37.5,63.1,271.0,9.2,1009.6,MTR
2023-09-05,25.9,22.0,30.5,1.3,66.1,234.0,14.5,1008.9,VDP
2023-09-06,26.3,22.2,31.0,26.0,60.3,9.0,18.3,1008.8,RIO
2023-09-07,26.2,22.2,29.0,14.9,66.9,52.0,10.9,1004.4,MAM
2023-09-08,25.5,22.1,29.3,10.7,63.9,8.0,9.5,1004.9,BALLE
2023-09-09,26.2,21.5,31.7,1.4,72.4,134.0,9.7,1010.4,JOBO
2023-09-10,24.4,22.6,30.9,6.9,58.8,120.0,16.5,1011.6,BAQ
2023-09-11,25.1,22.1,31.1,3.7,78.0,94.0,18.6,1006.1,CTG
2023-09-12,25.6,21.2,31.4,14.0,69.1,356.0,8.5,1011.3,STM
2023-09-13,25.2,21.1,29.0,6.3,63.1,7.0,5.1,1007.1,SIN
2023-09-14,24.2,22.0,30.3,9.4,73.5,226.0,20.9,1010.7,MTR
2023-09-15,25.3,22.9,31.6,1.5,74.8,351.0,12.2,1007.6,VDP
2023-09-16,25.6,22.3,30.0,1.7,68.6,354.0,19.0,1006.5,RIO
2023-09-17,25.0,22.7,29.7,5.0,64.3,20.0,13.8,1006.2,MAM
2023-09-18,24.4,21.7,30.5,5.3,66.2,209.0,17.4,1008.7,BALLE
2023-09-19,25.3,21.9,29.6,24.3,59.6,297.0,22.8,1011.4,JOBO
2023-09-20,25.4,22.6,30.3,3.6,67.8,54.0,6.8,1007.3,BAQ
2023-09-21,25.2,21.3,31.0,4.7,81.3,106.0,20.3,1008.6,CTG
2023-09-22,26.0,21.6,30.3,8.9,78.2,360.0,9.6,1008.6,STM
2023-09-23,23.7,22.7,28.5,2.2,68.6,305.0,13.7,1005.8,SIN
2023-09-24,25.3,21.5,29.5,1.3,66.8,94.0,10.6,1011.7,MTR
2023-09-25,25.0,22.8,29.6,0.8,61.5,122.0,13.0,1005.1,VDP
2023-09-26,24.4,22.4,30.3,4.8,72.5,37.0,24.0,1011.4,RIO
2023-09-27,25.6,22.0,28.8,3.1,62.0,252.0,20.0,1004.4,MAM
2023-09-28,24.4,21.4,28.5,23.0,79.7,6.0,19.0,1008.5,BALLE
2023-09-29,25.4,21.2,28.5,3.5,74.9,217.0,24.8,1009.8,JOBO
2023-09-30,25.3,22.8,30.1,3.1,59.3,118.0,14.9,1010.9,BAQ
2023-10-01,24.8,22.7,31.5,12.8,77.2,342.0,9.2,1010.6,CTG
2023-10-02,24.2,22.3,29.5,32.2,80.5,235.0,13.0,1006.6,STM
2023-10-03,24.1,21.0,30.5,30.9,66.3,289.0,9.0,1010.7,SIN
2023-10-04,25.9,21.4,29.5,19.2,65.6,348.0,21.9,1005.4,MTR
2023-10-05,26.2,22.7,29.6,1.0,66.1,191.0,17.6,1009.5,VDP
2023-10-06,26.4,21.7,29.2,10.3,72.2,76.0,11.2,1009.9,RIO
2023-10-07,25.2,22.8,30.1,32.1,67.5,109.0,11.3,1011.9,MAM
2023-10-08,25.1,22.2,28.9,34.8,63.3,33.0,14.8,1005.5,BALLE
2023-10-09,24.7,21.4,30.1,3.5,77.9,328.0,11.3,1009.6,JOBO
2023-10-10,23.9,22.4,29.9,3.1,82.3,325.0,8.0,1009.4,BAQ
2023-10-11,24.2,22.8,28.9,13.0,58.3,264.0,24.3,1004.3,CTG
2023-10-12,25.9,22.1,29.5,22.1,66.7,352.0,18.5,1008.7,STM
2023-10-13,24.1,22.2,28.7,3.7,81.3,75.0,7.0,1011.4,SIN
2023-10-14,25.0,21.3,30.9,2.3,59.1,106.0,7.4,1006.1,MTR
2023-10-15,23.7,22.5,29.7,6.9,80.7,298.0,23.5,1010.7,VDP
2023-10-16,25.8,21.6,29.0,5.0,77.3,278.0,19.3,1007.4,RIO
2023-10-17,25.7,22.2,31.1,32.4,64.2,14.0,8.9,1007.2,MAM
2023-10-18,25.2,23.0,31.1,21.9,79.5,335.0,8.3,1009.0,BALLE
2023-10-19,26.0,22.9,30.3,1.0,71.9,262.0,18.0,1008.9,JOBO
2023-10-20,26.3,22.9,29.5,11.1,57.7,342.0,19.9,1008.0,BAQ
2023-10-21,25.5,22.4,30.2,0.6,81.7,185.0,9.5,1006.7,CTG
2023-10-22,26.2,21.6,29.8,8.1,61.5,181.0,15.2,1010.2,STM
2023-10-23,25.9,22.7,31.0,2.3,76.0,56.0,24.1,1008.0,SIN
2023-10-24,25.6,21.6,29.1,13.1,78.8,107.0,9.3,1007.7,MTR
2023-10-25,26.7,23.0,29.9,3.8,72.5,191.0,23.6,1011.3,VDP
2023-10-26,26.2,22.8,29.3,6.0,75.2,68.0,9.9,1011.2,RIO
2023-10-27,24.9,22.9,29.0,17.2,59.3,157.0,22.3,1009.9,MAM
2023-10-28,25.3,23.1,31.4,7.6,58.7,235.0,10.8,1010.3,BALLE
2023-10-29,26.8,22.0,31.5,11.2,79.5,132.0,13.3,1006.2,JOBO
2023-10-30,26.9,21.6,31.7,22.4,78.1,183.0,20.8,1010.0,BAQ
2023-10-31,25.2,22.9,29.4,0.9,66.8,210.0,15.8,1011.1,CTG
2023-11-01,26.2,22.7,30.9,1.1,81.5,290.0,5.1,1005.4,STM
2023-11-02,24.6,22.8,29.4,15.9,69.8,8.0,22.4,1005.0,SIN
2023-11-03,25.6,21.9,30.4,3.0,77.2,301.0,7.5,1007.1,MTR
2023-11-04,26.6,23.0,30.6,13.7,59.0,64.0,6.9,1004.1,VDP
2023-11-05,26.5,22.3,30.2,28.1,69.8,228.0,12.6,1011.0,RIO
2023-11-06,26.9,22.6,30.4,1.1,71.0,70.0,18.5,1009.1,MAM
2023-11-07,27.0,21.6,30.8,2.6,79.2,340.0,24.3,1005.5,BALLE
2023-11-08,24.3,21.8,30.0,7.3,66.6,90.0,20.7,1010.2,JOBO
2023-11-09,26.7,22.0,31.7,7.3,78.5,89.0,21.0,1010.5,BAQ
2023-11-10,26.0,22.6,31.7,13.3,72.1,34.0,20.7,1007.7,CTG
2023-11-11,24.5,23.1,29.4,7.1,81.1,179.0,6.3,1009.7,STM
2023-11-12,25.6,22.4,31.1,27.3,78.5,104.0,5.9,1010.4,SIN
2023-11-13,26.4,21.7,32.0,0.2,75.0,208.0,9.7,1010.7,MTR
2023-11-14,26.4,23.2,29.9,13.2,75.5,133.0,13.8,1011.6,VDP
2023-11-15,25.3,21.9,29.5,11.0,58.5,72.0,11.3,1004.2,RIO
2023-11-16,25.1,22.1,31.4,7.8,63.5,344.0,17.7,1006.2,MAM
2023-11-17,25.6,23.6,30.6,22.3,73.2,92.0,11.6,1007.9,BALLE
2023-11-18,26.7,23.0,31.6,14.6,81.2,220.0,7.1,1005.2,JOBO
2023-11-19,24.6,22.8,31.4,5.2,72.1,340.0,6.9,1005.8,BAQ
2023-11-20,25.3,21.8,32.5,9.9,78.2,189.0,8.3,1008.3,CTG
2023-11-21,26.6,22.5,32.0,5.7,71.9,198.0,18.0,1005.4,STM
2023-11-22,24.8,22.0,31.5,10.9,76.0,286.0,11.0,1008.7,SIN
2023-11-23,26.4,22.8,30.6,19.6,74.8,32.0,18.4,1007.6,MTR
2023-11-24,25.6,23.5,31.3,14.5,59.1,96.0,8.7,1007.2,VDP
2023-11-25,26.6,22.1,31.0,7.3,71.6,117.0,20.0,1007.4,RIO
2023-11-26,27.0,23.7,30.3,11.5,59.4,256.0,22.1,1009.5,MAM
2023-11-27,25.5,22.6,32.3,7.4,66.8,251.0,10.0,1006.4,BALLE
2023-11-28,27.7,23.0,30.9,2.5,80.8,203.0,22.0,1006.4,JOBO
2023-11-29,25.2,23.6,32.2,0.2,64.7,214.0,5.1,1011.3,BAQ
2023-11-30,27.6,23.8,32.1,5.9,78.4,27.0,22.2,1006.5,CTG
2023-12-01,27.0,22.8,31.8,7.8,71.6,83.0,17.2,1007.7,STM
2023-12-02,25.1,22.2,30.8,37.6,59.3,351.0,18.5,1010.3,SIN
2023-12-03,27.4,23.1,31.8,1.9,76.2,216.0,24.3,1006.9,MTR
2023-12-04,27.2,22.5,33.0,4.5,62.6,344.0,21.8,1011.9,VDP
2023-12-05,25.6,22.6,30.6,3.9,76.9,139.0,7.4,1009.5,RIO
2023-12-06,27.9,23.3,33.0,12.7,74.2,213.0,17.8,1009.4,MAM
2023-12-07,27.9,23.5,31.4,9.7,58.5,12.0,15.4,1010.6,BALLE
2023-12-08,25.6,23.1,30.4,0.7,74.2,93.0,17.5,1007.9,JOBO
2023-12-09,27.8,24.2,32.7,0.5,80.0,152.0,5.4,1006.5,BAQ
2023-12-10,26.6,23.4,33.1,0.4,61.8,40.0,14.1,1004.8,CTG
2023-12-11,28.5,23.8,32.2,4.8,66.4,89.0,11.4,1007.4,STM
2023-12-12,28.1,24.2,32.4,6.0,60.1,135.0,5.3,1010.1,SIN
2023-12-13,27.8,23.4,31.4,9.2,75.7,341.0,16.6,1005.1,MTR
2023-12-14,26.9,22.7,32.8,5.5,60.0,81.0,23.3,1009.6,VDP
2023-12-15,25.8,23.8,33.2,12.5,60.7,58.0,5.2,1008.7,RIO
2023-12-16,26.9,23.9,30.8,11.8,63.2,130.0,8.9,1009.1,MAM
2023-12-17,28.6,23.4,32.2,6.8,79.7,316.0,12.9,1005.3,BALLE
2023-12-18,26.9,23.0,33.6,19.8,74.2,258.0,19.1,1011.5,JOBO
2023-12-19,26.1,22.9,33.8,2.8,72.2,6.0,18.2,1005.9,BAQ
2023-12-20,27.4,22.7,33.8,9.4,77.9,273.0,15.7,1010.3,CTG
2023-12-21,27.9,24.0,33.6,17.3,74.4,262.0,12.3,1006.7,STM
2023-12-22,26.1,23.0,31.1,17.5,63.8,183.0,19.7,1005.7,SIN
2023-12-23,28.4,23.2,32.8,6.6,77.3,35.0,12.3,1009.5,MTR
2023-12-24,27.1,24.6,32.3,17.3,63.9,20.0,24.4,1008.2,VDP
2023-12-25,26.9,23.4,32.9,0.0,72.1,281.0,12.8,1009.5,RIO
2023-12-26,26.6,24.1,33.6,17.7,74.6,335.0,13.3,1008.6,MAM
2023-12-27,28.6,24.7,34.2,1.0,80.4,71.0,24.0,1009.5,BALLE
2023-12-28,29.0,24.2,33.0,8.1,72.6,25.0,12.2,1011.1,JOBO
2023-12-29,27.4,23.2,33.5,9.1,75.9,160.0,21.1,1011.6,BAQ
2023-12-30,27.1,24.9,33.0,2.1,77.3,81.0,8.3,1010.1,CTG
2023-12-31,28.2,24.7,32.2,22.6,72.3,71.0,7.8,1007.2,STM
2023-01-01,28.8,23.8,32.3,2.0,58.8,284.0,12.4,1007.6,JOBO
2023-01-02,29.0,24.0,33.8,26.4,77.4,160.0,7.4,1008.9,BAQ
2023-01-03,26.8,24.8,33.3,1.6,68.6,273.0,17.8,1007.0,CTG
2023-01-04,26.9,23.6,33.8,17.3,76.4,305.0,12.1,1004.4,STM
2023-01-05,27.4,25.0,33.9,6.1,74.0,68.0,10.6,1010.6,SIN
2023-01-06,27.7,23.8,34.5,19.8,69.5,34.0,9.2,1008.0,MTR
2023-01-07,28.3,24.2,33.5,15.3,71.9,301.0,6.0,1010.9,VDP
2023-01-08,27.5,23.4,33.0,26.3,72.6,220.0,7.5,1011.4,RIO
2023-01-09,29.7,24.3,34.0,11.0,58.7,168.0,7.4,1009.0,MAM
2023-01-10,30.0,25.2,32.9,5.9,63.5,328.0,17.5,1005.7,BALLE
2023-01-11,29.3,24.2,34.0,17.2,76.7,233.0,23.7,1008.1,JOBO
2023-01-12,27.9,24.5,33.2,20.8,82.0,51.0,11.8,1010.9,BAQ
2023-01-13,27.5,25.0,33.7,6.4,61.4,91.0,23.2,1006.1,CTG
2023-01-14,30.1,24.6,34.4,4.0,69.7,60.0,12.8,1004.1,STM
2023-01-15,28.5,24.7,33.9,16.9,60.9,80.0,9.8,1007.0,SIN
2023-01-16,29.6,24.4,34.5,3.2,63.5,74.0,9.0,1008.7,MTR
2023-01-17,27.6,23.9,34.4,19.1,68.3,316.0,6.1,1004.6,VDP
2023-01-18,27.6,25.3,35.4,8.6,65.7,130.0,17.8,1007.2,RIO
2023-01-19,29.6,25.4,33.8,3.8,69.7,123.0,6.7,1010.5,MAM
2023-01-20,29.2,24.6,34.4,7.8,68.1,359.0,7.1,1009.3,BALLE
2023-01-21,29.5,24.1,33.2,19.2,80.6,50.0,22.0,1005.1,JOBO
2023-01-22,28.7,25.2,35.1,33.8,63.2,309.0,15.1,1004.2,BAQ
2023-01-23,28.3,25.3,33.2,0.1,62.1,88.0,19.0,1009.7,CTG
2023-01-24,28.1,24.7,34.2,7.2,82.4,2.0,16.0,1010.3,STM
2023-01-25,29.2,25.3,33.9,3.6,60.3,360.0,18.1,1011.2,SIN
2023-01-26,28.4,24.7,33.0,8.9,71.6,98.0,23.1,1009.0,MTR
2023-01-27,28.6,25.7,35.5,0.5,75.6,84.0,14.6,1005.6,VDP
2023-01-28,29.8,25.3,33.9,11.7,73.1,210.0,15.8,1006.4,RIO
2023-01-29,30.7,24.3,34.9,3.0,77.0,14.0,11.6,1011.4,MAM
2023-01-30,28.3,25.8,33.8,21.2,65.1,228.0,21.4,1005.6,BALLE
2023-01-31,30.4,24.5,35.8,8.9,57.8,47.0,9.7,1010.0,JOBO
2023-02-01,28.5,24.5,35.4,0.5,64.2,75.0,17.9,1009.4,BAQ
2023-02-02,30.9,24.4,34.7,4.6,69.7,79.0,7.7,1004.2,CTG
2023-02-03,30.9,24.4,33.8,7.8,74.0,173.0,15.9,1010.1,STM
2023-02-04,28.5,25.9,34.1,27.1,68.6,275.0,24.6,1009.8,SIN
2023-02-05,28.7,25.3,36.2,14.6,77.4,191.0,21.7,1008.2,MTR
2023-02-06,29.7,25.2,34.4,8.2,59.6,31.0,6.6,1008.5,VDP
2023-02-07,31.0,25.9,33.9,0.1,69.9,269.0,12.4,1011.4,RIO
2023-02-08,29.4,25.2,34.5,21.1,58.9,320.0,6.3,1008.0,MAM
2023-02-09,28.6,25.9,34.4,11.4,76.2,286.0,13.2,1006.2,BALLE
2023-02-10,31.4,25.8,35.3,5.2,79.9,199.0,11.7,1008.6,JOBO
2023-02-11,30.7,25.5,35.2,7.3,57.7,184.0,21.5,1010.3,BAQ
2023-02-12,30.2,24.9,35.4,6.6,78.6,225.0,8.0,1007.9,CTG
2023-02-13,28.6,25.0,35.3,1.6,81.1,333.0,18.6,1011.1,STM
2023-02-14,28.9,25.5,34.3,1.6,70.5,339.0,7.6,1011.9,SIN
2023-02-15,29.4,25.4,34.9,10.7,76.4,217.0,5.2,1009.2,MTR
2023-02-16,29.5,25.1,34.6,10.9,73.3,83.0,22.5,1010.2,VDP
2023-02-17,31.1,26.4,34.6,12.6,59.5,262.0,11.2,1008.5,RIO
2023-02-18,30.7,25.0,36.4,6.5,75.1,213.0,14.3,1009.1,MAM
2023-02-19,29.6,26.2,34.4,28.7,79.5,154.0,9.2,1007.5,BALLE
2023-02-20,31.2,26.1,36.3,14.1,82.4,80.0,8.5,1011.7,JOBO
2023-02-21,29.4,25.9,34.5,3.3,59.1,169.0,20.0,1005.9,BAQ
2023-02-22,29.4,24.8,34.8,7.9,80.9,277.0,16.8,1010.0,CTG
2023-02-23,30.0,26.0,34.9,1.9,65.8,114.0,13.0,1009.2,STM
2023-02-24,29.4,26.2,36.7,8.2,79.2,307.0,15.9,1007.8,SIN
2023-02-25,29.5,26.5,36.8,8.4,65.6,162.0,9.6,1010.3,MTR
2023-02-26,31.5,25.9,35.1,5.1,59.9,259.0,22.8,1006.5,VDP
2023-02-27,31.3,25.9,36.2,0.6,61.9,102.0,22.7,1010.3,RIO
2023-02-28,31.9,25.7,34.8,7.2,80.4,333.0,17.9,1008.7,MAM
2023-03-01,31.0,25.5,34.2,2.6,68.3,9.0,7.8,1004.1,BALLE
2023-03-02,30.5,26.4,35.3,1.6,77.2,184.0,5.2,1008.0,JOBO
2023-03-03,31.4,26.6,36.5,14.7,63.3,303.0,22.9,1009.7,BAQ
2023-03-04,30.7,24.9,36.7,14.8,65.5,283.0,5.1,1007.5,CTG
2023-03-05,30.6,26.4,35.4,1.3,76.1,263.0,14.1,1005.0,STM
2023-03-06,29.5,25.7,35.9,14.0,75.0,113.0,15.5,1007.4,SIN
2023-03-07,29.4,24.8,35.7,12.4,60.5,270.0,21.6,1011.4,MTR
2023-03-08,29.5,25.8,36.7,5.3,82.3,331.0,19.0,1004.9,VDP
2023-03-09,31.5,26.4,37.1,12.9,65.3,210.0,21.6,1010.6,RIO
2023-03-10,30.0,26.3,36.3,12.5,63.6,224.0,24.9,1005.6,MAM
2023-03-11,30.9,26.3,35.4,2.2,64.1,129.0,20.3,1007.2,BALLE
2023-03-12,30.0,26.4,37.3,18.3,70.1,304.0,9.9,1010.5,JOBO
2023-03-13,30.6,25.3,36.0,31.6,62.4,265.0,13.8,1010.7,BAQ
2023-03-14,29.6,26.9,36.8,15.6,69.7,322.0,16.7,1004.1,CTG
2023-03-15,30.6,25.9,36.4,0.6,65.3,98.0,23.0,1007.3,STM
2023-03-16,30.3,26.1,36.2,9.2,80.8,302.0,12.0,1006.3,SIN
2023-03-17,30.7,25.0,36.1,12.1,59.3,324.0,13.2,1005.9,MTR
2023-03-18,30.3,25.3,36.5,23.3,71.6,2.0,23.5,1011.7,VDP
2023-03-19,32.1,26.4,36.5,1.3,71.9,211.0,12.7,1011.8,RIO
2023-03-20,30.0,25.9,34.5,9.6,81.3,55.0,9.4,1011.4,MAM
2023-03-21,31.5,26.8,35.2,29.7,61.5,201.0,21.9,1008.5,BALLE
2023-03-22,30.7,25.6,34.9,33.6,65.9,159.0,8.0,1010.1,JOBO
2023-03-23,30.9,25.7,35.0,5.4,77.9,314.0,18.6,1010.0,BAQ
2023-03-24,30.6,25.5,35.4,6.3,69.1,244.0,21.1,1004.7,CTG
2023-03-25,32.2,26.1,34.5,31.5,79.0,266.0,19.0,1004.1,STM
2023-03-26,29.6,26.0,35.5,8.7,71.7,91.0,16.0,1011.0,SIN
2023-03-27,30.8,25.7,37.1,8.8,60.7,47.0,20.5,1006.3,MTR
2023-03-28,31.9,25.7,35.0,8.3,71.4,248.0,10.5,1007.2,VDP
2023-03-29,31.4,25.3,36.4,8.7,68.0,356.0,19.2,1004.6,RIO
2023-03-30,29.6,26.0,37.1,10.8,61.2,313.0,21.3,1010.2,MAM
2023-03-31,31.0,25.6,36.7,6.3,71.8,254.0,16.0,1008.1,BALLE
2023-04-01,30.6,25.2,35.9,0.5,61.1,139.0,19.8,1011.6,JOBO
2023-04-02,29.8,26.7,35.6,11.3,79.0,297.0,11.2,1005.4,BAQ
2023-04-03,30.8,26.8,36.9,22.7,81.5,122.0,20.7,1004.3,CTG
2023-04-04,30.8,26.8,36.4,0.9,61.7,355.0,18.7,1006.8,STM
2023-04-05,32.3,25.2,35.2,12.0,82.4,185.0,10.3,1008.3,SIN
2023-04-06,30.9,25.6,35.8,8.7,58.9,153.0,21.3,1011.8,MTR
2023-04-07,30.3,25.7,35.5,7.9,62.1,352.0,24.9,1005.2,VDP
2023-04-08,30.9,26.2,37.3,1.2,64.1,110.0,23.9,1005.8,RIO
2023-04-09,30.2,25.4,34.7,1.5,67.1,285.0,11.0,1011.0,MAM
2023-04-10,29.9,25.3,35.9,6.5,78.2,98.0,22.8,1005.3,BALLE
2023-04-11,31.3,25.3,35.4,25.0,66.9,31.0,11.6,1007.7,JOBO
2023-04-12,30.2,25.6,35.6,23.9,71.4,328.0,17.0,1006.4,BAQ
2023-04-13,31.0,26.6,35.6,22.7,66.8,109.0,9.7,1011.7,CTG
2023-04-14,30.7,25.6,34.5,14.7,62.2,61.0,15.1,1006.2,STM
2023-04-15,31.4,26.7,36.4,22.3,72.5,145.0,6.2,1010.1,SIN
2023-04-16,31.5,25.5,37.1,17.9,66.9,313.0,24.6,1007.3,MTR
2023-04-17,30.0,25.3,36.5,2.7,69.2,225.0,8.2,1007.6,VDP
2023-04-18,29.4,24.9,36.6,2.9,69.3,310.0,18.1,1006.5,RIO
2023-04-19,29.7,26.0,35.1,3.1,77.2,159.0,20.5,1008.0,MAM
2023-04-20,30.0,25.9,35.6,17.9,63.0,167.0,7.4,1007.5,BALLE
2023-04-21,31.3,25.5,36.2,3.8,65.3,76.0,13.1,1011.5,JOBO
2023-04-22,29.8,24.9,35.6,9.4,75.3,165.0,13.1,1011.4,BAQ
2023-04-23,32.2,25.3,37.2,1.6,60.8,246.0,14.8,1008.8,CTG
2023-04-24,30.6,25.5,35.4,8.0,59.2,19.0,22.6,1006.1,STM
2023-04-25,29.8,26.5,36.4,10.9,78.0,65.0,16.1,1009.2,SIN
2023-04-26,31.9,25.7,35.6,9.1,65.3,331.0,19.5,1006.7,MTR
2023-04-27,30.4,26.2,34.3,10.3,61.6,50.0,7.5,1004.7,VDP
2023-04-28,32.0,26.3,34.2,24.6,76.9,155.0,9.6,1008.1,RIO
2023-04-29,30.7,24.9,34.2,1.3,77.6,210.0,8.8,1006.2,MAM
2023-04-30,29.5,25.6,34.3,7.4,77.7,16.0,8.8,1011.2,BALLE
2023-05-01,30.5,24.8,34.7,10.4,77.3,348.0,23.6,1009.1,JOBO
2023-05-02,29.6,25.2,34.6,0.1,76.5,341.0,16.0,1006.2,BAQ
2023-05-03,30.6,25.9,36.5,10.7,66.3,153.0,21.4,1008.5,CTG
2023-05-04,31.5,26.2,34.8,14.7,67.0,315.0,24.3,1007.3,STM
2023-05-05,29.7,25.9,34.0,2.8,73.9,95.0,7.6,1006.6,SIN
2023-05-06,29.7,26.0,35.4,12.4,57.7,200.0,11.5,1009.8,MTR
2023-05-07,29.8,24.7,35.3,1.0,70.0,108.0,18.6,1011.4,VDP
2023-05-08,31.7,26.1,34.9,14.9,66.2,26.0,14.3,1009.7,RIO
2023-05-09,29.3,25.2,36.9,16.1,57.8,318.0,7.5,1005.4,MAM
2023-05-10,31.4,25.5,34.4,27.9,81.7,160.0,17.2,1010.4,BALLE
2023-05-11,29.0,25.7,36.7,34.3,77.4,209.0,18.3,1009.0,JOBO
2023-05-12,28.8,26.2,36.1,0.5,60.6,143.0,8.1,1008.2,BAQ
2023-05-13,30.4,25.0,34.6,29.7,58.8,245.0,23.0,1005.3,CTG
2023-05-14,31.2,24.7,36.4,11.4,63.8,104.0,13.1,1004.6,STM
2023-05-15,31.4,26.2,34.3,8.8,62.3,260.0,19.1,1009.0,SIN
2023-05-16,30.1,26.3,35.8,13.5,69.8,55.0,22.7,1009.6,MTR
2023-05-17,29.0,26.0,33.6,0.1,71.1,344.0,7.8,1009.3,VDP
2023-05-18,30.0,26.0,33.9,28.9,58.6,45.0,22.4,1004.2,RIO
2023-05-19,29.8,24.9,35.9,2.2,75.8,249.0,22.7,1007.6,MAM
2023-05-20,29.4,24.5,34.3,0.5,58.2,326.0,14.9,1004.8,BALLE
2023-05-21,29.4,26.0,33.6,4.0,60.2,358.0,14.9,1007.1,JOBO
2023-05-22,31.4,25.5,33.6,20.9,80.0,336.0,10.1,1005.8,BAQ
2023-05-23,29.4,26.1,34.1,18.5,82.4,217.0,13.4,1006.3,CTG
2023-05-24,30.9,25.8,35.7,5.9,79.8,80.0,18.1,1009.4,STM
2023-05-25,30.9,25.7,33.4,9.0,69.6,18.0,9.7,1008.7,SIN
2023-05-26,28.6,24.9,35.1,1.2,78.7,97.0,18.1,1007.9,MTR
2023-05-27,29.4,25.6,34.8,14.1,79.5,291.0,15.8,1010.8,VDP
2023-05-28,31.1,24.1,34.1,9.4,77.0,30.0,22.6,1004.7,RIO
2023-05-29,29.7,26.0,34.0,11.3,81.3,231.0,18.1,1007.4,MAM
2023-05-30,28.3,24.3,33.9,4.9,74.0,82.0,11.4,1007.6,BALLE
2023-05-31,28.5,25.6,35.6,7.4,61.7,71.0,21.8,1008.5,JOBO
2023-06-01,28.6,25.6,35.4,6.8,59.1,100.0,24.0,1011.3,BAQ
2023-06-02,28.1,25.0,33.2,10.4,58.0,226.0,20.5,1007.1,CTG
2023-06-03,30.7,24.0,35.0,4.7,82.4,22.0,16.3,1005.0,STM
2023-06-04,28.7,25.5,33.8,2.0,65.0,120.0,14.5,1007.3,SIN
2023-06-05,30.0,25.7,35.6,3.6,58.2,145.0,14.6,1009.4,MTR
2023-06-06,29.4,25.5,35.6,5.5,60.6,355.0,19.6,1011.1,VDP
2023-06-07,29.6,25.6,33.1,27.0,81.5,100.0,16.4,1005.7,RIO
2023-06-08,29.1,24.6,33.1,14.9,61.6,64.0,5.8,1009.9,MAM
2023-06-09,30.0,25.7,35.6,6.6,77.2,189.0,15.0,1008.8,BALLE
2023-06-10,28.3,24.5,35.3,3.7,70.0,151.0,10.6,1011.9,JOBO
2023-06-11,29.4,24.6,35.1,18.2,79.9,111.0,10.8,1007.6,BAQ
2023-06-12,28.4,25.5,33.6,0.5,61.8,57.0,12.3,1007.0,CTG
2023-06-13,27.6,24.1,35.2,21.5,70.8,57.0,16.8,1006.6,STM
2023-06-14,27.6,24.3,34.5,3.4,80.7,354.0,8.7,1007.1,SIN
2023-06-15,29.1,24.4,32.9,3.4,61.4,292.0,8.6,1007.7,MTR
2023-06-16,29.9,24.0,33.9,4.0,72.0,86.0,18.2,1007.9,VDP
2023-06-17,29.7,23.5,33.4,9.3,69.8,144.0,13.5,1010.1,RIO
2023-06-18,28.4,25.3,33.0,0.1,62.7,107.0,10.3,1011.4,MAM
2023-06-19,27.2,23.6,32.7,5.8,65.7,257.0,16.6,1007.2,BALLE
2023-06-20,27.6,24.1,33.7,11.9,71.2,123.0,18.6,1008.8,JOBO
2023-06-21,30.0,23.6,32.2,12.1,58.0,334.0,19.6,1007.0,BAQ
2023-06-22,27.1,24.8,34.4,10.1,65.8,10.0,14.6,1007.1,CTG
2023-06-23,27.2,24.5,34.7,15.3,62.4,48.0,15.0,1010.4,STM
2023-06-24,28.0,23.6,33.6,6.5,58.8,292.0,14.8,1010.2,SIN
2023-06-25,27.0,25.1,34.4,3.7,74.0,206.0,21.3,1008.1,MTR
2023-06-26,29.4,24.8,33.9,2.3,77.3,170.0,8.8,1011.1,VDP
2023-06-27,27.7,24.5,31.7,10.6,81.0,2.0,22.3,1008.0,RIO
2023-06-28,26.9,24.6,33.5,19.8,74.8,220.0,10.7,1010.4,MAM
2023-06-29,29.2,24.5,32.1,6.4,60.1,331.0,19.6,1009.3,BALLE
2023-06-30,26.9,23.9,33.8,0.0,69.9,298.0,21.7,1010.5,JOBO
2023-07-01,27.4,23.3,33.0,10.3,73.9,275.0,16.7,1010.8,BAQ
2023-07-02,27.8,24.8,33.8,1.8,64.2,164.0,11.0,1006.1,CTG
2023-07-03,28.3,23.0,31.8,0.2,71.8,224.0,20.4,1009.4,STM
2023-07-04,27.2,23.7,33.0,5.9,78.8,6.0,14.8,1005.0,SIN
2023-07-05,28.1,23.9,32.9,25.0,72.9,33.0,15.9,1007.5,MTR
2023-07-06,29.1,24.0,33.8,5.7,69.6,187.0,24.8,1006.8,VDP
2023-07-07,27.0,23.7,33.1,4.0,58.0,338.0,13.4,1005.8,RIO
2023-07-08,28.5,24.1,33.6,34.1,73.2,131.0,16.8,1011.5,MAM
2023-07-09,26.9,23.7,31.4,1.0,76.6,176.0,20.2,1011.9,BALLE
2023-07-10,28.7,23.9,33.7,15.6,77.1,81.0,11.5,1011.7,JOBO
2023-07-11,27.8,23.7,32.6,7.0,82.2,252.0,12.9,1010.3,BAQ
2023-07-12,27.9,24.6,32.8,26.1,78.6,313.0,10.6,1009.2,CTG
2023-07-13,27.8,23.2,32.3,11.8,58.2,46.0,14.3,1010.3,STM
2023-07-14,27.1,24.4,31.4,7.8,66.6,190.0,22.1,1009.5,SIN
2023-07-15,25.8,22.9,30.8,9.5,74.7,48.0,19.8,1009.1,MTR
2023-07-16,26.2,22.6,30.9,4.4,65.5,263.0,19.0,1005.7,VDP
2023-07-17,27.9,23.7,31.4,0.0,81.5,170.0,18.1,1009.3,RIO
2023-07-18,25.8,24.2,33.0,1.4,64.0,149.0,10.7,1007.1,MAM
2023-07-19,27.0,24.4,31.2,3.2,62.2,337.0,11.0,1011.4,BALLE
2023-07-20,27.0,22.5,30.9,9.1,78.3,60.0,5.9,1005.9,JOBO
2023-07-21,27.3,24.1,33.4,19.4,74.7,26.0,21.9,1010.5,BAQ
2023-07-22,27.0,23.4,31.0,6.0,75.5,211.0,15.9,1008.7,CTG
2023-07-23,27.4,23.6,31.5,3.1,65.6,136.0,10.6,1004.2,STM
2023-07-24,26.7,22.4,31.4,32.2,63.8,298.0,24.4,1006.0,SIN
2023-07-25,27.0,24.0,32.0,2.5,58.9,189.0,24.9,1011.3,MTR
2023-07-26,25.8,23.5,33.2,12.5,71.1,111.0,18.2,1006.1,VDP
2023-07-27,26.1,23.4,32.4,13.8,76.0,277.0,22.9,1004.9,RIO
2023-07-28,28.0,22.8,32.7,31.2,82.4,255.0,18.3,1011.4,MAM
2023-07-29,26.6,23.4,32.1,9.0,63.5,36.0,21.0,1006.8,BALLE
2023-07-30,26.8,23.4,32.7,0.4,79.5,36.0,6.2,1004.2,JOBO
2023-07-31,26.6,23.3,31.1,7.8,81.9,317.0,14.7,1007.9,BAQ
2023-08-01,25.8,23.7,32.3,13.9,66.7,316.0,22.1,1011.4,CTG
2023-08-02,27.9,22.4,30.5,7.0,77.0,264.0,5.9,1008.2,STM
2023-08-03,27.1,22.8,32.5,0.0,63.8,355.0,13.9,1005.9,SIN
2023-08-04,27.5,23.3,30.5,3.0,64.8,60.0,21.7,1006.4,MTR
2023-08-05,24.9,23.7,32.3,1.6,70.0,168.0,12.5,1007.0,VDP
2023-08-06,27.1,22.6,30.7,2.6,77.2,89.0,6.7,1011.7,RIO
2023-08-07,27.7,21.9,31.0,0.5,72.1,280.0,24.0,1006.8,MAM
2023-08-08,25.1,22.3,31.7,26.2,68.7,15.0,9.2,1008.2,BALLE
2023-08-09,26.2,22.2,32.0,21.0,73.0,194.0,17.3,1008.0,JOBO
2023-08-10,26.7,23.1,31.4,27.1,64.8,156.0,16.5,1008.5,BAQ
2023-08-11,25.9,23.5,32.3,0.4,67.3,22.0,13.6,1010.3,CTG
2023-08-12,25.4,23.1,30.2,0.5,57.5,276.0,23.2,1009.4,STM
2023-08-13,25.4,22.3,31.8,0.9,80.9,231.0,18.3,1008.9,SIN
2023-08-14,27.0,21.9,31.9,15.5,71.5,45.0,16.8,1004.8,MTR
2023-08-15,27.1,22.0,31.0,2.9,77.3,47.0,21.3,1010.7,VDP
2023-08-16,25.8,22.0,29.8,5.3,60.7,252.0,20.4,1008.2,RIO
2023-08-17,24.8,22.9,29.7,3.7,65.7,284.0,5.4,1009.3,MAM
2023-08-18,26.7,22.1,32.2,24.1,72.7,221.0,15.8,1008.9,BALLE
2023-08-19,24.4,21.8,30.6,6.8,67.6,280.0,19.8,1008.1,JOBO
2023-08-20,26.1,23.1,29.3,0.1,78.2,309.0,14.9,1004.2,BAQ
2023-08-21,27.0,22.8,31.5,10.2,79.4,31.0,9.2,1005.3,CTG
2023-08-22,26.2,22.9,29.6,8.9,70.5,252.0,12.4,1007.1,STM
2023-08-23,24.7,23.1,30.6,5.2,70.0,167.0,13.7,1005.2,SIN
2023-08-24,26.0,23.4,29.8,6.2,57.8,48.0,11.6,1009.6,MTR
2023-08-25,24.7,23.0,30.5,19.2,68.1,23.0,21.7,1007.3,VDP
2023-08-26,24.5,23.0,29.5,6.3,60.1,122.0,18.5,1007.2,RIO
2023-08-27,26.9,22.2,29.7,1.0,57.8,240.0,19.1,1011.9,MAM
2023-08-28,24.1,22.6,29.8,5.9,82.0,254.0,13.3,1009.9,BALLE
2023-08-29,24.7,21.6,29.2,1.1,73.3,358.0,11.1,1010.0,JOBO
2023-08-30,26.4,22.3,31.7,15.0,66.9,155.0,14.8,1011.5,BAQ
2023-08-31,24.1,22.2,30.5,18.6,77.4,212.0,8.4,1010.2,CTG
2023-09-01,26.5,21.6,30.6,4.3,79.7,98.0,18.3,1009.8,STM
2023-09-02,25.2,23.1,31.5,9.0,80.0,181.0,12.5,1005.2,SIN
2023-09-03,26.1,22.3,29.8,7.3,61.0,85.0,23.5,1009.7,MTR
2023-09-04,25.3,21.4,29.4,5.8,65.6,38.0,9.7,1007.6,VDP
2023-09-05,24.6,21.4,30.8,18.8,62.4,238.0,17.0,1008.5,RIO
2023-09-06,25.5,22.4,31.1,1.2,61.2,161.0,10.2,1005.8,MAM
2023-09-07,24.1,21.3,30.3,2.2,63.5,252.0,11.4,1005.5,BALLE
2023-09-08,26.6,21.9,31.5,0.0,72.1,216.0,6.4,1010.6,JOBO
2023-09-09,24.1,21.8,29.0,28.2,81.1,301.0,20.9,1010.0,BAQ
2023-09-10,26.1,21.7,28.9,12.4,77.7,78.0,20.0,1005.3,CTG
2023-09-11,25.7,22.3,29.8,0.2,73.6,13.0,17.5,1011.0,STM
2023-09-12,23.9,21.1,29.4,13.1,60.8,114.0,16.1,1005.2,SIN
2023-09-13,24.3,22.9,29.1,17.1,72.7,26.0,13.5,1008.8,MTR
2023-09-14,25.8,21.6,30.7,27.5,62.7,283.0,13.8,1007.1,VDP
2023-09-15,24.7,22.2,29.6,2.2,75.2,255.0,15.3,1005.6,RIO
2023-09-16,24.6,22.0,31.3,22.8,71.0,24.0,21.2,1006.1,MAM
2023-09-17,23.8,21.4,31.0,23.5,58.9,42.0,11.7,1004.3,BALLE
2023-09-18,25.5,22.1,31.1,2.3,75.0,97.0,20.9,1006.5,JOBO
2023-09-19,26.5,22.7,28.6,25.1,80.7,165.0,24.9,1009.7,BAQ
2023-09-20,23.7,22.7,29.3,29.2,61.6,98.0,10.6,1011.2,CTG
2023-09-21,23.6,22.2,29.1,0.5,72.9,182.0,23.5,1004.4,STM
2023-09-22,25.0,22.6,29.6,4.2,62.4,179.0,11.9,1008.1,SIN
2023-09-23,24.0,21.0,28.9,6.6,62.5,344.0,22.5,1009.4,MTR
2023-09-24,25.7,21.5,29.9,2.0,62.9,197.0,12.7,1008.4,VDP
2023-09-25,24.1,22.5,31.4,0.3,80.1,287.0,9.5,1009.0,RIO
2023-09-26,25.1,21.2,30.4,15.3,68.6,96.0,8.1,1010.6,MAM
2023-09-27,23.5,21.8,30.4,5.8,82.0,246.0,18.1,1011.7,BALLE
2023-09-28,25.8,22.7,29.5,14.8,76.8,107.0,11.4,1004.5,JOBO
2023-09-29,25.1,21.4,29.9,1.9,71.2,272.0,11.3,1007.6,BAQ
2023-09-30,25.4,22.5,29.7,6.3,63.3,87.0,10.8,1008.4,CTG
2023-10-01,24.0,22.3,28.8,25.0,73.4,166.0,20.1,1010.6,STM
2023-10-02,25.3,21.1,29.8,17.6,81.6,89.0,17.5,1009.8,SIN
2023-10-03,24.3,21.5,30.3,0.3,67.1,225.0,23.2,1006.1,MTR
2023-10-04,23.9,21.7,30.9,12.0,63.3,288.0,9.9,1011.6,VDP
2023-10-05,24.5,21.3,29.0,1.4,57.7,82.0,8.1,1009.9,RIO
2023-10-06,24.5,21.2,29.2,8.3,68.8,78.0,7.0,1011.2,MAM
2023-10-07,24.7,21.9,31.4,1.8,58.7,95.0,21.2,1009.3,BALLE
2023-10-08,26.1,21.5,30.7,1.7,63.1,102.0,21.2,1007.3,JOBO
2023-10-09,25.0,21.8,30.0,9.2,68.5,50.0,14.7,1011.5,BAQ
2023-10-10,26.1,23.0,30.2,12.0,59.8,247.0,10.6,1005.5,CTG
2023-10-11,24.6,22.8,30.3,17.5,80.5,228.0,20.4,1006.4,STM
2023-10-12,24.9,22.9,28.9,20.6,80.1,27.0,16.8,1004.4,SIN
2023-10-13,23.9,21.7,29.5,29.4,79.7,353.0,12.9,1008.6,MTR
2023-10-14,26.2,21.4,30.7,2.5,70.3,117.0,22.1,1004.8,VDP
2023-10-15,23.8,22.0,30.7,4.3,63.8,179.0,23.0,1010.3,RIO
2023-10-16,25.7,23.0,29.5,3.9,67.0,228.0,5.3,1009.3,MAM
2023-10-17,26.3,22.5,28.8,0.7,63.7,42.0,5.2,1010.4,BALLE
2023-10-18,24.7,21.8,28.7,13.5,58.9,309.0,19.8,1004.5,JOBO
2023-10-19,25.0,21.1,31.2,1.6,78.5,256.0,5.9,1009.2,BAQ
2023-10-20,24.8,22.7,31.7,34.1,82.1,19.0,22.0,1005.8,CTG
2023-10-21,25.5,22.6,30.7,21.0,59.8,50.0,22.1,1009.4,STM
2023-10-22,25.5,22.7,30.2,10.5,79.1,70.0,22.9,1009.7,SIN
2023-10-23,26.3,22.0,28.8,8.4,80.7,199.0,21.8,1011.3,MTR
2023-10-24,25.3,22.0,28.9,0.4,72.7,37.0,13.4,1005.0,VDP
2023-10-25,25.7,21.5,29.1,12.9,73.7,199.0,12.3,1006.8,RIO
2023-10-26,24.8,23.1,31.1,7.1,61.8,117.0,16.0,1007.5,MAM
2023-10-27,26.7,22.3,28.9,10.3,79.6,30.0,16.7,1005.3,BALLE
2023-10-28,25.2,23.0,30.9,21.5,62.3,270.0,20.4,1009.7,JOBO
2023-10-29,25.2,21.5,31.8,24.5,78.8,334.0,21.1,1007.5,BAQ
2023-10-30,24.7,22.0,31.1,1.2,65.9,74.0,20.2,1008.6,CTG
2023-10-31,24.4,23.0,31.4,12.5,63.3,113.0,10.9,1008.3,STM
2023-11-01,24.4,21.6,30.5,1.1,60.5,82.0,17.3,1008.6,SIN
2023-11-02,26.5,23.1,31.2,2.7,69.4,206.0,12.4,1010.3,MTR
2023-11-03,25.0,21.3,29.8,13.9,73.4,146.0,21.4,1004.8,VDP
2023-11-04,26.2,22.6,31.9,1.6,74.0,296.0,20.0,1007.8,RIO
2023-11-05,25.4,21.7,32.0,13.7,58.2,302.0,23.9,1009.9,MAM
2023-11-06,26.8,22.1,31.3,2.0,78.6,93.0,9.9,1011.1,BALLE
2023-11-07,25.9,22.1,31.8,5.9,59.1,158.0,12.1,1006.6,JOBO
2023-11-08,26.0,22.6,32.0,17.3,81.5,7.0,5.6,1010.7,BAQ
2023-11-09,24.5,22.7,31.8,2.6,59.7,325.0,23.8,1008.3,CTG
2023-11-10,24.8,21.8,29.4,12.7,69.3,50.0,15.1,1008.7,STM
2023-11-11,24.5,22.2,29.8,7.2,77.2,302.0,13.8,1009.5,SIN
2023-11-12,26.2,22.2,29.6,3.3,69.2,4.0,20.1,1011.6,MTR
2023-11-13,26.8,22.6,29.5,1.3,76.3,21.0,20.6,1010.0,VDP
2023-11-14,25.6,23.2,31.9,9.3,64.1,310.0,22.6,1010.9,RIO
2023-11-15,24.6,22.8,31.5,8.5,58.4,147.0,9.1,1006.7,MAM
2023-11-16,25.2,21.7,30.8,0.6,73.5,209.0,21.6,1010.6,BALLE
2023-11-17,25.0,21.9,31.6,8.4,71.4,231.0,18.9,1007.3,JOBO
2023-11-18,26.4,22.1,31.8,0.1,65.9,300.0,5.3,1006.0,BAQ
2023-11-19,25.8,21.8,30.9,29.0,60.6,68.0,16.1,1006.7,CTG
2023-11-20,27.3,22.7,32.5,0.5,78.2,210.0,15.6,1011.1,STM
2023-11-21,25.8,22.0,30.0,1.7,59.9,360.0,10.5,1010.8,SIN
2023-11-22,26.2,22.2,31.9,7.1,79.4,99.0,6.7,1006.5,MTR
2023-11-23,27.3,21.8,32.2,9.1,66.3,351.0,5.2,1004.1,VDP
2023-11-24,26.2,22.7,32.4,3.1,68.6,97.0,18.4,1009.0,RIO
2023-11-25,25.8,23.4,29.8,2.9,67.1,164.0,9.5,1004.2,MAM
2023-11-26,27.5,23.3,32.5,2.5,74.3,334.0,22.0,1009.0,BALLE
2023-11-27,26.4,22.5,30.1,0.5,82.5,266.0,9.8,1007.9,JOBO
2023-11-28,27.5,23.2,30.9,6.7,75.8,338.0,15.8,1005.1,BAQ
2023-11-29,25.9,23.9,31.2,0.1,71.2,315.0,17.9,1005.5,CTG
2023-11-30,27.6,22.2,30.3,12.2,71.5,216.0,18.3,1011.4,STM
2023-12-01,26.1,22.4,31.0,27.4,57.8,196.0,15.2,1005.8,SIN
2023-12-02,27.0,22.1,33.0,7.7,61.9,279.0,21.4,1008.8,MTR
2023-12-03,25.3,23.7,32.6,15.0,69.7,179.0,18.3,1009.5,VDP
2023-12-04,25.7,22.5,31.9,6.3,65.6,235.0,18.7,1010.7,RIO
2023-12-05,26.7,22.7,31.5,25.2,60.3,16.0,10.8,1005.5,MAM
2023-12-06,28.1,22.6,31.1,18.1,70.8,55.0,19.2,1008.8,BALLE
2023-12-07,25.7,24.1,32.0,4.5,76.5,354.0,17.1,1007.9,JOBO
2023-12-08,25.6,23.8,31.0,2.8,61.7,306.0,13.6,1009.9,BAQ
2023-12-09,26.0,23.1,31.6,6.9,73.4,341.0,16.8,1009.3,CTG
2023-12-10,25.6,24.2,30.8,19.1,59.4,99.0,6.0,1010.8,STM
2023-12-11,26.4,22.5,31.1,7.9,73.6,111.0,13.8,1004.2,SIN
2023-12-12,28.2,22.7,32.7,3.1,68.0,190.0,23.0,1005.8,MTR
2023-12-13,28.5,22.4,32.5,8.7,58.8,47.0,9.9,1004.6,VDP
2023-12-14,25.7,22.9,31.1,8.2,64.8,237.0,12.4,1010.4,RIO
2023-12-15,28.3,23.2,32.2,0.1,81.3,117.0,13.5,1008.8,MAM
2023-12-16,27.7,23.2,32.8,7.7,64.1,54.0,14.5,1007.5,BALLE
2023-12-17,26.4,23.9,32.2,1.1,80.2,286.0,13.6,1011.2,JOBO
2023-12-18,28.0,23.2,33.4,2.5,74.1,358.0,11.9,1005.4,BAQ
2023-12-19,27.7,24.1,33.8,1.2,65.1,131.0,23.0,1011.4,CTG
2023-12-20,26.6,23.7,32.7,17.5,79.8,175.0,18.3,1010.5,STM
2023-12-21,26.5,23.6,33.6,2.2,76.8,305.0,24.6,1004.7,SIN
2023-12-22,26.7,23.3,31.3,13.1,75.2,240.0,23.6,1008.0,MTR
2023-12-23,27.9,24.7,31.7,6.8,76.4,247.0,11.5,1009.0,VDP
2023-12-24,27.5,24.4,32.0,14.8,69.9,256.0,24.1,1005.3,RIO
2023-12-25,26.3,23.5,31.8,25.8,81.5,258.0,9.0,1009.5,MAM
2023-12-26,26.7,24.0,32.8,23.9,70.9,127.0,7.5,1005.4,BALLE
2023-12-27,28.0,24.8,32.6,9.5,72.3,219.0,15.3,1011.9,JOBO
2023-12-28,29.0,23.2,33.7,18.5,80.4,348.0,5.1,1005.6,BAQ
2023-12-29,27.4,23.9,33.6,5.2,81.1,287.0,10.1,1011.5,CTG
2023-12-30,26.6,25.0,31.8,5.0,71.1,267.0,9.2,1011.3,STM
2023-12-31,28.2,23.4,31.7,5.5,78.3,323.0,6.0,1010.8,SIN
2023-01-01,29.1,24.5,32.7,4.1,62.8,292.0,8.1,1008.6,BAQ
2023-01-02,26.8,23.7,33.1,4.5,76.2,349.0,15.1,1004.1,CTG
2023-01-03,29.2,23.1,33.5,3.1,71.8,193.0,22.0,1005.6,STM
2023-01-04,27.7,24.7,33.6,1.7,61.5,26.0,7.3,1009.0,SIN
2023-01-05,29.7,24.2,33.4,0.2,62.4,325.0,5.6,1007.6,MTR
2023-01-06,29.6,24.4,33.8,0.1,64.7,6.0,9.7,1008.7,VDP
2023-01-07,29.1,24.9,33.3,8.6,60.8,209.0,14.5,1008.9,RIO
2023-01-08,29.7,24.7,32.3,4.8,73.9,298.0,8.0,1004.3,MAM
2023-01-09,29.1,24.4,33.9,11.7,66.9,37.0,12.2,1009.9,BALLE
2023-01-10,28.9,24.1,34.6,7.9,63.8,309.0,15.3,1005.8,JOBO
2023-01-11,27.8,23.9,34.9,0.3,66.7,187.0,15.0,1006.3,BAQ
2023-01-12,27.5,25.0,35.0,1.3,66.6,339.0,22.6,1010.3,CTG
2023-01-13,30.0,23.8,32.9,3.9,67.6,253.0,15.7,1011.0,STM
2023-01-14,28.2,25.2,34.3,3.4,62.7,93.0,16.7,1011.1,SIN
2023-01-15,27.8,23.8,33.3,28.2,67.3,342.0,10.5,1004.8,MTR
2023-01-16,30.1,23.8,34.1,10.8,73.9,269.0,13.6,1007.7,VDP
2023-01-17,29.7,25.4,33.0,0.4,59.8,280.0,23.0,1012.0,RIO
2023-01-18,29.1,25.4,33.3,27.8,77.2,301.0,10.2,1004.9,MAM
2023-01-19,30.0,25.2,35.5,18.6,61.9,66.0,22.1,1008.8,BALLE
2023-01-20,28.0,25.6,33.5,7.3,75.3,199.0,15.8,1010.4,JOBO
2023-01-21,29.6,24.1,35.3,17.7,70.1,102.0,6.0,1008.2,BAQ
2023-01-22,28.9,23.8,34.7,4.7,58.2,324.0,20.4,1007.4,CTG
2023-01-23,28.7,24.6,35.6,14.9,57.8,273.0,12.2,1004.0,STM
2023-01-24,28.2,24.1,34.4,2.0,80.6,192.0,5.9,1007.7,SIN
2023-01-25,28.6,25.6,35.1,2.1,79.3,206.0,22.3,1009.3,MTR
2023-01-26,28.7,24.0,35.0,2.4,58.6,344.0,12.3,1008.3,VDP
2023-01-27,30.0,24.9,35.2,11.1,59.3,322.0,23.0,1006.4,RIO
2023-01-28,28.1,24.4,34.7,2.4,60.0,294.0,21.0,1007.8,MAM
2023-01-29,30.5,24.8,33.8,11.3,59.6,189.0,14.5,1005.8,BALLE
2023-01-30,28.5,24.2,34.1,8.6,61.4,194.0,15.8,1011.1,JOBO
2023-01-31,30.0,24.9,34.3,20.5,60.9,128.0,18.9,1009.9,BAQ
2023-02-01,28.9,26.0,35.5,19.3,63.0,154.0,6.4,1008.4,CTG
2023-02-02,30.9,25.8,34.5,3.3,69.0,349.0,15.7,1011.5,STM
2023-02-03,30.0,25.9,33.6,9.4,72.9,38.0,9.3,1009.2,SIN
2023-02-04,29.3,25.7,34.3,26.4,63.1,128.0,10.1,1006.8,MTR
2023-02-05,31.0,24.2,33.8,16.9,64.6,161.0,16.9,1004.7,VDP
2023-02-06,31.2,24.4,35.5,25.5,74.8,119.0,6.5,1007.1,RIO
2023-02-07,28.8,24.7,36.3,6.3,68.1,336.0,21.0,1008.6,MAM
2023-02-08,31.3,24.3,36.0,11.7,59.9,204.0,16.8,1004.8,BALLE
2023-02-09,30.3,24.6,35.0,4.8,70.1,208.0,5.9,1007.5,JOBO
2023-02-10,29.0,24.5,35.7,8.8,77.7,42.0,14.9,1011.3,BAQ
2023-02-11,29.7,26.1,35.3,18.4,79.0,225.0,20.2,1010.4,CTG
2023-02-12,29.5,24.9,33.6,8.3,67.7,67.0,12.4,1008.7,STM
2023-02-13,28.7,25.1,35.0,0.2,70.8,167.0,22.1,1007.1,SIN
2023-02-14,30.7,25.1,33.6,0.5,78.9,26.0,7.8,1011.6,MTR
2023-02-15,29.1,26.0,35.2,6.8,76.3,202.0,22.9,1007.6,VDP
2023-02-16,29.3,24.6,34.0,20.5,80.5,168.0,23.2,1007.2,RIO
2023-02-17,30.9,24.7,35.2,25.2,70.5,114.0,10.3,1004.1,MAM
2023-02-18,29.2,26.5,36.4,1.9,80.6,264.0,16.7,1007.9,BALLE
2023-02-19,30.3,24.9,34.0,18.8,65.5,270.0,17.7,1007.4,JOBO
2023-02-20,29.8,24.7,36.5,13.8,77.1,227.0,15.6,1010.3,BAQ
2023-02-21,31.5,26.3,35.6,13.0,68.7,84.0,23.9,1006.4,CTG
2023-02-22,29.5,25.2,35.2,35.6,60.8,204.0,10.6,1011.2,STM
2023-02-23,29.6,25.0,35.8,14.7,81.6,347.0,10.4,1011.9,SIN
2023-02-24,30.8,25.9,36.3,10.1,79.7,183.0,21.3,1007.6,MTR
2023-02-25,31.2,25.3,35.7,18.7,57.8,263.0,5.8,1005.8,VDP
2023-02-26,31.1,25.6,35.1,9.1,79.8,31.0,10.7,1011.1,RIO
2023-02-27,31.0,26.0,35.4,26.9,72.3,329.0,16.0,1009.8,MAM
2023-02-28,31.1,26.1,35.5,16.8,72.6,149.0,8.2,1008.6,BALLE
2023-03-01,32.0,25.9,36.3,7.2,73.8,50.0,8.2,1007.9,JOBO
2023-03-02,32.0,24.8,35.5,0.1,77.3,183.0,23.7,1010.3,BAQ
2023-03-03,30.7,26.2,37.1,10.3,81.5,225.0,22.3,1004.7,CTG
2023-03-04,29.4,25.1,37.1,9.6,61.7,233.0,18.1,1007.7,STM
2023-03-05,32.0,26.2,36.2,13.4,68.4,281.0,24.2,1010.9,SIN
2023-03-06,31.3,25.3,37.0,0.9,65.6,135.0,22.5,1010.4,MTR
2023-03-07,31.6,25.0,35.1,2.7,72.0,135.0,21.1,1008.0,VDP
2023-03-08,30.8,26.3,36.3,13.5,60.2,249.0,20.7,1008.3,RIO
2023-03-09,30.6,26.8,36.9,16.4,76.7,289.0,10.2,1008.4,MAM
2023-03-10,31.0,26.7,36.2,9.2,75.6,228.0,17.3,1006.1,BALLE
2023-03-11,29.9,25.9,34.5,30.1,81.9,286.0,9.1,1011.6,JOBO
2023-03-12,31.5,25.2,36.9,35.2,61.3,144.0,9.3,1004.2,BAQ
2023-03-13,30.1,25.4,36.5,23.2,61.5,42.0,6.0,1006.3,CTG
2023-03-14,32.2,26.1,36.5,4.4,59.1,164.0,22.3,1009.9,STM
2023-03-15,30.1,25.4,36.0,9.3,74.7,1.0,8.5,1006.2,SIN
2023-03-16,30.4,25.8,34.7,2.8,58.3,79.0,24.8,1009.7,MTR
2023-03-17,30.4,25.6,37.1,3.0,76.0,201.0,19.5,1009.8,VDP
2023-03-18,31.3,26.7,36.8,13.4,63.4,304.0,24.0,1006.7,RIO
2023-03-19,31.4,25.9,37.3,21.9,75.2,140.0,7.1,1005.5,MAM
2023-03-20,30.9,26.6,37.2,4.8,71.0,168.0,8.1,1005.9,BALLE
2023-03-21,30.0,25.8,36.2,0.7,76.1,242.0,6.7,1009.8,JOBO
2023-03-22,31.7,25.3,36.1,18.5,57.7,28.0,21.1,1006.0,BAQ
2023-03-23,29.6,26.5,35.7,6.8,73.7,6.0,18.0,1008.5,CTG
2023-03-24,31.2,25.5,36.6,0.1,60.9,154.0,19.1,1004.7,STM
2023-03-25,29.6,26.9,34.6,5.6,64.7,70.0,7.0,1006.5,SIN
2023-03-26,31.5,25.4,35.6,1.4,74.9,67.0,10.4,1004.5,MTR
2023-03-27,31.4,25.3,36.6,3.3,71.9,220.0,11.9,1005.8,VDP
2023-03-28,32.0,25.6,36.3,0.9,58.1,143.0,17.6,1010.5,RIO
2023-03-29,30.9,25.8,37.2,19.7,75.5,110.0,19.2,1008.4,MAM
2023-03-30,30.3,26.9,37.1,0.9,68.9,154.0,9.9,1004.6,BALLE
2023-03-31,30.3,25.9,37.1,30.6,62.1,232.0,16.9,1009.2,JOBO
2023-04-01,30.0,26.5,35.5,19.4,60.1,35.0,24.2,1005.7,BAQ
2023-04-02,31.3,25.4,37.0,1.0,71.1,244.0,14.6,1005.1,CTG
2023-04-03,31.1,26.5,36.2,6.6,59.7,316.0,6.9,1006.9,STM
2023-04-04,29.7,26.8,35.1,31.2,70.9,194.0,15.9,1012.0,SIN
2023-04-05,31.9,25.6,36.9,28.0,79.1,213.0,8.3,1006.3,MTR
2023-04-06,32.4,26.3,36.3,0.0,65.9,83.0,19.2,1005.8,VDP
2023-04-07,29.7,25.7,37.1,12.1,72.4,83.0,16.0,1010.7,RIO
2023-04-08,30.9,27.0,37.4,15.7,71.5,101.0,15.9,1004.3,MAM
2023-04-09,31.9,25.3,37.1,4.3,70.0,39.0,8.5,1004.9,BALLE
2023-04-10,31.0,26.4,37.2,8.8,63.7,8.0,20.1,1007.3,JOBO
2023-04-11,29.5,25.8,35.0,7.8,75.4,293.0,16.2,1011.9,BAQ
2023-04-12,29.5,26.8,36.6,5.6,62.4,246.0,8.6,1007.0,CTG
2023-04-13,30.0,25.6,35.7,5.5,74.0,301.0,23.2,1009.0,STM
2023-04-14,32.1,26.1,35.7,24.2,59.1,124.0,9.7,1004.5,SIN
2023-04-15,32.1,25.7,35.7,9.6,64.5,228.0,11.2,1011.1,MTR
2023-04-16,30.7,26.2,35.8,4.4,79.2,40.0,19.0,1009.9,VDP
2023-04-17,31.7,25.6,34.6,13.9,65.6,84.0,14.0,1004.3,RIO
2023-04-18,30.6,25.1,36.9,3.0,72.2,218.0,14.2,1005.6,MAM
2023-04-19,30.4,26.3,35.5,0.5,63.5,156.0,7.4,1009.4,BALLE
2023-04-20,32.3,26.0,35.0,6.0,62.0,187.0,19.7,1010.7,JOBO
2023-04-21,29.7,25.6,35.3,10.5,64.1,242.0,13.0,1004.5,BAQ
2023-04-22,31.2,26.7,36.6,2.9,76.6,105.0,24.0,1011.6,CTG
2023-04-23,30.1,26.7,35.7,1.0,72.0,147.0,9.1,1008.4,STM
2023-04-24,31.4,26.1,34.7,1.0,76.9,252.0,9.8,1007.2,SIN
2023-04-25,30.5,26.5,34.7,6.1,69.7,67.0,18.9,1007.7,MTR
2023-04-26,30.4,25.5,36.8,0.5,66.2,199.0,10.4,1010.4,VDP
2023-04-27,30.0,25.4,34.5,6.5,75.1,26.0,14.8,1006.4,RIO
2023-04-28,29.7,25.9,36.7,24.2,73.5,183.0,16.8,1008.4,MAM
2023-04-29,30.4,24.9,36.5,24.4,78.3,303.0,16.1,1006.8,BALLE
2023-04-30,30.6,26.7,36.0,2.0,76.0,5.0,19.8,1010.5,JOBO
2023-05-01,31.9,24.9,35.1,1.5,67.7,151.0,19.4,1006.5,BAQ
2023-05-02,31.2,25.1,34.5,3.9,68.9,27.0,16.9,1011.5,CTG
2023-05-03,30.3,26.1,34.2,4.8,66.4,66.0,9.2,1009.3,STM
2023-05-04,31.0,24.8,34.3,15.3,68.9,258.0,21.6,1007.5,SIN
2023-05-05,31.9,25.8,35.1,3.6,58.2,173.0,12.8,1009.4,MTR
2023-05-06,30.7,26.4,36.7,0.6,65.2,46.0,18.2,1007.6,VDP
2023-05-07,29.5,25.5,36.6,4.6,62.4,33.0,20.1,1004.8,RIO
2023-05-08,30.5,25.0,36.2,15.1,81.6,330.0,15.2,1004.4,MAM
2023-05-09,29.6,26.0,36.2,37.1,80.7,294.0,17.0,1008.8,BALLE
2023-05-10,31.8,24.6,35.6,12.0,76.8,334.0,23.6,1008.9,JOBO
2023-05-11,29.0,25.0,36.2,0.2,58.8,37.0,17.0,1006.8,BAQ
2023-05-12,31.3,24.6,36.0,7.1,59.3,332.0,16.6,1011.8,CTG
2023-05-13,30.6,26.3,35.3,16.9,71.5,281.0,20.7,1010.7,STM
2023-05-14,30.5,25.3,35.6,30.5,77.3,312.0,16.3,1004.6,SIN
2023-05-15,28.9,25.0,35.5,0.3,66.7,64.0,6.0,1005.8,MTR
2023-05-16,28.8,25.3,34.2,4.8,73.5,31.0,17.0,1005.0,VDP
2023-05-17,31.4,25.3,36.2,3.2,71.6,55.0,11.0,1009.2,RIO
2023-05-18,30.8,26.2,35.9,7.1,78.3,356.0,23.8,1011.2,MAM
2023-05-19,31.2,26.2,34.7,4.7,59.7,49.0,11.8,1004.5,BALLE
2023-05-20,28.8,25.1,34.4,6.3,78.8,274.0,10.6,1005.9,JOBO
2023-05-21,31.1,25.0,34.6,3.4,77.1,22.0,22.9,1005.4,BAQ
2023-05-22,30.2,26.2,34.1,34.2,71.2,176.0,10.1,1008.0,CTG
2023-05-23,30.4,25.5,34.8,16.2,61.9,261.0,9.9,1009.2,STM
2023-05-24,29.3,25.5,34.9,6.9,80.0,247.0,19.9,1007.5,SIN
2023-05-25,30.3,24.3,34.4,13.3,79.4,281.0,21.4,1007.7,MTR
2023-05-26,28.5,25.3,35.9,2.6,77.1,88.0,23.2,1004.9,VDP
2023-05-27,31.2,24.7,35.4,5.8,61.7,148.0,8.6,1005.0,RIO
2023-05-28,29.9,25.6,33.3,15.6,69.2,104.0,6.1,1009.9,MAM
2023-05-29,29.2,24.1,36.1,6.3,64.5,117.0,7.3,1007.4,BALLE
2023-05-30,30.7,25.5,33.2,5.6,59.1,53.0,5.5,1009.2,JOBO
2023-05-31,29.2,24.7,34.2,12.9,79.1,235.0,16.6,1008.3,BAQ
2023-06-01,29.4,25.5,34.3,4.8,76.4,216.0,17.3,1006.4,CTG
2023-06-02,29.8,25.0,34.9,5.9,70.8,180.0,20.1,1010.3,STM
2023-06-03,28.3,25.9,34.6,1.1,63.7,101.0,17.4,1011.0,SIN
2023-06-04,28.5,23.9,33.9,7.7,68.9,179.0,23.2,1009.7,MTR
2023-06-05,30.3,23.9,32.9,1.4,67.2,342.0,23.2,1010.6,VDP
2023-06-06,29.4,24.2,33.7,7.7,72.9,176.0,5.7,1010.0,RIO
2023-06-07,28.2,23.9,33.2,20.6,60.4,246.0,23.1,1007.0,MAM
2023-06-08,28.0,24.6,34.4,19.1,77.3,59.0,23.2,1009.3,BALLE
2023-06-09,28.6,25.7,34.3,2.0,58.8,216.0,20.2,1006.7,JOBO
2023-06-10,28.4,25.0,35.0,13.1,80.4,56.0,22.5,1006.9,BAQ
2023-06-11,28.5,25.0,33.2,0.7,62.3,147.0,9.9,1004.4,CTG
2023-06-12,29.0,24.7,34.9,21.8,61.3,134.0,10.6,1010.2,STM
2023-06-13,29.3,24.8,33.0,3.8,62.8,173.0,12.2,1007.5,SIN
2023-06-14,27.5,23.8,33.9,2.2,77.2,276.0,22.7,1005.3,MTR
2023-06-15,28.6,24.1,34.1,9.0,67.5,130.0,16.3,1009.2,VDP
2023-06-16,29.8,25.5,32.7,24.9,59.9,137.0,5.3,1010.2,RIO
2023-06-17,28.8,23.9,33.8,3.0,79.9,256.0,23.3,1006.3,MAM
2023-06-18,28.7,25.2,33.1,3.5,74.0,288.0,15.8,1011.6,BALLE
2023-06-19,29.8,24.4,32.9,5.8,64.0,64.0,19.6,1009.4,JOBO
2023-06-20,28.0,24.9,34.1,8.5,79.6,158.0,23.4,1008.8,BAQ
2023-06-21,29.8,24.4,32.2,16.8,70.4,285.0,24.1,1006.5,CTG
2023-06-22,27.9,24.5,34.3,19.9,73.9,274.0,6.1,1009.7,STM
2023-06-23,28.9,24.7,34.8,5.0,69.4,218.0,21.4,1008.0,SIN
2023-06-24,28.8,25.3,32.3,29.4,81.8,234.0,9.8,1008.5,MTR
2023-06-25,28.0,24.1,34.3,7.1,61.4,286.0,12.6,1004.7,VDP
2023-06-26,29.2,24.1,31.9,4.6,67.7,33.0,18.3,1009.9,RIO
2023-06-27,28.9,23.3,32.4,11.4,67.1,44.0,17.1,1004.3,MAM
2023-06-28,27.9,24.4,34.1,2.7,73.6,189.0,10.7,1006.9,BALLE
2023-06-29,29.1,24.9,34.5,4.0,59.3,214.0,12.6,1004.3,JOBO
2023-06-30,28.4,23.4,33.2,0.5,58.0,62.0,6.6,1009.5,BAQ
2023-07-01,29.3,23.4,32.6,4.2,61.8,151.0,10.9,1004.1,CTG
2023-07-02,29.0,24.3,31.8,36.0,81.3,310.0,18.0,1004.4,STM
2023-07-03,27.8,23.7,33.2,19.6,59.3,74.0,20.4,1008.0,SIN
2023-07-04,26.5,23.6,31.4,2.3,77.2,156.0,14.3,1007.9,MTR
2023-07-05,27.9,24.1,33.9,5.8,78.3,140.0,10.1,1011.3,VDP
2023-07-06,27.7,23.0,33.6,13.3,66.0,196.0,11.5,1005.5,RIO
2023-07-07,26.6,22.8,34.1,7.7,77.5,168.0,12.4,1011.9,MAM
2023-07-08,26.6,24.7,33.0,7.9,77.0,79.0,23.8,1010.9,BALLE
2023-07-09,27.4,23.4,31.9,9.3,59.3,89.0,22.6,1006.6,JOBO
2023-07-10,27.1,24.4,31.1,10.5,80.7,259.0,16.7,1007.8,BAQ
2023-07-11,26.5,23.3,33.9,9.6,81.4,252.0,6.6,1004.1,CTG
2023-07-12,26.9,23.2,31.3,28.0,71.8,141.0,7.5,1008.8,STM
2023-07-13,26.9,23.4,33.0,32.1,67.1,166.0,13.9,1010.4,SIN
2023-07-14,27.1,23.8,31.0,10.9,71.1,44.0,21.8,1007.2,MTR
2023-07-15,28.6,23.7,32.6,6.2,77.9,82.0,24.1,1009.5,VDP
2023-07-16,26.0,23.0,33.4,8.4,72.4,48.0,13.2,1005.0,RIO
2023-07-17,28.7,22.7,33.4,15.0,61.8,170.0,7.2,1009.4,MAM
2023-07-18,27.3,23.7,31.9,18.9,73.4,318.0,9.5,1008.1,BALLE
2023-07-19,26.7,24.2,32.0,8.9,69.4,125.0,10.0,1004.8,JOBO
2023-07-20,28.3,23.7,33.0,12.0,79.9,233.0,19.2,1005.0,BAQ
2023-07-21,26.4,23.8,31.1,3.9,80.8,266.0,21.2,1005.0,CTG
2023-07-22,28.1,23.8,32.1,0.3,71.8,58.0,20.9,1009.6,STM
2023-07-23,27.5,22.4,32.0,24.6,78.2,239.0,9.6,1005.4,SIN
2023-07-24,25.8,23.0,33.0,29.7,73.0,324.0,20.9,1007.3,MTR
2023-07-25,27.0,22.7,31.4,0.2,81.0,210.0,5.3,1005.3,VDP
2023-07-26,26.4,23.7,30.4,10.6,59.1,36.0,9.9,1005.5,RIO
2023-07-27,27.2,22.5,32.9,16.1,64.3,332.0,18.3,1010.5,MAM
2023-07-28,28.1,23.0,30.8,9.1,71.8,141.0,21.8,1008.3,BALLE
2023-07-29,25.2,23.7,30.7,1.7,70.3,43.0,10.3,1004.4,JOBO
2023-07-30,26.3,23.6,30.7,0.0,72.1,36.0,22.7,1011.8,BAQ
2023-07-31,26.6,23.2,30.7,10.8,65.6,181.0,22.1,1004.1,CTG
2023-08-01,26.0,22.7,32.1,2.8,78.3,162.0,17.4,1007.9,STM
2023-08-02,25.9,22.0,31.3,0.1,81.8,11.0,24.2,1011.4,SIN
2023-08-03,26.0,22.0,31.6,17.2,73.6,62.0,6.9,1009.9,MTR
2023-08-04,25.2,22.0,30.5,1.3,64.7,216.0,18.2,1011.5,VDP
2023-08-05,26.1,23.5,30.4,4.0,64.6,23.0,11.3,1011.4,RIO
2023-08-06,25.4,23.5,31.0,4.3,69.3,252.0,11.2,1007.0,MAM
2023-08-07,26.1,22.6,32.1,12.0,81.6,355.0,22.3,1007.5,BALLE
2023-08-08,26.0,22.1,29.9,0.1,81.9,157.0,7.4,1008.2,JOBO
2023-08-09,26.3,23.0,31.6,9.9,66.6,217.0,23.4,1007.2,BAQ
2023-08-10,25.8,23.0,30.8,2.4,73.7,166.0,20.9,1006.2,CTG
2023-08-11,25.1,23.0,31.7,5.1,63.1,123.0,17.5,1009.7,STM
2023-08-12,25.0,23.6,31.9,1.2,70.9,318.0,14.6,1005.3,SIN
2023-08-13,25.5,22.1,32.5,18.8,60.9,168.0,20.6,1006.0,MTR
2023-08-14,27.3,22.6,31.0,13.8,70.4,327.0,24.5,1008.7,VDP
2023-08-15,25.2,23.3,30.0,13.5,82.3,124.0,6.7,1005.5,RIO
2023-08-16,26.4,22.7,31.3,0.8,76.3,184.0,21.3,1004.8,MAM
2023-08-17,27.2,21.7,31.3,17.8,74.6,152.0,15.5,1005.2,BALLE
2023-08-18,26.5,22.9,32.2,14.9,74.2,148.0,18.9,1006.8,JOBO
2023-08-19,24.4,22.1,30.1,7.6,69.4,269.0,16.7,1006.7,BAQ
2023-08-20,25.6,22.7,30.2,35.1,64.8,8.0,24.4,1009.7,CTG
2023-08-21,24.5,23.1,29.9,34.7,78.7,298.0,16.1,1007.8,STM
2023-08-22,26.4,21.8,29.7,0.8,57.9,117.0,19.2,1005.3,SIN
2023-08-23,27.0,22.4,30.2,17.8,82.3,236.0,9.2,1011.9,MTR
2023-08-24,24.2,21.6,30.1,1.4,81.8,296.0,16.9,1010.5,VDP
2023-08-25,25.1,23.1,31.0,12.8,58.7,343.0,9.9,1010.0,RIO
2023-08-26,26.9,22.3,29.8,14.7,65.6,176.0,16.5,1006.5,MAM
2023-08-27,25.7,22.2,31.5,6.2,64.7,240.0,17.9,1010.6,BALLE
2023-08-28,26.5,22.8,29.6,20.2,71.8,242.0,6.8,1005.5,JOBO
2023-08-29,26.5,22.5,29.4,25.9,73.9,114.0,24.6,1007.7,BAQ
2023-08-30,24.6,21.4,29.5,12.1,78.1,233.0,5.1,1008.9,CTG
2023-08-31,25.0,22.0,29.1,11.3,70.2,296.0,12.0,1004.6,STM
2023-09-01,26.3,23.1,29.3,19.8,72.4,189.0,17.3,1011.7,SIN
2023-09-02,25.2,22.6,29.8,12.6,66.7,29.0,23.8,1011.7,MTR
2023-09-03,25.8,22.9,29.7,17.6,61.7,77.0,18.0,1007.6,VDP
2023-09-04,25.3,21.9,31.4,5.0,65.2,85.0,14.6,1007.0,RIO
2023-09-05,25.4,21.9,30.7,24.4,79.6,108.0,22.8,1008.5,MAM
2023-09-06,26.4,23.0,30.8,3.1,58.3,28.0,22.7,1007.8,BALLE
2023-09-07,24.8,22.1,31.5,7.8,74.2,21.0,10.4,1011.1,JOBO
2023-09-08,25.1,21.4,31.7,5.3,75.4,206.0,9.6,1007.3,BAQ
2023-09-09,24.3,23.0,30.7,20.4,72.5,356.0,15.9,1008.3,CTG
2023-09-10,23.7,22.3,29.2,4.0,76.0,143.0,19.7,1008.7,STM
2023-09-11,25.5,21.9,28.7,1.7,63.6,131.0,19.2,1008.2,SIN
2023-09-12,24.2,21.4,30.6,6.4,75.8,169.0,5.1,1009.9,MTR
2023-09-13,25.1,23.0,30.5,11.9,78.8,121.0,13.4,1004.2,VDP
2023-09-14,25.0,21.1,29.3,0.7,70.5,298.0,14.7,1005.1,RIO
2023-09-15,25.5,21.8,30.3,13.1,63.4,298.0,7.4,1010.4,MAM
2023-09-16,24.6,22.0,30.3,6.4,70.0,317.0,7.9,1005.7,BALLE
2023-09-17,24.2,22.7,29.5,33.9,82.2,124.0,8.0,1011.7,JOBO
2023-09-18,23.9,22.2,29.6,1.7,72.5,110.0,11.5,1009.4,BAQ
2023-09-19,25.7,21.5,29.3,22.0,78.4,97.0,17.6,1007.0,CTG
2023-09-20,26.3,22.9,31.0,4.5,71.7,315.0,10.3,1009.0,STM
2023-09-21,26.2,22.6,29.6,17.0,67.4,345.0,22.4,1007.9,SIN
2023-09-22,25.4,21.2,29.1,22.7,59.0,232.0,7.2,1008.4,MTR
2023-09-23,24.0,22.7,28.7,11.6,79.0,250.0,22.0,1009.0,VDP
2023-09-24,24.3,21.4,28.7,2.7,79.4,38.0,18.2,1009.3,RIO
2023-09-25,25.7,22.7,29.4,23.9,63.1,301.0,10.8,1004.7,MAM
2023-09-26,26.3,21.1,29.8,11.3,80.1,13.0,10.3,1011.9,BALLE
2023-09-27,25.4,21.8,29.7,3.3,58.9,137.0,6.9,1010.0,JOBO
2023-09-28,24.4,22.1,29.6,10.2,74.9,177.0,7.1,1011.0,BAQ
2023-09-29,26.0,21.0,30.1,17.7,81.3,170.0,5.7,1006.4,CTG
2023-09-30,25.6,22.2,28.9,19.2,69.8,336.0,22.3,1006.0,STM
2023-10-01,26.4,22.6,29.5,15.2,63.2,210.0,10.3,1011.4,SIN
2023-10-02,23.5,22.7,30.7,15.5,76.3,345.0,20.8,1008.4,MTR
2023-10-03,24.4,22.1,31.5,21.1,72.1,232.0,13.6,1008.4,VDP
2023-10-04,26.5,21.2,30.0,4.5,68.9,277.0,22.6,1005.4,RIO
2023-10-05,25.3,21.9,29.6,34.7,62.0,319.0,18.2,1004.6,MAM
2023-10-06,25.7,23.0,29.9,2.2,60.7,70.0,9.3,1004.2,BALLE
2023-10-07,23.5,22.2,31.2,30.6,71.3,63.0,24.2,1005.9,JOBO
2023-10-08,24.1,22.1,29.3,12.1,64.3,120.0,12.9,1004.7,BAQ
2023-10-09,26.1,22.7,29.6,15.3,72.8,179.0,10.6,1004.0,CTG
2023-10-10,25.9,22.7,29.8,16.2,60.7,352.0,11.1,1010.3,STM
2023-10-11,26.3,21.9,30.4,29.3,70.4,356.0,19.2,1009.8,SIN
2023-10-12,24.1,21.3,29.7,2.8,77.4,84.0,7.4,1004.3,MTR
2023-10-13,24.3,22.8,29.8,0.7,58.5,342.0,11.7,1004.5,VDP
2023-10-14,24.1,22.8,31.4,22.8,75.8,268.0,21.1,1008.0,RIO
2023-10-15,24.9,22.7,31.3,5.1,69.9,230.0,23.0,1008.0,MAM
2023-10-16,26.4,21.3,30.3,7.0,63.1,36.0,14.9,1009.2,BALLE
2023-10-17,26.5,22.4,30.2,4.9,73.7,270.0,24.8,1011.0,JOBO
2023-10-18,26.4,21.3,31.0,8.4,71.2,60.0,22.5,1010.3,BAQ
2023-10-19,24.1,22.7,30.2,34.1,77.9,48.0,11.7,1007.4,CTG
2023-10-20,25.6,22.4,31.0,0.5,72.0,114.0,15.3,1010.2,STM
2023-10-21,25.2,21.2,30.7,10.5,63.9,300.0,11.4,1010.8,SIN
2023-10-22,24.8,21.5,31.3,14.5,69.6,108.0,23.5,1010.3,MTR
2023-10-23,26.5,22.6,30.2,10.2,60.6,20.0,24.0,1006.9,VDP
2023-10-24,24.3,21.2,30.1,3.2,74.3,327.0,10.5,1010.1,RIO
2023-10-25,24.0,21.7,29.3,8.3,67.3,23.0,8.4,1004.9,MAM
2023-10-26,24.6,22.1,28.9,34.2,71.0,12.0,6.1,1006.7,BALLE
2023-10-27,26.1,22.2,31.5,11.6,63.7,269.0,18.3,1010.0,JOBO
2023-10-28,25.6,22.4,30.3,24.8,62.8,230.0,22.1,1011.0,BAQ
2023-10-29,25.1,21.7,29.5,7.6,67.7,278.0,24.8,1008.4,CTG
2023-10-30,24.4,21.7,30.8,9.9,78.3,246.0,20.4,1004.8,STM
2023-10-31,26.3,22.9,31.2,10.2,61.8,172.0,8.2,1006.4,SIN
2023-11-01,26.4,22.1,30.0,5.6,81.3,347.0,15.8,1007.7,MTR
2023-11-02,24.3,22.8,29.5,11.7,73.0,50.0,10.4,1007.4,VDP
2023-11-03,25.8,21.9,30.0,6.7,81.5,112.0,24.5,1010.7,RIO
2023-11-04,26.7,23.3,30.4,1.2,74.9,243.0,12.7,1007.6,MAM
2023-11-05,26.5,22.7,30.8,1.3,73.7,17.0,5.7,1006.9,BALLE
2023-11-06,25.0,22.2,30.9,1.7,74.8,341.0,18.3,1007.7,JOBO
2023-11-07,25.8,23.0,31.4,14.0,80.0,8.0,15.2,1009.6,BAQ
2023-11-08,27.1,21.7,30.5,2.2,74.8,71.0,6.7,1009.0,CTG
2023-11-09,26.6,22.5,30.9,15.8,61.2,105.0,19.4,1005.4,STM
2023-11-10,26.9,21.8,32.1,6.6,74.7,84.0,19.1,1009.7,SIN
2023-11-11,25.2,23.0,29.6,21.7,60.5,99.0,6.1,1010.6,MTR
2023-11-12,25.0,22.2,29.9,8.2,63.7,281.0,8.7,1010.7,VDP
2023-11-13,26.5,23.0,31.0,5.3,72.2,295.0,15.9,1007.4,RIO
2023-11-14,26.6,22.0,31.6,3.4,73.8,314.0,7.4,1005.0,MAM
2023-11-15,27.2,21.8,29.7,0.1,69.7,143.0,23.4,1004.4,BALLE
2023-11-16,27.2,22.7,31.5,14.9,67.7,91.0,21.5,1004.2,JOBO
2023-11-17,25.0,22.6,32.3,5.9,75.3,148.0,24.3,1007.1,BAQ
2023-11-18,24.5,22.3,30.7,8.7,66.4,174.0,24.8,1004.6,CTG
2023-11-19,25.8,23.2,30.9,9.1,81.1,134.0,14.9,1006.5,STM
2023-11-20,27.3,22.6,30.6,11.8,68.4,203.0,8.8,1005.1,SIN
2023-11-21,24.8,23.5,30.5,16.4,79.1,267.0,14.9,1009.9,MTR
2023-11-22,25.0,23.5,30.9,11.0,70.0,227.0,17.1,1009.7,VDP
2023-11-23,25.6,22.1,30.6,15.6,77.2,271.0,23.2,1006.4,RIO
2023-11-24,26.0,23.7,30.8,2.1,75.4,203.0,16.7,1009.7,MAM
2023-11-25,26.6,22.6,30.8,0.1,62.9,289.0,18.3,1006.8,BALLE
2023-11-26,24.9,22.6,30.6,34.0,78.3,299.0,10.9,1005.7,JOBO
2023-11-27,27.0,23.7,31.8,14.1,66.6,155.0,16.3,1004.2,BAQ
2023-11-28,27.6,22.0,32.8,5.8,60.3,346.0,10.4,1006.4,CTG
2023-11-29,26.7,22.3,32.1,20.3,60.0,89.0,13.9,1005.2,STM
2023-11-30,25.2,23.3,33.0,10.5,70.7,260.0,20.6,1009.1,SIN
2023-12-01,27.0,23.5,31.0,1.5,71.1,111.0,5.4,1010.8,MTR
2023-12-02,26.3,23.3,32.2,3.1,63.9,351.0,21.8,1009.9,VDP
2023-12-03,26.2,22.7,30.2,6.8,74.1,118.0,14.5,1005.3,RIO
2023-12-04,26.6,22.7,32.9,2.0,81.7,36.0,5.9,1005.4,MAM
2023-12-05,26.5,22.4,30.7,0.0,61.9,129.0,9.4,1006.0,BALLE
2023-12-06,26.8,23.8,32.1,2.0,75.7,324.0,22.7,1010.7,JOBO
2023-12-07,26.7,22.3,31.3,3.3,59.8,73.0,19.7,1006.0,BAQ
2023-12-08,25.4,24.2,30.8,6.2,74.1,75.0,6.2,1009.4,CTG
2023-12-09,26.4,22.8,32.5,1.4,77.1,288.0,7.3,1008.5,STM
2023-12-10,27.4,23.2,31.5,8.5,61.6,112.0,20.7,1010.3,SIN
2023-12-11,27.2,23.7,32.7,23.1,64.3,75.0,9.7,1006.0,MTR
2023-12-12,26.1,23.1,32.4,13.7,79.2,153.0,24.6,1005.6,VDP
2023-12-13,28.4,23.1,31.7,6.2,79.6,51.0,18.2,1004.8,RIO
2023-12-14,26.2,24.4,31.2,11.5,60.4,71.0,6.0,1008.9,MAM
2023-12-15,26.1,23.9,31.9,24.4,72.1,162.0,5.8,1010.5,BALLE
2023-12-16,28.4,22.7,31.4,29.8,76.5,302.0,12.1,1011.2,JOBO
2023-12-17,26.0,24.2,31.3,2.8,60.6,258.0,21.9,1006.1,BAQ
2023-12-18,27.8,23.7,32.5,28.5,61.3,49.0,21.5,1009.7,CTG
2023-12-19,28.3,23.5,32.0,38.1,74.6,316.0,6.7,1004.5,STM
2023-12-20,26.7,24.0,31.0,23.6,75.9,322.0,21.3,1007.8,SIN
2023-12-21,26.9,23.0,31.1,12.4,65.9,94.0,12.7,1008.2,MTR
2023-12-22,27.0,23.0,32.4,20.2,61.7,267.0,18.4,1009.3,VDP
2023-12-23,26.2,23.6,31.7,2.4,63.3,33.0,9.6,1006.3,RIO
2023-12-24,26.9,23.7,33.6,4.3,70.7,158.0,21.3,1009.3,MAM
2023-12-25,28.4,24.4,31.7,9.4,82.2,179.0,9.9,1007.7,BALLE
2023-12-26,27.6,24.2,33.9,21.3,57.5,150.0,8.9,1009.6,JOBO
2023-12-27,29.2,23.7,34.1,17.6,79.1,61.0,6.4,1011.2,BAQ
2023-12-28,27.8,24.6,32.3,0.9,69.8,122.0,17.7,1005.4,CTG
2023-12-29,28.9,23.9,31.6,1.3,73.2,62.0,17.5,1011.2,STM
2023-12-30,28.2,24.9,32.9,11.2,64.7,109.0,21.4,1010.3,SIN
2023-12-31,27.2,23.2,33.4,21.8,80.7,44.0,16.8,1007.4,MTR
2023-01-01,26.9,24.3,33.8,14.3,64.1,118.0,15.7,1008.3,CTG
2023-01-02,28.3,23.3,34.3,2.7,73.1,17.0,10.5,1007.5,STM
2023-01-03,27.4,24.2,33.0,8.8,69.4,357.0,21.5,1005.8,SIN
2023-01-04,28.7,25.0,33.5,29.1,71.5,114.0,22.8,1005.0,MTR
2023-01-05,28.4,24.3,33.1,21.0,74.1,197.0,17.4,1007.3,VDP
2023-01-06,28.5,24.0,34.3,0.1,71.5,4.0,12.8,1007.1,RIO
2023-01-07,27.8,24.9,34.1,0.2,58.0,345.0,15.6,1005.0,MAM
2023-01-08,28.3,23.4,32.7,6.4,81.8,236.0,7.1,1005.9,BALLE
2023-01-09,28.7,23.5,33.9,18.4,67.2,71.0,9.9,1008.5,JOBO
2023-01-10,28.7,24.7,32.4,0.0,74.2,88.0,18.6,1004.7,BAQ
2023-01-11,28.4,25.1,32.2,15.3,61.9,311.0,20.6,1009.0,CTG
2023-01-12,27.9,24.1,32.6,26.6,78.3,38.0,10.6,1010.8,STM
2023-01-13,29.5,23.9,34.6,13.2,59.4,319.0,16.0,1009.7,SIN
2023-01-14,27.7,24.6,34.2,7.9,71.7,251.0,22.8,1010.9,MTR
2023-01-15,27.4,24.0,35.0,0.0,70.7,180.0,7.4,1010.0,VDP
2023-01-16,27.8,25.1,33.0,18.5,74.6,1.0,5.9,1005.9,RIO
2023-01-17,28.4,23.6,34.8,14.8,82.4,125.0,19.3,1006.4,MAM
2023-01-18,30.3,25.6,34.6,0.9,76.1,125.0,6.2,1006.7,BALLE
2023-01-19,28.3,24.0,34.7,12.8,69.7,288.0,9.1,1011.8,JOBO
2023-01-20,28.7,25.3,33.5,0.0,57.6,33.0,8.1,1007.2,BAQ
2023-01-21,27.9,24.4,33.8,5.5,78.9,37.0,13.4,1006.6,CTG
2023-01-22,28.4,25.2,32.9,8.2,78.0,99.0,5.4,1005.1,STM
2023-01-23,29.3,24.9,34.8,2.3,69.8,167.0,10.9,1005.1,SIN
2023-01-24,30.3,24.9,34.8,11.9,73.1,135.0,13.2,1007.4,MTR
2023-01-25,29.2,24.7,34.1,11.9,75.8,246.0,17.6,1009.4,VDP
2023-01-26,29.1,24.7,34.4,14.6,65.2,14.0,19.4,1007.6,RIO
2023-01-27,29.9,25.8,34.7,34.1,75.5,251.0,23.9,1005.8,MAM
2023-01-28,28.1,24.7,33.6,4.7,73.1,166.0,20.4,1005.2,BALLE
2023-01-29,30.1,24.2,35.6,18.4,68.2,4.0,14.2,1009.3,JOBO
2023-01-30,30.9,24.4,34.0,8.9,71.7,217.0,17.2,1009.1,BAQ
2023-01-31,30.5,25.3,34.4,0.2,69.3,69.0,22.1,1005.6,CTG
2023-02-01,28.5,24.2,33.4,5.9,60.1,16.0,12.9,1008.7,STM
2023-02-02,29.5,24.3,35.6,3.4,77.1,1.0,17.9,1010.5,SIN
2023-02-03,30.4,24.8,35.6,15.5,65.1,27.0,21.1,1006.9,MTR
2023-02-04,29.6,25.4,33.6,9.1,71.2,355.0,11.7,1008.4,VDP
2023-02-05,29.5,25.7,34.9,1.5,69.8,73.0,20.5,1011.3,RIO
2023-02-06,29.6,26.0,34.5,22.9,71.9,297.0,18.6,1007.0,MAM
2023-02-07,31.2,25.9,35.8,21.5,62.7,350.0,11.6,1006.8,BALLE
2023-02-08,29.6,26.2,34.8,17.0,64.7,349.0,8.6,1009.2,JOBO
2023-02-09,29.7,25.7,35.4,9.2,66.2,216.0,13.6,1006.9,BAQ
2023-02-10,30.2,25.2,36.0,12.7,64.1,43.0,5.4,1006.0,CTG
2023-02-11,29.9,26.2,35.0,3.9,68.1,236.0,7.0,1008.8,STM
2023-02-12,29.1,25.1,33.6,4.9,79.8,317.0,18.7,1005.7,SIN
2023-02-13,30.7,25.6,34.1,9.0,64.2,303.0,7.3,1009.6,MTR
2023-02-14,31.4,25.6,35.3,0.9,60.2,31.0,19.3,1010.2,VDP
2023-02-15,30.3,25.4,34.3,1.7,62.6,65.0,13.8,1011.1,RIO
2023-02-16,30.1,25.2,34.2,16.2,75.7,207.0,21.3,1006.8,MAM
2023-02-17,31.7,25.5,34.4,8.8,73.5,260.0,23.4,1008.7,BALLE
2023-02-18,29.3,26.2,35.3,5.4,62.0,58.0,19.3,1006.7,JOBO
2023-02-19,30.4,25.7,36.4,1.0,68.3,350.0,16.8,1009.0,BAQ
2023-02-20,31.6,26.1,35.2,9.4,74.0,195.0,15.4,1004.2,CTG
2023-02-21,30.3,26.3,35.0,3.1,75.2,179.0,17.4,1011.4,STM
2023-02-22,31.0,25.3,34.7,1.2,61.9,157.0,23.8,1009.7,SIN
2023-02-23,30.3,25.5,36.8,17.3,77.3,38.0,14.3,1008.5,MTR
2023-02-24,30.7,26.3,34.3,7.7,79.1,24.0,19.7,1010.4,VDP
2023-02-25,29.2,26.3,36.6,0.1,81.7,218.0,7.8,1006.8,RIO
2023-02-26,31.0,25.7,36.0,0.6,79.7,26.0,12.0,1004.2,MAM
2023-02-27,30.0,26.0,34.4,10.5,59.1,55.0,17.8,1008.6,BALLE
2023-02-28,29.4,25.0,35.3,12.6,76.0,304.0,18.2,1007.9,JOBO
2023-03-01,31.6,25.8,34.3,28.1,66.3,315.0,24.7,1004.1,BAQ
2023-03-02,29.6,24.8,36.7,7.5,68.9,159.0,15.3,1011.7,CTG
2023-03-03,29.6,25.7,37.0,15.7,61.2,13.0,22.6,1006.8,STM
2023-03-04,31.9,24.8,36.9,14.7,79.0,226.0,21.7,1006.0,SIN
2023-03-05,31.3,25.8,36.4,20.2,63.6,74.0,20.2,1007.4,MTR
2023-03-06,32.1,25.1,37.1,18.0,74.6,204.0,19.0,1011.6,VDP
2023-03-07,30.8,25.9,36.2,27.4,58.9,294.0,24.4,1005.4,RIO
2023-03-08,31.9,26.6,36.5,15.5,67.5,234.0,21.3,1004.2,MAM
2023-03-09,32.3,25.2,35.2,0.1,60.8,30.0,12.6,1011.0,BALLE
2023-03-10,30.3,26.7,37.0,2.8,77.5,152.0,14.4,1008.0,JOBO
2023-03-11,30.8,25.1,37.0,0.3,74.0,253.0,10.8,1004.5,BAQ
2023-03-12,30.1,26.3,35.2,1.4,69.9,175.0,15.7,1008.3,CTG
2023-03-13,30.8,25.0,36.3,6.5,61.7,59.0,20.6,1011.4,STM
2023-03-14,29.7,26.7,34.8,4.2,80.3,46.0,24.3,1005.9,SIN
2023-03-15,31.4,26.6,34.5,27.5,66.0,142.0,17.1,1007.7,MTR
2023-03-16,31.0,25.5,35.7,6.3,81.7,162.0,7.3,1009.3,VDP
2023-03-17,31.7,25.7,36.6,14.6,78.7,70.0,15.9,1004.9,RIO
2023-03-18,32.1,26.6,35.1,25.6,72.4,166.0,7.4,1010.8,MAM
2023-03-19,30.9,25.6,36.5,25.3,71.8,128.0,17.4,1006.0,BALLE
2023-03-20,30.5,26.9,35.3,0.1,73.9,162.0,10.4,1005.4,JOBO
2023-03-21,31.8,25.9,36.7,2.6,59.7,26.0,8.4,1010.7,BAQ
2023-03-22,29.5,25.8,36.1,0.4,64.6,356.0,23.9,1010.5,CTG
2023-03-23,31.0,26.4,35.8,1.0,67.3,338.0,23.7,1008.6,STM
2023-03-24,29.9,26.7,36.2,0.2,59.4,100.0,7.5,1008.5,SIN
2023-03-25,30.9,25.8,36.9,26.4,57.6,177.0,23.7,1007.2,MTR
2023-03-26,29.8,26.7,35.4,9.4,81.2,340.0,10.9,1010.3,VDP
2023-03-27,30.7,25.0,35.0,2.7,81.5,206.0,24.5,1005.3,RIO
2023-03-28,31.0,25.2,35.4,4.6,60.0,276.0,9.1,1009.8,MAM
2023-03-29,32.1,25.7,35.2,24.0,78.1,312.0,20.0,1011.1,BALLE
2023-03-30,31.0,25.8,37.4,2.9,61.0,68.0,10.9,1004.6,JOBO
2023-03-31,31.6,25.8,36.6,17.5,64.6,31.0,9.2,1006.9,BAQ
2023-04-01,31.3,25.5,35.1,5.3,74.4,90.0,17.0,1007.8,CTG
2023-04-02,30.4,26.2,37.2,15.1,72.6,74.0,9.9,1007.5,STM
2023-04-03,32.3,26.0,36.3,1.0,71.6,156.0,9.3,1009.1,SIN
2023-04-04,29.9,26.2,36.4,8.3,68.7,12.0,23.6,1008.3,MTR
2023-04-05,31.8,25.3,36.0,4.3,64.0,136.0,15.8,1008.6,VDP
2023-04-06,32.5,26.5,36.1,0.9,59.5,145.0,15.6,1006.2,RIO
2023-04-07,30.7,25.1,35.3,6.1,64.2,114.0,23.4,1009.2,MAM
2023-04-08,31.7,26.5,34.6,1.7,80.6,34.0,23.3,1006.3,BALLE
2023-04-09,30.1,26.5,35.7,30.3,58.8,6.0,13.7,1010.4,JOBO
2023-04-10,30.7,26.0,35.9,9.2,63.5,216.0,24.2,1008.8,BAQ
2023-04-11,31.7,26.2,35.5,10.8,59.4,197.0,20.0,1010.4,CTG
2023-04-12,31.6,25.1,37.0,13.4,78.1,206.0,20.9,1011.2,STM
2023-04-13,32.2,26.5,37.0,0.6,71.8,119.0,22.1,1007.7,SIN
2023-04-14,31.2,25.9,34.8,5.9,63.3,327.0,19.5,1005.4,MTR
2023-04-15,30.5,25.7,34.9,17.6,67.6,268.0,22.1,1006.9,VDP
2023-04-16,29.8,25.1,36.2,1.4,72.8,342.0,16.8,1011.4,RIO
2023-04-17,31.2,26.3,34.5,16.4,71.7,194.0,10.3,1005.9,MAM
2023-04-18,30.9,25.5,35.6,4.8,73.8,344.0,10.7,1005.1,BALLE
2023-04-19,30.3,25.7,35.0,16.0,62.6,261.0,19.4,1009.7,JOBO
2023-04-20,31.3,26.0,35.0,29.9,77.0,48.0,7.4,1005.6,BAQ
2023-04-21,29.6,26.4,36.5,1.5,72.5,356.0,23.5,1009.7,CTG
2023-04-22,32.0,26.7,35.7,0.3,68.6,170.0,16.8,1004.2,STM
2023-04-23,29.8,26.1,37.2,19.8,64.6,342.0,10.8,1007.3,SIN
2023-04-24,29.9,26.8,36.1,4.3,77.4,171.0,10.3,1007.5,MTR
2023-04-25,30.9,26.2,36.2,8.4,59.3,28.0,18.1,1005.6,VDP
2023-04-26,30.0,26.1,37.1,28.6,63.9,120.0,24.5,1007.3,RIO
2023-04-27,29.3,25.7,35.7,22.1,70.5,154.0,17.8,1005.3,MAM
2023-04-28,30.7,25.6,37.0,19.6,59.7,292.0,14.5,1004.6,BALLE
2023-04-29,31.7,25.2,36.0,1.8,73.0,144.0,11.9,1004.4,JOBO
2023-04-30,31.1,25.7,35.8,7.6,78.2,58.0,7.7,1009.8,BAQ
2023-05-01,30.0,26.4,35.5,1.9,68.0,17.0,16.9,1009.4,CTG
2023-05-02,30.0,25.3,34.2,2.5,71.3,337.0,24.7,1010.3,STM
2023-05-03,31.3,26.0,35.7,12.8,74.7,119.0,7.7,1006.2,SIN
2023-05-04,31.2,25.3,35.9,0.1,60.7,235.0,6.2,1005.8,MTR
2023-05-05,31.8,26.0,34.6,5.2,65.3,153.0,15.5,1009.8,VDP
2023-05-06,31.1,26.5,35.2,12.3,80.9,110.0,9.6,1006.8,RIO
2023-05-07,30.6,25.2,36.5,19.1,60.9,76.0,12.6,1007.0,MAM
2023-05-08,30.3,26.4,34.8,1.6,63.1,212.0,19.4,1011.4,BALLE
2023-05-09,30.0,24.7,35.0,1.4,70.3,189.0,10.1,1005.9,JOBO
2023-05-10,30.4,25.3,34.8,8.6,64.1,166.0,23.2,1006.4,BAQ
2023-05-11,29.4,24.7,34.8,7.4,70.0,203.0,13.8,1011.5,CTG
2023-05-12,29.1,26.0,36.4,7.1,64.3,58.0,20.5,1009.6,STM
2023-05-13,30.7,25.0,36.1,2.5,59.4,336.0,15.7,1011.4,SIN
2023-05-14,28.9,26.3,36.1,4.0,67.7,110.0,11.5,1007.4,MTR
2023-05-15,29.0,26.3,36.0,14.6,66.1,185.0,18.7,1009.4,VDP
2023-05-16,31.4,26.0,35.8,3.2,64.3,206.0,16.2,1005.1,RIO
2023-05-17,31.3,24.5,35.9,2.4,73.5,85.0,12.7,1008.2,MAM
2023-05-18,29.4,25.9,35.0,21.6,71.8,128.0,22.6,1004.9,BALLE
2023-05-19,28.7,24.9,36.5,29.5,76.5,185.0,19.2,1010.0,JOBO
2023-05-20,30.0,25.6,35.2,11.2,71.7,18.0,10.1,1004.3,BAQ
2023-05-21,29.6,24.7,36.0,23.7,58.2,148.0,5.1,1007.5,CTG
2023-05-22,31.0,24.5,35.3,12.6,58.7,214.0,19.2,1009.6,STM
2023-05-23,30.1,25.0,34.7,3.5,62.7,276.0,12.5,1004.4,SIN
2023-05-24,29.3,24.4,33.8,9.4,81.9,31.0,10.7,1008.6,MTR
2023-05-25,28.5,25.3,34.5,21.0,82.4,269.0,5.8,1009.7,VDP
2023-05-26,29.5,26.1,34.8,30.7,74.7,71.0,12.1,1008.9,RIO
2023-05-27,28.5,25.8,35.0,11.5,67.4,339.0,8.9,1006.4,MAM
2023-05-28,29.5,25.9,35.8,0.6,63.9,268.0,9.7,1007.9,BALLE
2023-05-29,28.2,25.2,34.3,15.8,65.7,196.0,9.9,1009.3,JOBO
2023-05-30,28.5,25.9,34.0,5.7,82.4,289.0,24.3,1010.0,BAQ
2023-05-31,28.9,25.6,35.6,25.7,79.8,134.0,9.1,1005.3,CTG
2023-06-01,29.9,25.8,34.9,19.9,74.9,213.0,17.9,1011.2,STM
2023-06-02,30.1,25.7,33.9,2.3,76.3,211.0,23.8,1011.5,SIN
2023-06-03,28.6,24.8,33.7,22.6,76.2,66.0,10.0,1010.0,MTR
2023-06-04,30.1,24.2,34.9,25.2,71.0,60.0,19.8,1008.0,VDP
2023-06-05,28.2,25.9,34.7,7.9,79.6,174.0,18.6,1004.8,RIO
2023-06-06,29.2,24.7,33.4,5.3,74.0,84.0,12.9,1010.7,MAM
2023-06-07,28.1,25.6,34.9,0.0,82.3,10.0,23.6,1006.4,BALLE
2023-06-08,29.7,24.1,33.4,18.3,69.9,281.0,19.9,1009.7,JOBO
2023-06-09,28.4,25.5,34.5,4.1,59.6,94.0,9.5,1011.2,BAQ
2023-06-10,30.3,25.3,35.6,14.7,71.6,70.0,22.0,1007.0,CTG
2023-06-11,30.2,25.6,33.1,5.8,78.0,10.0,9.8,1010.0,STM
2023-06-12,29.4,24.5,34.8,1.0,58.8,226.0,19.3,1007.2,SIN
2023-06-13,28.3,25.1,34.4,33.2,68.3,201.0,13.7,1005.5,MTR
2023-06-14,30.3,25.4,33.9,0.4,77.9,53.0,6.4,1009.3,VDP
2023-06-15,28.0,25.3,33.8,0.5,80.3,204.0,8.8,1009.7,RIO
2023-06-16,29.4,24.2,33.6,24.0,60.2,281.0,24.2,1011.7,MAM
2023-06-17,27.4,24.5,34.2,4.8,81.7,253.0,15.6,1010.4,BALLE
2023-06-18,29.7,23.6,33.6,0.9,66.8,183.0,21.5,1011.5,JOBO
2023-06-19,28.1,25.1,34.9,17.8,58.7,217.0,22.7,1009.3,BAQ
2023-06-20,29.1,23.9,32.5,17.9,72.1,155.0,20.3,1011.7,CTG
2023-06-21,28.3,23.9,33.8,4.7,79.1,167.0,12.4,1004.4,STM
2023-06-22,28.1,24.1,33.3,11.1,68.0,288.0,21.8,1011.0,SIN
2023-06-23,27.5,25.2,32.8,8.7,72.1,131.0,23.5,1011.5,MTR
2023-06-24,29.4,24.1,32.4,13.7,73.6,68.0,21.4,1009.1,VDP
2023-06-25,29.5,23.9,33.5,0.6,71.9,111.0,12.4,1009.5,RIO
2023-06-26,29.1,24.7,34.4,4.7,64.9,71.0,21.3,1009.4,MAM
2023-06-27,28.9,24.2,34.2,11.0,59.1,136.0,10.6,1005.6,BALLE
2023-06-28,28.2,23.3,31.9,7.6,60.6,251.0,7.3,1010.2,JOBO
2023-06-29,27.5,24.2,31.7,12.0,70.1,137.0,21.1,1010.1,BAQ
2023-06-30,27.4,23.1,32.1,13.8,69.0,321.0,11.4,1004.7,CTG
2023-07-01,27.1,23.0,32.3,0.3,65.3,149.0,7.0,1006.0,STM
2023-07-02,26.6,23.7,32.7,0.8,81.9,184.0,17.5,1006.6,SIN
2023-07-03,29.4,24.3,33.3,5.7,76.9,215.0,20.8,1005.5,MTR
2023-07-04,29.2,24.5,33.7,0.2,79.4,239.0,22.1,1009.9,VDP
2023-07-05,26.7,23.9,31.4,4.5,58.2,225.0,9.1,1005.5,RIO
2023-07-06,28.7,23.8,31.7,1.3,67.4,283.0,16.2,1005.6,MAM
2023-07-07,27.4,23.7,33.1,10.0,67.8,198.0,18.5,1004.1,BALLE
2023-07-08,26.7,23.9,33.0,0.3,61.2,143.0,24.6,1005.5,JOBO
2023-07-09,27.0,23.3,31.1,22.0,80.2,286.0,13.5,1006.7,BAQ
2023-07-10,27.6,23.7,32.9,1.6,77.1,11.0,20.0,1007.6,CTG
2023-07-11,27.4,22.9,31.3,16.5,75.7,43.0,6.0,1009.8,STM
2023-07-12,27.3,23.0,33.1,2.9,66.5,302.0,22.8,1009.3,SIN
2023-07-13,28.3,22.8,31.3,17.8,68.7,49.0,21.7,1005.5,MTR
2023-07-14,26.8,24.3,31.4,9.0,68.9,328.0,14.1,1005.8,VDP
2023-07-15,27.5,22.8,33.7,1.2,75.2,81.0,14.5,1008.1,RIO
2023-07-16,26.6,23.4,32.3,5.3,77.6,228.0,6.4,1006.6,MAM
2023-07-17,25.9,23.9,30.8,0.1,70.2,128.0,17.7,1007.3,BALLE
2023-07-18,27.8,22.6,33.5,21.0,73.6,82.0,18.2,1010.0,JOBO
2023-07-19,26.8,22.9,32.5,21.9,73.6,308.0,18.8,1004.3,BAQ
2023-07-20,27.2,23.2,33.4,13.2,70.2,221.0,17.4,1009.1,CTG
2023-07-21,28.4,23.3,32.7,3.1,69.9,274.0,12.6,1005.7,STM
2023-07-22,26.2,24.1,32.9,19.8,70.5,340.0,7.2,1006.9,SIN
2023-07-23,26.0,22.6,32.2,8.0,66.2,158.0,19.4,1004.9,MTR
2023-07-24,27.5,24.2,31.6,8.9,71.0,197.0,5.4,1005.0,VDP
2023-07-25,25.5,23.7,32.0,4.2,70.2,47.0,9.2,1011.4,RIO
2023-07-26,25.9,23.7,32.8,2.5,72.9,99.0,19.9,1009.2,MAM
2023-07-27,27.2,22.6,32.0,16.6,75.7,243.0,21.4,1007.7,BALLE
2023-07-28,27.0,22.6,31.7,2.1,62.6,340.0,19.7,1004.6,JOBO
2023-07-29,27.3,22.4,31.3,13.4,61.1,353.0,24.4,1008.6,BAQ
2023-07-30,27.1,23.7,32.0,24.0,58.1,22.0,8.8,1009.3,CTG
2023-07-31,27.8,23.4,30.9,10.0,59.0,282.0,17.1,1010.4,STM
2023-08-01,25.7,22.9,33.0,4.5,65.0,316.0,8.0,1004.8,SIN
2023-08-02,27.2,23.7,31.4,3.5,69.7,84.0,11.1,1005.4,MTR
2023-08-03,25.9,23.5,32.2,16.2,60.4,153.0,13.4,1010.4,VDP
2023-08-04,26.6,22.9,30.4,6.8,69.9,18.0,24.0,1007.7,RIO
2023-08-05,27.1,22.6,32.6,23.5,67.0,116.0,15.4,1008.0,MAM
2023-08-06,25.6,21.9,30.8,22.8,77.4,23.0,23.9,1005.7,BALLE
2023-08-07,26.9,23.5,30.9,5.0,68.9,278.0,8.9,1009.4,JOBO
2023-08-08,26.0,22.9,30.8,22.9,72.1,326.0,19.3,1010.3,BAQ
2023-08-09,27.6,23.0,31.7,18.9,80.8,43.0,9.6,1007.7,CTG
2023-08-10,25.5,22.7,31.2,0.9,65.8,187.0,18.6,1008.2,STM
2023-08-11,25.2,22.9,31.0,7.0,66.4,5.0,22.3,1008.5,SIN
2023-08-12,25.8,21.9,30.1,2.2,76.5,77.0,22.5,1004.8,MTR
2023-08-13,25.4,23.1,29.9,25.0,68.4,16.0,16.6,1008.5,VDP
2023-08-14,26.1,23.4,31.9,29.0,74.8,163.0,11.1,1010.9,RIO
2023-08-15,26.9,22.7,32.2,3.8,71.5,142.0,7.0,1011.2,MAM
2023-08-16,25.9,22.6,31.6,23.3,67.5,136.0,18.8,1005.0,BALLE
2023-08-17,24.6,21.9,30.5,0.9,58.7,60.0,11.3,1011.9,JOBO
2023-08-18,27.0,23.1,31.9,25.2,58.0,283.0,8.8,1009.0,BAQ
2023-08-19,27.1,23.1,29.7,23.0,59.0,207.0,13.2,1004.2,CTG
2023-08-20,26.5,23.1,32.2,0.5,61.6,101.0,11.2,1007.9,STM
2023-08-21,27.0,21.7,31.1,3.6,61.2,42.0,6.7,1012.0,SIN
2023-08-22,24.2,22.6,30.6,13.1,77.3,23.0,10.3,1006.2,MTR
2023-08-23,24.4,22.4,30.0,2.3,77.3,352.0,10.8,1010.0,VDP
2023-08-24,26.4,22.1,30.6,27.7,70.0,292.0,16.7,1005.7,RIO
2023-08-25,24.4,22.8,31.2,7.0,75.7,149.0,24.7,1009.3,MAM
2023-08-26,25.4,21.7,30.9,3.0,67.7,90.0,17.3,1008.8,BALLE
2023-08-27,25.8,22.6,30.2,11.8,79.3,62.0,22.7,1005.7,JOBO
2023-08-28,24.3,23.3,31.0,23.2,57.8,256.0,5.8,1006.6,BAQ
2023-08-29,26.3,23.0,31.4,35.1,82.3,158.0,24.5,1008.8,CTG
2023-08-30,24.1,22.6,29.0,7.0,66.5,166.0,20.1,1011.7,STM
2023-08-31,26.8,22.9,31.0,12.7,81.6,145.0,11.4,1010.7,SIN
2023-09-01,26.0,22.4,29.1,21.6,63.0,94.0,16.9,1007.5,MTR
2023-09-02,24.0,22.2,31.6,13.0,77.2,139.0,5.0,1011.3,VDP
2023-09-03,26.2,23.0,29.2,1.9,65.9,8.0,8.6,1008.1,RIO
2023-09-04,24.1,21.9,31.5,3.4,59.0,184.0,5.6,1004.1,MAM
2023-09-05,26.8,22.1,30.3,13.1,69.9,16.0,11.1,1010.2,BALLE
2023-09-06,25.5,22.5,30.3,1.9,64.1,295.0,20.2,1005.8,JOBO
2023-09-07,24.0,21.6,31.4,7.6,63.0,322.0,17.5,1010.4,BAQ
2023-09-08,26.0,22.9,30.7,12.7,76.5,44.0,9.7,1009.6,CTG
2023-09-09,23.8,23.1,31.3,34.3,70.2,126.0,17.5,1004.7,STM
2023-09-10,26.1,21.2,31.7,13.2,75.3,3.0,10.9,1011.1,SIN
2023-09-11,26.2,22.1,31.0,19.8,81.4,106.0,23.6,1009.7,MTR
2023-09-12,25.5,22.9,29.8,20.2,62.9,163.0,8.7,1004.8,VDP
2023-09-13,25.0,22.8,31.5,14.9,80.1,153.0,8.2,1004.2,RIO
2023-09-14,26.6,22.3,29.2,13.5,79.4,324.0,23.7,1004.6,MAM
2023-09-15,25.8,21.5,29.8,2.9,66.3,10.0,22.3,1006.2,BALLE
2023-09-16,24.6,23.0,30.1,37.2,72.9,266.0,13.8,1006.9,JOBO
2023-09-17,25.6,21.9,30.7,10.9,79.3,308.0,18.3,1006.1,BAQ
2023-09-18,26.5,22.1,31.5,14.9,66.5,193.0,24.6,1004.3,CTG
2023-09-19,26.2,21.8,29.5,0.3,58.2,252.0,10.6,1009.9,STM
2023-09-20,23.7,21.8,29.3,8.9,65.4,277.0,14.0,1006.9,SIN
2023-09-21,26.5,21.9,30.9,2.4,61.1,120.0,16.4,1005.6,MTR
2023-09-22,23.8,22.8,30.4,3.8,61.4,196.0,22.6,1005.5,VDP
2023-09-23,25.4,22.0,30.3,1.4,60.9,316.0,11.6,1005.5,RIO
2023-09-24,24.4,21.4,31.0,16.4,76.0,188.0,9.1,1006.2,MAM
2023-09-25,24.0,22.5,29.1,8.0,69.4,149.0,16.7,1005.8,BALLE
2023-09-26,25.4,21.2,29.4,10.5,68.7,247.0,19.2,1007.4,JOBO
2023-09-27,25.1,21.3,28.7,19.4,61.1,97.0,21.8,1009.2,BAQ
2023-09-28,24.5,22.5,29.9,12.4,57.7,122.0,18.5,1009.3,CTG
2023-09-29,25.1,21.2,28.5,3.5,60.1,281.0,5.7,1008.3,STM
2023-09-30,25.6,22.5,29.1,20.6,81.4,67.0,9.1,1009.0,SIN
2023-10-01,23.6,22.3,30.3,17.7,82.2,247.0,6.8,1005.1,MTR
2023-10-02,24.0,21.6,31.1,25.2,77.1,62.0,18.7,1010.0,VDP
2023-10-03,23.9,22.6,30.4,2.1,77.4,140.0,24.3,1006.4,RIO
2023-10-04,23.5,21.5,30.4,0.5,71.7,186.0,22.7,1009.3,MAM
2023-10-05,26.0,21.7,30.6,2.1,77.4,45.0,11.0,1007.6,BALLE
2023-10-06,24.6,23.0,28.7,6.0,70.3,297.0,19.6,1004.6,JOBO
2023-10-07,24.4,21.6,30.8,18.0,67.5,245.0,10.6,1005.6,BAQ
2023-10-08,23.8,22.3,30.9,0.0,61.3,92.0,16.9,1010.7,CTG
2023-10-09,24.8,22.7,28.6,15.0,82.5,251.0,20.9,1008.3,STM
2023-10-10,26.3,21.7,29.1,9.1,62.8,222.0,16.1,1004.0,SIN
2023-10-11,25.0,22.2,30.5,0.9,80.1,326.0,13.6,1009.6,MTR
2023-10-12,23.9,21.8,29.5,2.8,81.3,281.0,12.5,1007.3,VDP
2023-10-13,24.5,21.7,31.4,21.6,62.2,261.0,15.2,1009.2,RIO
2023-10-14,24.4,22.3,29.1,0.8,79.7,208.0,15.3,1004.4,MAM
2023-10-15,26.4,21.8,29.6,10.9,77.6,310.0,10.6,1009.7,BALLE
2023-10-16,26.1,22.4,31.5,29.9,62.2,80.0,14.6,1005.9,JOBO
2023-10-17,25.9,22.6,30.8,9.4,78.6,278.0,17.6,1004.2,BAQ
2023-10-18,23.7,22.1,30.4,4.4,63.2,137.0,11.4,1011.9,CTG
2023-10-19,25.5,22.1,29.4,7.6,69.4,28.0,24.9,1009.1,STM
2023-10-20,23.7,23.1,29.4,1.5,58.7,105.0,21.3,1005.0,SIN
2023-10-21,25.4,21.7,28.9,8.7,79.6,96.0,8.4,1007.7,MTR
2023-10-22,26.4,21.5,31.0,15.4,65.8,95.0,15.2,1007.3,VDP
2023-10-23,24.6,21.5,30.4,7.8,66.3,262.0,13.6,1009.5,RIO
2023-10-24,26.5,23.0,30.8,21.3,62.5,246.0,17.7,1011.2,MAM
2023-10-25,24.3,22.0,29.5,5.6,79.2,265.0,11.8,1008.4,BALLE
2023-10-26,25.1,21.6,30.2,21.0,66.9,62.0,17.4,1005.6,JOBO
2023-10-27,24.6,21.9,29.4,3.2,66.3,203.0,15.7,1008.1,BAQ
2023-10-28,25.2,22.7,31.7,7.6,58.4,147.0,15.9,1011.7,CTG
2023-10-29,24.7,22.8,31.3,7.1,67.1,215.0,12.1,1006.1,STM
2023-10-30,23.9,22.2,29.2,2.3,75.4,202.0,11.0,1006.2,SIN
2023-10-31,24.1,22.2,29.2,17.6,65.4,102.0,17.1,1009.5,MTR
2023-11-01,25.7,21.6,30.4,10.3,59.0,177.0,20.8,1011.4,VDP
2023-11-02,24.6,21.6,31.3,23.8,68.5,72.0,17.7,1011.0,RIO
2023-11-03,26.6,23.2,31.6,7.3,67.9,28.0,9.9,1010.0,MAM
2023-11-04,26.6,22.0,31.6,0.5,73.0,149.0,16.7,1009.8,BALLE
2023-11-05,26.3,21.4,30.5,20.6,76.7,224.0,13.9,1006.9,JOBO
2023-11-06,25.9,21.8,31.1,9.6,61.4,138.0,20.2,1005.4,BAQ
2023-11-07,26.7,22.2,30.8,20.7,69.6,178.0,7.9,1009.1,CTG
2023-11-08,24.7,22.1,30.3,23.8,76.5,251.0,6.2,1010.4,STM
2023-11-09,24.7,22.8,31.3,1.8,66.3,205.0,14.6,1010.9,SIN
2023-11-10,26.4,22.6,31.0,3.6,77.6,307.0,5.8,1010.7,MTR
2023-11-11,24.6,22.9,29.3,11.3,60.6,322.0,12.9,1011.6,VDP
2023-11-12,24.4,22.5,30.8,9.3,73.6,303.0,7.0,1009.6,RIO
2023-11-13,26.4,22.7,32.1,3.2,79.3,83.0,15.1,1007.8,MAM
2023-11-14,24.6,22.5,31.4,2.9,72.5,298.0,22.2,1005.0,BALLE
2023-11-15,24.5,22.7,29.8,22.5,74.7,61.0,11.2,1004.2,JOBO
2023-11-16,27.1,22.9,29.6,7.3,61.1,356.0,5.7,1009.2,BAQ
2023-11-17,24.6,22.1,31.1,5.6,72.2,71.0,5.8,1008.8,CTG
2023-11-18,25.1,21.8,31.2,8.6,81.5,228.0,13.8,1011.0,STM
2023-11-19,25.6,21.9,30.9,5.0,70.0,12.0,17.5,1008.1,SIN
2023-11-20,26.5,22.8,31.8,5.4,74.1,332.0,8.6,1006.7,MTR
2023-11-21,27.0,22.0,30.3,1.9,67.2,305.0,19.4,1010.8,VDP
2023-11-22,25.9,22.6,30.3,23.7,63.3,357.0,22.0,1010.1,RIO
2023-11-23,24.8,22.0,29.9,0.0,73.4,194.0,8.2,1010.0,MAM
2023-11-24,26.8,23.2,30.5,34.8,79.0,320.0,20.6,1007.3,BALLE
2023-11-25,26.7,23.6,30.2,12.5,60.1,140.0,18.3,1004.6,JOBO
2023-11-26,26.3,23.9,31.7,1.3,64.6,125.0,15.8,1004.2,BAQ
2023-11-27,24.9,22.5,32.6,0.3,59.4,94.0,8.3,1011.3,CTG
2023-11-28,24.9,23.1,30.4,29.4,69.7,181.0,22.4,1006.0,STM
2023-11-29,26.6,23.0,31.8,7.2,76.7,314.0,9.9,1008.7,SIN
2023-11-30,27.9,23.4,30.1,26.0,65.6,75.0,17.4,1008.1,MTR
2023-12-01,26.0,23.5,32.1,11.8,76.2,308.0,13.1,1009.4,VDP
2023-12-02,27.8,22.5,30.3,1.4,69.2,102.0,12.8,1008.3,RIO
2023-12-03,26.7,23.3,32.0,27.9,78.8,75.0,6.8,1011.0,MAM
2023-12-04,26.1,22.6,30.8,0.8,62.1,299.0,8.3,1006.0,BALLE
2023-12-05,26.9,24.1,30.4,3.7,62.2,4.0,11.7,1005.1,JOBO
2023-12-06,28.0,23.7,30.3,4.1,68.1,250.0,10.8,1007.2,BAQ
2023-12-07,26.3,22.3,31.6,18.9,58.8,6.0,23.3,1008.9,CTG
2023-12-08,26.7,23.9,30.4,11.9,68.8,105.0,14.5,1006.1,STM
2023-12-09,28.0,23.2,32.5,9.6,68.3,349.0,18.0,1010.3,SIN
2023-12-10,26.4,24.2,32.6,9.3,81.1,82.0,13.1,1009.4,MTR
2023-12-11,28.1,23.7,33.2,0.5,72.1,308.0,22.8,1004.1,VDP
2023-12-12,26.2,23.8,31.9,6.2,59.2,321.0,12.8,1004.9,RIO
2023-12-13,27.1,22.7,30.6,3.9,63.8,286.0,17.7,1006.6,MAM
2023-12-14,25.8,24.1,31.3,15.9,70.4,33.0,5.8,1007.1,BALLE
2023-12-15,28.5,23.8,30.9,0.9,58.6,12.0,21.4,1004.7,JOBO
2023-12-16,28.5,23.5,33.3,0.2,77.7,340.0,16.2,1007.3,BAQ
2023-12-17,26.5,24.2,32.8,3.1,62.6,241.0,9.1,1005.8,CTG
2023-12-18,27.6,22.9,31.6,0.5,63.5,318.0,12.7,1011.1,STM
2023-12-19,27.6,24.4,31.0,1.2,69.7,132.0,24.4,1011.2,SIN
2023-12-20,26.7,23.9,33.7,1.6,66.0,237.0,21.1,1008.7,MTR
2023-12-21,27.2,24.4,33.5,8.0,71.0,336.0,9.0,1010.3,VDP
2023-12-22,28.0,24.5,32.5,34.2,73.8,277.0,15.0,1009.2,RIO
2023-12-23,26.2,23.5,32.7,8.5,73.8,65.0,9.1,1009.2,MAM
2023-12-24,27.3,23.7,33.4,1.5,60.1,225.0,18.2,1010.4,BALLE
2023-12-25,28.7,23.1,32.4,3.4,68.5,192.0,5.7,1007.3,JOBO
2023-12-26,28.0,22.9,32.7,10.1,64.1,16.0,22.0,1006.1,BAQ
2023-12-27,28.2,23.1,32.7,3.6,72.6,2.0,23.1,1005.7,CTG
2023-12-28,26.5,23.5,34.1,0.5,68.6,7.0,15.6,1006.4,STM
2023-12-29,27.9,24.5,31.7,4.6,68.9,112.0,11.3,1011.3,SIN
2023-12-30,28.1,24.4,33.1,33.5,59.3,321.0,11.9,1009.0,MTR
2023-12-31,28.6,24.1,31.8,8.0,59.2,89.0,23.4,1007.3,VDP
2023-01-01,28.5,24.7,32.4,17.8,72.9,254.0,6.2,1007.3,STM
2023-01-02,28.2,24.6,33.2,12.5,74.6,331.0,13.1,1004.3,SIN
2023-01-03,27.3,24.8,33.7,0.7,68.4,174.0,20.0,1004.1,MTR
2023-01-04,28.2,23.4,33.5,10.6,60.2,190.0,5.7,1009.3,VDP
2023-01-05,26.8,24.7,34.3,22.4,79.0,170.0,13.4,1010.9,RIO
2023-01-06,28.6,23.3,33.8,0.6,62.0,123.0,19.9,1010.4,MAM
2023-01-07,28.3,25.0,32.9,1.5,75.2,186.0,24.4,1005.1,BALLE
2023-01-08,28.8,23.5,32.1,0.4,71.4,39.0,11.0,1008.1,JOBO
2023-01-09,29.6,25.0,33.4,0.0,65.1,312.0,17.1,1010.8,BAQ
2023-01-10,28.7,24.8,32.3,0.7,62.3,92.0,10.4,1005.2,CTG
2023-01-11,30.0,24.8,32.2,26.7,68.4,257.0,12.0,1009.4,STM
2023-01-12,29.1,25.1,33.2,24.0,82.0,55.0,21.1,1006.2,SIN
2023-01-13,28.1,23.5,34.3,0.7,68.8,232.0,13.6,1007.2,MTR
2023-01-14,30.0,24.7,33.6,32.8,76.4,140.0,8.4,1004.9,VDP
2023-01-15,29.4,23.8,33.6,29.4,74.4,9.0,20.4,1005.0,RIO
2023-01-16,27.8,25.1,34.2,23.5,62.6,14.0,11.8,1009.8,MAM
2023-01-17,28.0,25.6,34.0,2.0,80.4,52.0,10.7,1006.4,BALLE
2023-01-18,29.5,25.5,33.2,9.0,74.1,252.0,11.8,1010.5,JOBO
2023-01-19,28.5,24.8,34.6,8.8,73.9,10.0,21.1,1005.9,BAQ
2023-01-20,29.7,25.0,34.1,0.4,78.2,346.0,14.6,1005.3,CTG
2023-01-21,28.8,24.8,33.1,19.9,69.1,81.0,5.5,1010.2,STM
2023-01-22,29.9,25.2,33.3,26.1,61.1,118.0,19.4,1004.6,SIN
2023-01-23,27.7,25.4,34.2,3.6,82.2,185.0,16.9,1008.2,MTR
2023-01-24,29.4,25.4,35.0,1.9,80.0,15.0,5.5,1010.2,VDP
2023-01-25,29.9,24.0,34.5,13.1,70.4,205.0,12.5,1008.4,RIO
2023-01-26,28.6,25.7,35.0,1.6,68.1,21.0,10.7,1005.6,MAM
2023-01-27,30.4,24.4,35.0,4.5,76.4,328.0,22.6,1010.5,BALLE
2023-01-28,29.5,25.4,34.7,9.2,73.2,113.0,14.4,1008.9,JOBO
2023-01-29,29.6,24.7,35.1,4.8,70.7,258.0,21.6,1010.7,BAQ
2023-01-30,29.6,24.8,33.2,0.3,63.6,290.0,12.8,1004.9,CTG
2023-01-31,28.4,24.2,33.8,15.6,60.5,266.0,9.7,1011.2,STM
2023-02-01,29.3,24.8,35.5,21.3,67.4,289.0,24.0,1010.8,SIN
2023-02-02,29.7,25.7,35.0,2.0,75.4,162.0,7.3,1005.4,MTR
2023-02-03,28.2,25.1,34.1,5.2,75.7,191.0,7.7,1010.1,VDP
2023-02-04,29.9,25.7,35.3,0.3,81.9,205.0,15.9,1010.2,RIO
2023-02-05,29.9,25.7,34.0,17.0,59.3,70.0,17.5,1005.1,MAM
2023-02-06,30.6,25.1,35.5,1.8,74.5,164.0,6.4,1005.6,BALLE
2023-02-07,28.5,24.9,34.2,25.6,76.9,248.0,7.4,1010.6,JOBO
2023-02-08,30.3,24.8,34.1,2.3,60.3,75.0,22.0,1009.6,BAQ
2023-02-09,30.3,25.9,34.3,2.5,59.2,155.0,20.2,1011.1,CTG
2023-02-10,29.3,25.6,36.0,0.2,68.5,114.0,20.7,1008.0,STM
2023-02-11,29.2,25.3,35.2,0.7,72.2,321.0,16.2,1010.1,SIN
2023-02-12,30.9,25.1,36.0,2.7,80.7,198.0,15.7,1005.1,MTR
2023-02-13,30.3,25.6,36.1,20.2,59.0,8.0,5.2,1011.6,VDP
2023-02-14,31.0,25.6,36.6,10.2,66.0,207.0,20.8,1010.4,RIO
2023-02-15,29.8,25.4,34.7,1.0,69.6,300.0,10.6,1011.3,MAM
2023-02-16,29.3,24.8,36.4,8.4,68.3,294.0,16.4,1005.4,BALLE
2023-02-17,30.7,25.8,34.5,1.3,76.6,159.0,10.5,1006.7,JOBO
2023-02-18,29.1,25.3,35.5,7.1,67.3,33.0,14.9,1005.5,BAQ
2023-02-19,31.8,24.8,35.0,24.3,75.2,327.0,17.8,1008.7,CTG
2023-02-20,30.2,25.3,35.4,17.2,81.8,319.0,7.6,1007.8,STM
2023-02-21,29.1,25.3,35.2,20.4,57.7,344.0,17.8,1005.1,SIN
2023-02-22,30.0,25.5,34.4,31.6,78.9,94.0,13.7,1007.7,MTR
2023-02-23,30.2,25.4,36.1,2.0,79.9,315.0,20.3,1004.8,VDP
2023-02-24,29.9,25.5,35.3,0.6,81.8,337.0,12.0,1005.1,RIO
2023-02-25,29.0,25.7,36.2,7.3,75.5,263.0,24.1,1011.2,MAM
2023-02-26,31.0,25.4,34.8,20.0,69.1,168.0,16.8,1011.8,BALLE
2023-02-27,30.9,26.2,34.1,7.8,74.5,304.0,23.9,1007.9,JOBO
2023-02-28,29.5,26.1,36.7,4.6,69.7,267.0,13.8,1009.6,BAQ
2023-03-01,30.7,25.5,35.1,24.5,67.2,133.0,12.2,1006.9,CTG
2023-03-02,31.2,25.7,35.4,6.9,79.4,271.0,7.1,1004.4,STM
2023-03-03,31.0,24.9,36.2,18.4,64.1,328.0,10.4,1006.2,SIN
2023-03-04,31.8,26.2,36.1,20.8,72.9,209.0,15.6,1011.6,MTR
2023-03-05,30.7,26.1,35.2,6.5,75.9,140.0,24.2,1007.1,VDP
2023-03-06,32.1,25.8,36.3,2.5,65.5,314.0,7.7,1006.6,RIO
2023-03-07,31.0,25.2,35.2,1.5,80.7,70.0,19.9,1006.1,MAM
2023-03-08,31.8,26.8,36.0,15.6,64.0,278.0,17.4,1009.0,BALLE
2023-03-09,32.3,26.1,37.3,18.4,76.1,314.0,18.1,1008.8,JOBO
2023-03-10,29.4,26.3,35.1,5.8,79.2,148.0,7.3,1006.8,BAQ
2023-03-11,29.6,25.2,35.3,3.7,73.9,266.0,6.4,1010.2,CTG
2023-03-12,32.3,25.1,34.5,3.4,71.1,178.0,11.6,1009.0,STM
2023-03-13,31.0,26.8,36.9,12.3,62.7,266.0,10.7,1006.9,SIN
2023-03-14,29.5,25.5,36.6,24.3,61.4,236.0,14.0,1009.2,MTR
2023-03-15,29.7,25.7,36.5,19.1,65.4,308.0,12.4,1007.5,VDP
2023-03-16,31.4,26.4,36.7,11.1,63.6,61.0,11.6,1011.7,RIO
2023-03-17,29.4,26.5,36.0,3.0,68.5,117.0,7.1,1010.7,MAM
2023-03-18,30.8,26.3,34.7,1.6,61.0,262.0,6.6,1005.1,BALLE
2023-03-19,29.8,26.3,36.2,0.0,60.7,163.0,9.2,1004.3,JOBO
2023-03-20,31.1,25.5,36.8,4.6,58.8,6.0,11.9,1006.6,BAQ
2023-03-21,32.4,25.8,36.3,1.0,63.9,192.0,9.6,1006.8,CTG
2023-03-22,29.6,26.4,34.7,8.8,70.6,191.0,14.6,1010.7,STM
2023-03-23,31.7,25.4,35.7,3.0,62.4,66.0,12.9,1010.4,SIN
2023-03-24,30.8,26.5,34.6,17.5,62.7,281.0,16.1,1008.1,MTR
2023-03-25,30.3,26.4,36.1,0.8,57.9,99.0,15.4,1006.5,VDP
2023-03-26,29.7,25.4,37.3,3.9,69.9,164.0,13.9,1004.7,RIO
2023-03-27,29.7,25.3,35.4,22.4,67.6,214.0,20.9,1004.7,MAM
2023-03-28,32.1,26.9,36.2,26.3,66.6,245.0,22.3,1006.5,BALLE
2023-03-29,31.0,25.6,36.0,14.0,68.8,353.0,21.4,1006.6,JOBO
2023-03-30,30.0,25.5,36.3,15.2,73.6,339.0,12.3,1005.9,BAQ
2023-03-31,31.0,25.6,36.3,0.5,72.8,60.0,16.9,1006.6,CTG
2023-04-01,30.1,26.5,35.8,10.2,62.4,290.0,11.5,1005.8,STM
2023-04-02,30.4,25.6,35.9,5.5,61.7,105.0,22.2,1012.0,SIN
2023-04-03,30.6,25.7,35.9,31.5,76.8,161.0,12.1,1004.7,MTR
2023-04-04,30.3,26.5,35.5,1.4,59.8,124.0,6.1,1007.5,VDP
2023-04-05,31.6,25.4,36.3,5.6,61.1,212.0,11.0,1010.9,RIO
2023-04-06,30.7,25.5,35.0,1.1,78.1,70.0,17.9,1009.6,MAM
2023-04-07,32.5,25.4,37.1,2.7,69.2,71.0,9.3,1005.9,BALLE
2023-04-08,30.9,25.1,35.8,1.4,69.1,164.0,17.3,1010.4,JOBO
2023-04-09,31.2,26.6,34.9,25.1,80.4,129.0,7.5,1009.5,BAQ
2023-04-10,31.0,26.8,37.5,6.4,66.3,243.0,7.3,1009.1,CTG
2023-04-11,32.3,25.7,36.8,9.9,68.4,312.0,17.5,1004.5,STM
2023-04-12,32.3,26.6,37.4,0.8,59.2,324.0,13.3,1006.7,SIN
2023-04-13,29.9,26.8,37.4,0.0,74.0,6.0,23.4,1008.7,MTR
2023-04-14,30.2,26.5,35.1,8.2,62.2,244.0,17.5,1011.1,VDP
2023-04-15,29.9,25.9,37.0,28.9,61.0,12.0,24.4,1009.4,RIO
2023-04-16,31.4,25.4,35.5,0.8,74.2,349.0,15.7,1011.2,MAM
2023-04-17,32.0,25.8,36.2,1.8,66.3,116.0,14.8,1010.1,BALLE
2023-04-18,30.7,25.8,36.3,0.2,81.9,90.0,24.7,1005.9,JOBO
2023-04-19,29.7,25.7,36.2,16.3,79.9,61.0,19.2,1004.5,BAQ
2023-04-20,30.8,24.9,34.4,13.2,73.1,35.0,20.8,1005.9,CTG
2023-04-21,31.0,25.0,35.1,8.3,66.8,50.0,14.0,1008.0,STM
2023-04-22,29.7,25.9,34.7,26.2,73.8,68.0,23.0,1007.4,SIN
2023-04-23,31.0,25.0,34.4,5.4,65.6,179.0,22.3,1007.3,MTR
2023-04-24,32.0,26.0,35.6,22.5,62.9,296.0,9.6,1010.3,VDP
2023-04-25,32.2,26.4,35.7,0.1,77.8,287.0,8.6,1006.1,RIO
2023-04-26,30.3,25.8,36.6,5.7,82.1,338.0,23.6,1011.7,MAM
2023-04-27,30.6,25.7,36.4,5.9,75.1,69.0,21.9,1011.4,BALLE
2023-04-28,30.3,25.6,36.8,20.8,67.8,302.0,19.2,1004.3,JOBO
2023-04-29,31.3,24.8,37.0,2.5,58.8,27.0,8.0,1009.6,BAQ
2023-04-30,31.6,25.5,36.9,26.3,68.9,116.0,7.4,1009.2,CTG
2023-05-01,29.3,25.3,35.1,1.2,67.9,29.0,11.0,1009.2,STM
2023-05-02,31.5,26.0,34.3,12.9,77.2,259.0,17.5,1006.7,SIN
2023-05-03,31.2,26.6,36.8,1.3,66.1,357.0,21.9,1007.0,MTR
2023-05-04,29.8,24.9,34.3,0.7,66.1,185.0,12.7,1010.8,VDP
2023-05-05,31.6,26.2,36.6,0.5,59.7,54.0,22.1,1007.7,RIO
2023-05-06,31.9,25.2,36.5,2.2,67.4,141.0,13.4,1005.3,MAM
2023-05-07,30.1,25.9,36.1,23.5,79.1,213.0,12.1,1006.8,BALLE
2023-05-08,31.4,24.7,34.6,18.8,64.5,172.0,20.1,1005.5,JOBO
2023-05-09,29.7,25.8,35.9,8.5,62.4,99.0,21.0,1011.7,BAQ
2023-05-10,30.6,25.9,35.7,0.0,73.8,274.0,11.8,1011.5,CTG
2023-05-11,29.9,26.0,35.1,0.9,75.8,7.0,16.2,1006.4,STM
2023-05-12,28.9,25.4,34.6,1.8,79.9,56.0,11.4,1009.0,SIN
2023-05-13,30.1,25.8,36.5,3.7,58.4,278.0,6.5,1009.5,MTR
2023-05-14,29.9,25.7,36.4,16.2,58.7,46.0,24.3,1007.4,VDP
2023-05-15,29.9,25.4,34.0,19.9,73.5,162.0,17.4,1010.6,RIO
2023-05-16,29.9,25.3,33.9,23.3,58.6,175.0,6.4,1010.7,MAM
2023-05-17,29.3,26.4,35.6,12.4,71.1,122.0,8.6,1009.5,BALLE
2023-05-18,29.1,25.5,35.5,13.3,71.6,121.0,7.6,1004.1,JOBO
2023-05-19,29.5,25.1,33.7,0.1,63.9,333.0,19.1,1010.1,BAQ
2023-05-20,30.1,25.1,34.4,28.4,80.5,346.0,16.3,1007.7,CTG
2023-05-21,30.0,24.5,34.7,1.1,81.8,89.0,10.4,1004.8,STM
2023-05-22,29.7,25.4,33.6,6.5,62.8,45.0,21.2,1008.6,SIN
2023-05-23,29.7,24.8,34.2,1.3,66.3,12.0,16.7,1008.6,MTR
2023-05-24,30.5,24.8,33.4,1.0,62.4,95.0,8.9,1007.9,VDP
2023-05-25,28.5,25.9,34.1,0.8,75.5,212.0,23.0,1010.2,RIO
2023-05-26,30.1,25.3,34.2,2.2,59.0,92.0,7.9,1011.6,MAM
2023-05-27,30.7,25.6,34.0,4.0,62.2,68.0,7.0,1010.0,BALLE
2023-05-28,30.0,25.6,35.2,12.6,80.0,132.0,21.2,1011.6,JOBO
2023-05-29,28.3,25.1,33.8,4.8,76.4,44.0,13.5,1006.2,BAQ
2023-05-30,30.0,25.5,35.6,28.1,65.6,173.0,17.3,1010.9,CTG
2023-05-31,28.4,25.7,33.2,14.1,80.8,88.0,9.1,1009.7,STM
2023-06-01,31.0,25.4,33.3,0.4,63.6,129.0,13.8,1011.1,SIN
2023-06-02,28.5,24.0,33.7,29.5,81.3,26.0,16.4,1004.3,MTR
2023-06-03,28.2,24.4,34.2,2.3,72.7,255.0,24.2,1009.8,VDP
2023-06-04,28.8,25.6,34.1,14.6,66.3,282.0,21.7,1011.0,RIO
2023-06-05,30.6,25.8,33.5,12.2,69.9,118.0,24.7,1007.4,MAM
2023-06-06,30.7,24.8,35.5,19.3,64.9,72.0,20.7,1006.8,BALLE
2023-06-07,30.1,24.8,34.2,5.7,80.1,26.0,20.1,1005.0,JOBO
2023-06-08,30.4,24.0,34.1,23.7,79.2,151.0,16.9,1009.3,BAQ
2023-06-09,29.5,24.0,32.9,0.1,71.8,304.0,7.2,1004.6,CTG
2023-06-10,30.0,24.4,35.3,25.0,63.8,208.0,11.1,1008.9,STM
2023-06-11,28.2,25.4,33.9,20.7,63.4,229.0,11.9,1009.7,SIN
2023-06-12,28.6,25.5,35.1,11.0,68.6,164.0,21.1,1009.5,MTR
2023-06-13,29.6,25.4,35.1,5.2,67.6,178.0,24.9,1011.5,VDP
2023-06-14,28.5,24.6,32.9,6.2,68.7,5.0,8.7,1004.7,RIO
2023-06-15,28.9,24.4,33.0,7.8,73.0,82.0,6.6,1009.2,MAM
2023-06-16,29.6,24.0,32.7,3.9,77.7,184.0,17.7,1005.8,BALLE
2023-06-17,29.0,24.2,34.7,3.9,70.4,256.0,19.9,1011.7,JOBO
2023-06-18,29.6,24.9,33.9,2.6,78.7,256.0,23.8,1012.0,BAQ
2023-06-19,28.4,24.8,33.1,22.0,61.5,199.0,23.2,1008.6,CTG
2023-06-20,28.4,25.3,33.0,6.7,69.0,248.0,13.9,1007.3,STM
2023-06-21,29.8,23.4,32.7,5.9,75.7,254.0,16.1,1010.9,SIN
2023-06-22,29.8,24.0,33.0,5.2,78.3,57.0,21.9,1009.5,MTR
2023-06-23,28.2,24.6,32.0,26.7,74.1,265.0,7.9,1007.6,VDP
2023-06-24,28.4,25.2,32.0,4.0,80.0,140.0,24.2,1005.3,RIO
2023-06-25,27.7,23.8,31.9,7.2,82.1,89.0,18.3,1006.4,MAM
2023-06-26,28.1,23.7,33.7,1.4,61.5,12.0,12.4,1008.2,BALLE
2023-06-27,28.7,24.6,32.6,31.7,78.8,309.0,20.8,1008.9,JOBO
2023-06-28,28.6,23.1,34.4,0.2,70.6,187.0,20.9,1012.0,BAQ
2023-06-29,28.4,23.2,33.0,1.8,67.9,248.0,12.0,1007.5,CTG
2023-06-30,28.5,23.1,31.6,0.1,60.7,341.0,5.9,1010.4,STM
2023-07-01,27.5,23.3,33.1,2.7,64.3,168.0,20.6,1004.5,SIN
2023-07-02,27.1,24.2,33.3,2.7,66.3,35.0,5.1,1004.8,MTR
2023-07-03,29.3,24.1,34.2,6.4,57.9,222.0,13.1,1009.2,VDP
2023-07-04,28.4,24.1,31.9,19.2,60.8,162.0,13.0,1010.6,RIO
2023-07-05,29.1,23.4,33.7,22.0,67.5,262.0,21.6,1007.2,MAM
2023-07-06,26.5,24.3,33.6,26.1,77.9,109.0,13.8,1005.3,BALLE
2023-07-07,26.3,23.5,32.3,4.2,82.0,286.0,16.9,1006.1,JOBO
2023-07-08,29.1,24.1,32.0,2.6,74.8,3.0,14.7,1004.9,BAQ
2023-07-09,27.2,24.3,32.7,10.8,69.5,91.0,11.8,1006.8,CTG
2023-07-10,26.8,22.7,33.7,0.8,76.0,215.0,10.6,1006.4,STM
2023-07-11,28.3,22.8,31.7,3.2,65.7,95.0,18.6,1009.2,SIN
2023-07-12,27.0,23.5,32.4,1.5,79.1,229.0,10.0,1004.4,MTR
2023-07-13,27.0,23.3,32.1,0.2,59.3,53.0,21.7,1005.6,VDP
2023-07-14,28.6,22.9,33.7,11.9,58.2,218.0,22.2,1009.7,RIO
2023-07-15,26.6,24.0,33.0,0.9,64.6,215.0,18.0,1008.9,MAM
2023-07-16,26.1,22.6,32.9,12.2,65.5,169.0,18.0,1007.8,BALLE
2023-07-17,27.2,22.7,33.3,1.4,74.4,159.0,13.4,1010.3,JOBO
2023-07-18,26.8,23.6,32.6,24.1,59.3,194.0,8.3,1005.1,BAQ
2023-07-19,27.9,23.5,31.3,13.6,80.6,78.0,14.0,1010.7,CTG
2023-07-20,26.8,24.2,32.9,14.5,77.1,213.0,24.6,1005.7,STM
2023-07-21,27.1,23.4,33.1,16.8,76.7,224.0,23.0,1004.0,SIN
2023-07-22,28.4,23.3,30.6,20.5,67.9,151.0,24.9,1006.1,MTR
2023-07-23,28.0,22.9,31.0,3.4,62.6,258.0,9.9,1005.2,VDP
2023-07-24,27.9,23.4,32.8,0.9,66.0,262.0,16.0,1008.2,RIO
2023-07-25,27.4,23.3,31.6,30.4,57.7,300.0,24.4,1006.6,MAM
2023-07-26,25.5,24.1,30.4,11.9,72.0,294.0,20.9,1007.5,BALLE
2023-07-27,25.3,24.0,32.8,0.3,71.5,356.0,7.5,1011.0,JOBO
2023-07-28,25.2,22.4,31.8,19.9,60.6,102.0,21.4,1005.8,BAQ
2023-07-29,26.3,23.6,31.9,17.5,63.1,22.0,8.8,1008.3,CTG
2023-07-30,27.4,22.1,32.1,22.4,77.7,178.0,10.8,1008.1,STM
2023-07-31,25.3,23.6,30.4,0.5,78.7,179.0,20.4,1011.2,SIN
2023-08-01,25.8,22.9,30.3,18.4,68.0,332.0,13.0,1004.6,MTR
2023-08-02,26.6,22.2,30.8,15.5,69.1,11.0,5.9,1010.4,VDP
2023-08-03,25.3,23.2,31.0,6.8,73.4,254.0,24.3,1010.1,RIO
2023-08-04,26.6,23.7,32.2,13.0,76.9,301.0,9.9,1008.3,MAM
2023-08-05,25.6,22.9,31.7,3.7,78.1,316.0,13.7,1010.1,BALLE
2023-08-06,25.7,21.9,30.6,18.6,81.3,125.0,22.2,1011.9,JOBO
2023-08-07,26.6,23.0,30.8,4.4,78.7,16.0,16.1,1010.1,BAQ
2023-08-08,26.7,23.6,30.0,7.7,78.3,27.0,22.7,1004.2,CTG
2023-08-09,27.4,22.7,30.2,32.2,60.3,7.0,18.5,1006.6,STM
2023-08-10,25.9,21.9,30.5,6.1,58.6,335.0,10.0,1004.7,SIN
2023-08-11,27.3,23.5,31.9,0.1,71.8,186.0,23.7,1011.6,MTR
2023-08-12,25.3,22.9,31.3,1.4,72.8,56.0,20.7,1004.9,VDP
2023-08-13,25.7,23.4,30.3,3.6,65.4,308.0,14.0,1008.5,RIO
2023-08-14,26.3,22.4,30.2,24.7,60.9,230.0,9.0,1005.2,MAM
2023-08-15,25.8,23.5,31.8,15.6,62.0,105.0,24.2,1009.2,BALLE
2023-08-16,26.9,21.7,30.0,4.5,68.9,307.0,5.2,1004.1,JOBO
2023-08-17,27.3,22.7,31.5,2.6,70.1,58.0,9.4,1009.2,BAQ
2023-08-18,25.3,23.3,29.4,1.2,64.7,151.0,6.4,1010.9,CTG
2023-08-19,25.7,21.6,30.4,26.0,82.0,342.0,22.5,1006.6,STM
2023-08-20,27.2,21.6,29.9,21.4,61.5,54.0,17.6,1007.1,SIN
2023-08-21,24.4,22.8,30.7,18.3,69.9,61.0,16.2,1010.2,MTR
2023-08-22,25.5,22.4,31.6,6.7,71.4,268.0,16.8,1008.4,VDP
2023-08-23,24.3,22.7,31.0,1.9,78.1,281.0,14.0,1005.9,RIO
2023-08-24,26.1,22.9,31.8,0.1,80.4,179.0,9.7,1005.6,MAM
2023-08-25,24.4,22.1,30.9,0.9,76.7,170.0,17.4,1007.6,BALLE
2023-08-26,25.3,22.0,31.5,21.1,68.2,65.0,6.4,1008.9,JOBO
2023-08-27,26.0,22.6,29.1,13.3,69.9,353.0,8.0,1009.1,BAQ
2023-08-28,25.2,21.8,29.3,1.7,65.1,57.0,10.7,1006.1,CTG
2023-08-29,26.4,22.1,30.1,0.6,58.8,86.0,9.9,1006.7,STM
2023-08-30,25.6,21.9,28.9,6.7,73.7,278.0,14.0,1007.5,SIN
2023-08-31,24.2,22.1,31.5,30.0,67.9,88.0,16.2,1009.6,MTR
2023-09-01,24.8,22.8,30.3,9.4,64.0,46.0,22.3,1012.0,VDP
2023-09-02,24.2,23.0,29.6,35.4,77.8,108.0,23.8,1008.8,RIO
2023-09-03,24.4,22.8,30.0,9.8,82.2,222.0,14.4,1011.9,MAM
2023-09-04,24.1,22.6,31.7,12.2,62.2,30.0,19.1,1006.9,BALLE
2023-09-05,23.9,22.5,30.7,5.8,76.7,187.0,21.0,1008.3,JOBO
2023-09-06,26.3,22.6,30.7,13.3,82.2,160.0,21.9,1004.5,BAQ
2023-09-07,25.2,23.0,29.1,19.6,63.9,207.0,7.9,1009.9,CTG
2023-09-08,26.1,21.7,29.0,9.0,77.4,85.0,7.2,1011.5,STM
2023-09-09,25.7,21.9,31.4,11.8,76.1,331.0,5.4,1009.2,SIN
2023-09-10,25.2,22.1,29.2,12.6,76.3,114.0,9.5,1007.7,MTR
2023-09-11,23.9,22.9,30.9,1.1,62.9,297.0,17.9,1005.8,VDP
2023-09-12,26.2,22.2,31.6,35.3,76.6,355.0,17.3,1007.6,RIO
2023-09-13,24.3,22.3,31.6,20.8,71.8,336.0,12.0,1008.7,MAM
2023-09-14,26.2,22.2,29.6,31.0,69.3,94.0,9.8,1010.0,BALLE
2023-09-15,23.9,22.8,30.5,0.5,60.0,81.0,15.4,1010.9,JOBO
2023-09-16,24.4,21.8,30.4,1.4,66.2,45.0,19.6,1010.1,BAQ
2023-09-17,23.8,22.3,29.8,8.0,74.4,14.0,11.2,1009.2,CTG
2023-09-18,26.5,21.2,31.5,25.4,59.6,216.0,24.2,1010.3,STM
2023-09-19,23.9,22.7,29.4,16.0,66.9,148.0,7.3,1004.5,SIN
2023-09-20,26.5,21.9,30.9,3.1,69.0,38.0,12.6,1006.7,MTR
2023-09-21,24.6,22.9,28.6,18.1,79.4,354.0,6.7,1007.8,VDP
2023-09-22,24.7,21.9,30.2,20.2,69.4,273.0,23.4,1010.8,RIO
2023-09-23,25.4,22.6,29.2,24.5,76.1,189.0,5.2,1009.7,MAM
2023-09-24,23.7,21.4,29.9,15.1,64.4,50.0,7.9,1007.1,BALLE
2023-09-25,23.6,22.4,31.1,6.4,57.5,107.0,16.3,1008.9,JOBO
2023-09-26,25.6,21.6,31.4,23.5,64.1,260.0,22.0,1009.1,BAQ
2023-09-27,23.8,22.7,31.0,17.9,72.3,231.0,24.1,1011.7,CTG
2023-09-28,24.1,21.9,30.1,4.2,58.7,338.0,14.9,1007.3,STM
2023-09-29,25.6,21.9,28.8,30.0,70.5,60.0,9.4,1007.4,SIN
2023-09-30,24.6,21.4,30.2,0.2,63.3,110.0,6.3,1008.7,MTR
2023-10-01,25.3,21.9,29.8,7.2,73.0,56.0,7.1,1010.9,VDP
2023-10-02,25.5,21.2,29.3,11.5,63.0,244.0,8.4,1009.1,RIO
2023-10-03,24.2,22.8,30.0,12.9,70.3,260.0,17.4,1007.7,MAM
2023-10-04,25.0,21.3,29.5,1.9,66.8,213.0,18.2,1004.1,BALLE
2023-10-05,25.1,22.3,30.5,22.1,73.6,217.0,22.1,1010.1,JOBO
2023-10-06,24.0,22.5,29.0,11.9,66.7,56.0,8.2,1009.3,BAQ
2023-10-07,24.3,23.0,30.6,17.9,63.3,117.0,24.0,1010.0,CTG
2023-10-08,25.0,21.2,30.9,1.7,72.2,358.0,22.8,1004.2,STM
2023-10-09,26.4,22.0,30.4,33.5,71.5,343.0,8.8,1004.9,SIN
2023-10-10,25.6,21.3,29.9,5.5,58.0,297.0,22.0,1007.3,MTR
2023-10-11,23.8,21.1,28.8,21.1,72.1,230.0,12.7,1010.5,VDP
2023-10-12,25.9,22.8,30.1,28.1,65.5,1.0,6.8,1004.4,RIO
2023-10-13,26.3,21.4,29.7,3.7,59.6,26.0,8.6,1007.8,MAM
2023-10-14,25.4,22.5,31.0,7.8,58.1,125.0,19.3,1005.2,BALLE
2023-10-15,24.5,21.4,30.0,2.7,64.1,224.0,7.7,1008.0,JOBO
2023-10-16,25.6,21.4,30.9,8.7,79.6,252.0,10.8,1008.5,BAQ
2023-10-17,25.2,22.6,29.5,14.6,64.3,158.0,15.2,1009.4,CTG
2023-10-18,26.3,22.2,30.3,5.2,79.2,277.0,8.3,1011.0,STM
2023-10-19,24.1,22.4,29.8,9.9,64.5,134.0,11.7,1006.3,SIN
2023-10-20,24.5,22.4,29.2,8.2,64.8,52.0,16.0,1007.6,MTR
2023-10-21,26.3,22.6,29.3,8.8,78.1,20.0,20.6,1009.4,VDP
2023-10-22,24.2,22.6,28.9,8.2,70.2,288.0,17.0,1004.6,RIO
2023-10-23,26.4,22.6,31.4,1.8,68.8,1.0,16.9,1004.7,MAM
2023-10-24,26.3,21.5,29.4,0.2,81.3,308.0,15.2,1006.5,BALLE
2023-10-25,26.4,21.6,29.5,15.7,66.4,88.0,14.6,1011.9,JOBO
2023-10-26,24.7,21.5,29.0,7.0,74.1,283.0,13.9,1004.9,BAQ
2023-10-27,26.0,23.0,30.9,9.4,72.4,106.0,5.4,1006.8,CTG
2023-10-28,24.3,22.9,30.9,14.9,69.9,337.0,15.7,1012.0,STM
2023-10-29,24.9,22.3,31.4,7.1,72.8,142.0,9.6,1009.4,SIN
2023-10-30,26.2,22.9,29.2,17.4,65.8,318.0,18.0,1005.2,MTR
2023-10-31,26.1,22.4,29.7,29.3,62.8,103.0,6.4,1006.6,VDP
2023-11-01,24.2,22.6,29.3,16.2,81.1,165.0,9.5,1006.7,RIO
2023-11-02,24.3,22.7,29.2,8.8,74.3,77.0,10.7,1008.5,MAM
2023-11-03,26.5,22.2,30.0,7.7,64.1,59.0,23.3,1008.3,BALLE
2023-11-04,26.0,22.6,31.0,3.6,70.8,85.0,5.5,1007.0,JOBO
2023-11-05,25.5,22.3,29.9,13.2,67.9,333.0,9.8,1011.8,BAQ
2023-11-06,26.0,21.6,29.4,10.1,63.6,174.0,24.0,1009.4,CTG
2023-11-07,26.6,22.2,29.3,8.6,63.6,78.0,22.4,1011.4,STM
2023-11-08,25.0,23.0,30.4,17.4,74.8,269.0,15.8,1004.8,SIN
2023-11-09,27.2,23.0,31.4,0.9,75.3,75.0,14.5,1006.0,MTR
2023-11-10,25.2,21.7,31.1,2.2,69.8,19.0,23.9,1005.1,VDP
2023-11-11,26.4,21.6,32.1,0.4,73.9,169.0,5.0,1011.6,RIO
2023-11-12,24.4,23.0,30.3,7.3,59.7,288.0,5.6,1008.0,MAM
2023-11-13,25.0,23.1,30.4,30.2,71.6,95.0,23.9,1005.7,BALLE
2023-11-14,27.3,21.6,30.7,1.0,79.1,281.0,20.9,1004.1,JOBO
2023-11-15,26.7,23.3,29.7,7.2,58.2,293.0,17.8,1011.6,BAQ
2023-11-16,24.7,23.2,32.2,23.0,77.5,84.0,16.3,1004.8,CTG
2023-11-17,25.1,22.1,30.7,16.7,63.7,82.0,19.8,1007.7,STM
2023-11-18,25.3,22.7,29.6,6.2,71.4,76.0,13.8,1009.6,SIN
2023-11-19,25.4,22.5,32.3,0.7,59.2,56.0,8.1,1005.6,MTR
2023-11-20,26.3,23.5,32.2,28.2,77.3,115.0,5.4,1009.7,VDP
2023-11-21,25.8,21.7,30.4,2.0,77.7,288.0,12.3,1006.3,RIO
2023-11-22,25.9,21.8,30.0,3.8,58.5,137.0,24.2,1007.3,MAM
2023-11-23,25.2,22.8,29.8,1.4,66.3,279.0,12.2,1004.1,BALLE
2023-11-24,26.4,23.7,32.6,4.9,63.7,235.0,14.8,1011.6,JOBO
2023-11-25,25.4,22.6,31.4,21.0,61.8,291.0,21.8,1009.8,BAQ
2023-11-26,27.0,22.2,31.9,11.2,77.0,78.0,5.3,1006.3,CTG
2023-11-27,25.4,22.5,32.3,12.6,62.0,192.0,15.5,1004.6,STM
2023-11-28,25.8,22.5,31.7,18.8,67.3,342.0,17.9,1004.8,SIN
2023-11-29,26.8,23.7,30.3,8.8,66.7,35.0,12.6,1004.5,MTR
2023-11-30,26.6,22.8,30.4,9.8,77.1,175.0,23.0,1010.8,VDP
2023-12-01,26.8,23.8,30.7,22.5,70.5,44.0,10.7,1010.3,RIO
2023-12-02,25.8,23.9,31.7,2.2,70.8,59.0,16.1,1009.6,MAM
2023-12-03,27.5,22.8,32.4,5.8,76.8,66.0,14.1,1007.6,BALLE
2023-12-04,26.4,22.3,31.6,3.6,79.1,190.0,14.7,1010.5,JOBO
2023-12-05,26.9,22.7,33.1,3.2,69.2,232.0,19.8,1004.2,BAQ
2023-12-06,26.8,22.2,32.5,18.5,67.6,145.0,7.9,1006.4,CTG
2023-12-07,28.2,22.5,31.2,26.8,74.7,172.0,7.4,1004.2,STM
2023-12-08,27.5,24.1,31.7,7.5,76.0,17.0,5.7,1010.9,SIN
2023-12-09,25.7,22.8,31.8,12.1,63.1,220.0,17.1,1005.4,MTR
2023-12-10,27.0,23.0,33.2,3.3,63.7,78.0,8.5,1008.1,VDP
2023-12-11,27.9,22.5,30.9,7.6,66.7,6.0,16.6,1009.1,RIO
2023-12-12,27.9,24.2,33.0,4.3,66.7,352.0,22.3,1004.2,MAM
2023-12-13,27.8,23.9,31.3,24.6,67.1,210.0,6.5,1005.8,BALLE
2023-12-14,27.8,22.4,31.1,9.4,76.1,143.0,21.7,1004.2,JOBO
2023-12-15,28.5,22.6,33.4,3.6,69.6,313.0,16.1,1004.1,BAQ
2023-12-16,28.7,23.6,33.4,3.9,73.1,205.0,21.5,1008.8,CTG
2023-12-17,28.3,24.5,32.7,15.6,74.1,314.0,19.7,1006.0,STM
2023-12-18,26.0,24.1,31.7,6.3,67.4,210.0,21.5,1006.2,SIN
2023-12-19,27.1,24.4,33.8,25.4,81.3,182.0,11.1,1004.1,MTR
2023-12-20,26.2,22.7,33.2,1.3,60.7,292.0,6.6,1007.0,VDP
2023-12-21,27.6,23.9,32.7,1.4,67.8,45.0,8.8,1008.9,RIO
2023-12-22,27.1,23.8,32.8,31.9,76.0,133.0,9.8,1008.7,MAM
2023-12-23,26.2,24.3,33.8,0.1,60.0,204.0,13.6,1009.7,BALLE
2023-12-24,26.9,23.6,32.9,13.8,75.1,219.0,23.0,1009.4,JOBO
2023-12-25,28.3,23.9,31.4,8.9,58.8,258.0,13.1,1008.0,BAQ
2023-12-26,26.5,24.5,33.9,1.2,58.1,190.0,23.5,1010.7,CTG
2023-12-27,27.3,24.2,34.2,4.2,75.6,248.0,11.5,1007.5,STM
2023-12-28,26.4,23.0,34.2,1.1,68.5,350.0,15.4,1005.1,SIN
2023-12-29,29.3,23.5,33.5,5.8,67.3,121.0,14.8,1010.0,MTR
2023-12-30,27.1,24.4,32.5,15.5,72.3,141.0,21.2,1006.2,VDP
2023-12-31,28.0,23.7,33.4,4.1,59.6,220.0,24.8,1011.6,RIO
2023-01-01,26.7,24.3,32.0,7.5,76.4,224.0,12.4,1009.0,SIN
2023-01-02,27.0,24.7,33.8,14.3,79.1,125.0,23.6,1009.6,MTR
2023-01-03,27.3,24.7,33.8,6.1,81.9,216.0,10.9,1009.0,VDP
2023-01-04,28.1,25.0,33.6,7.1,69.6,323.0,5.1,1010.1,RIO
2023-01-05,27.9,24.0,34.6,1.7,72.8,6.0,23.7,1006.1,MAM
2023-01-06,27.4,24.8,31.9,8.2,60.0,344.0,17.9,1010.2,BALLE
2023-01-07,29.8,23.6,32.0,0.2,66.1,183.0,11.5,1004.0,JOBO
2023-01-08,29.2,23.3,32.8,3.3,60.9,229.0,19.2,1007.4,BAQ
2023-01-09,28.1,23.4,33.5,8.0,80.5,100.0,24.8,1007.0,CTG
2023-01-10,27.2,25.1,34.3,12.7,58.7,116.0,8.5,1004.4,STM
2023-01-11,29.7,24.3,35.1,6.9,72.4,98.0,8.2,1011.8,SIN
2023-01-12,29.0,24.3,33.7,1.9,65.5,37.0,9.2,1005.1,MTR
2023-01-13,29.2,24.4,32.3,14.0,74.0,311.0,16.3,1008.0,VDP
2023-01-14,28.4,24.6,32.3,14.7,60.8,260.0,24.7,1008.7,RIO
2023-01-15,29.2,25.2,34.8,9.0,70.8,359.0,10.2,1004.8,MAM
2023-01-16,29.2,25.3,33.9,23.5,58.1,267.0,12.9,1007.4,BALLE
2023-01-17,28.5,25.5,32.6,3.2,68.1,269.0,19.8,1004.6,JOBO
2023-01-18,29.0,24.2,33.8,1.0,62.6,221.0,7.8,1008.9,BAQ
2023-01-19,29.5,24.3,33.7,11.9,57.6,24.0,19.3,1005.4,CTG
2023-01-20,28.8,24.6,34.0,10.9,67.0,158.0,12.4,1004.7,STM
2023-01-21,28.4,23.8,34.9,0.2,66.3,9.0,6.1,1009.1,SIN
2023-01-22,29.6,25.7,34.3,10.7,60.8,77.0,6.9,1007.9,MTR
2023-01-23,30.3,24.1,34.2,11.5,69.5,89.0,21.0,1010.0,VDP
2023-01-24,28.0,24.1,34.6,6.5,74.9,203.0,20.7,1008.1,RIO
2023-01-25,29.9,25.7,34.4,23.6,76.4,116.0,16.0,1004.9,MAM
2023-01-26,28.1,24.3,35.3,1.9,68.0,122.0,21.5,1006.3,BALLE
2023-01-27,30.8,25.2,34.4,24.5,77.3,33.0,21.3,1008.6,JOBO
2023-01-28,30.8,25.5,35.8,2.7,61.5,247.0,24.4,1011.1,BAQ
2023-01-29,30.4,25.0,34.9,29.9,75.6,183.0,15.4,1008.9,CTG
2023-01-30,30.1,25.9,34.5,5.9,79.7,111.0,8.1,1005.5,STM
2023-01-31,28.8,25.4,33.3,12.9,65.3,89.0,19.7,1007.7,SIN
2023-02-01,29.5,24.5,35.8,9.5,63.8,197.0,10.2,1011.6,MTR
2023-02-02,30.5,25.8,35.4,8.8,71.0,109.0,22.8,1007.6,VDP
2023-02-03,28.7,25.7,35.8,16.7,79.0,351.0,6.1,1010.6,RIO
2023-02-04,29.3,24.4,33.9,6.2,67.0,262.0,12.2,1010.7,MAM
2023-02-05,30.4,24.3,35.6,1.7,63.5,3.0,9.4,1011.3,BALLE
2023-02-06,30.5,25.6,33.6,10.2,79.6,156.0,24.8,1005.7,JOBO
2023-02-07,30.2,25.2,36.3,2.6,79.6,254.0,5.8,1005.9,BAQ
2023-02-08,29.0,24.5,33.7,1.3,63.0,156.0,22.3,1012.0,CTG
2023-02-09,29.5,26.1,33.5,3.4,79.0,183.0,19.7,1011.7,STM
2023-02-10,31.4,24.7,34.4,0.9,82.3,154.0,22.8,1008.5,SIN
2023-02-11,29.5,25.9,35.0,7.2,80.4,118.0,24.7,1007.1,MTR
2023-02-12,29.8,24.6,35.7,4.2,66.2,20.0,20.6,1004.3,VDP
2023-02-13,30.3,25.5,34.2,8.8,71.7,129.0,6.0,1009.4,RIO
2023-02-14,29.0,25.3,35.3,1.9,74.3,316.0,8.6,1004.1,MAM
2023-02-15,31.1,24.9,34.5,0.3,65.4,20.0,16.0,1010.8,BALLE
2023-02-16,30.4,26.3,35.9,5.4,64.3,211.0,11.7,1011.1,JOBO
2023-02-17,29.8,25.0,34.4,30.2,81.2,325.0,5.2,1007.7,BAQ
2023-02-18,31.7,24.6,34.6,15.0,64.3,174.0,17.4,1005.7,CTG
2023-02-19,30.8,26.2,36.0,31.3,70.7,278.0,12.2,1004.6,STM
2023-02-20,29.7,25.0,36.0,13.0,80.9,7.0,9.7,1010.1,SIN
2023-02-21,30.3,26.0,36.6,4.4,75.8,159.0,12.6,1008.5,MTR
2023-02-22,31.5,26.4,35.9,10.6,59.0,271.0,15.4,1004.7,VDP
2023-02-23,29.7,25.9,33.9,2.2,75.6,293.0,9.0,1010.9,RIO
2023-02-24,30.7,24.8,35.1,7.0,60.1,67.0,18.2,1004.9,MAM
2023-02-25,31.1,25.3,34.6,2.1,73.9,189.0,11.3,1010.8,BALLE
2023-02-26,31.4,26.6,36.6,0.1,69.2,37.0,10.2,1007.5,JOBO
2023-02-27,31.5,26.5,35.3,2.6,74.5,117.0,21.3,1008.2,BAQ
2023-02-28,29.1,26.0,35.9,5.2,63.9,109.0,21.0,1006.5,CTG
2023-03-01,31.6,26.7,35.4,21.3,76.6,261.0,14.8,1006.9,STM
2023-03-02,29.3,25.7,34.8,0.3,81.4,154.0,18.1,1008.7,SIN
2023-03-03,30.1,25.7,36.6,18.8,73.5,190.0,18.6,1009.0,MTR
2023-03-04,29.4,25.7,35.1,9.9,69.4,266.0,7.1,1005.9,VDP
2023-03-05,30.2,26.2,35.2,7.3,61.9,181.0,8.3,1006.9,RIO
2023-03-06,29.5,25.2,35.2,4.7,64.2,188.0,20.1,1009.8,MAM
2023-03-07,30.0,26.5,34.3,1.5,64.1,130.0,23.7,1004.2,BALLE
2023-03-08,31.1,26.4,36.3,16.8,75.1,274.0,11.0,1006.2,JOBO
2023-03-09,31.9,26.2,35.4,1.0,65.8,75.0,24.3,1005.4,BAQ
2023-03-10,31.2,26.5,35.1,11.3,60.9,132.0,7.7,1006.6,CTG
2023-03-11,29.3,25.2,35.5,0.5,74.1,311.0,5.1,1011.8,STM
2023-03-12,30.3,26.5,34.6,3.5,61.0,286.0,24.4,1007.1,SIN
2023-03-13,32.2,26.6,35.3,11.0,81.4,160.0,20.0,1005.0,MTR
2023-03-14,29.5,25.4,35.5,2.2,76.1,317.0,22.5,1005.1,VDP
2023-03-15,30.9,25.2,35.7,0.7,70.5,18.0,5.2,1009.1,RIO
2023-03-16,29.5,26.2,35.1,1.5,72.6,108.0,19.0,1008.5,MAM
2023-03-17,31.4,25.7,35.6,31.5,78.2,316.0,10.1,1010.3,BALLE
2023-03-18,31.7,26.0,36.7,3.8,81.1,148.0,11.2,1006.9,JOBO
2023-03-19,29.7,25.1,35.8,0.9,58.5,87.0,18.3,1005.0,BAQ
2023-03-20,31.3,25.9,34.8,16.5,66.3,280.0,23.5,1011.1,CTG
2023-03-21,32.1,25.0,34.6,29.3,69.1,208.0,12.3,1006.5,STM
2023-03-22,30.2,26.4,36.9,0.5,71.6,44.0,19.8,1004.6,SIN
2023-03-23,30.7,26.2,36.1,5.9,65.4,132.0,24.5,1009.8,MTR
2023-03-24,31.2,27.0,34.5,21.3,65.0,82.0,17.1,1007.7,VDP
2023-03-25,30.6,26.8,34.8,11.0,81.0,116.0,15.9,1008.0,RIO
2023-03-26,32.1,25.9,37.2,0.2,74.1,60.0,5.1,1006.8,MAM
2023-03-27,30.8,26.3,34.9,1.8,81.6,301.0,15.8,1011.2,BALLE
2023-03-28,30.5,26.8,37.0,6.4,59.5,188.0,14.0,1005.4,JOBO
2023-03-29,29.8,26.5,35.2,7.7,72.9,261.0,9.9,1008.8,BAQ
2023-03-30,29.6,26.2,36.6,5.9,82.1,281.0,19.8,1007.1,CTG
2023-03-31,30.4,25.2,36.3,10.4,62.6,345.0,13.1,1005.8,STM
2023-04-01,31.2,25.1,35.8,6.5,65.2,335.0,8.1,1004.6,SIN
2023-04-02,31.6,26.8,36.7,3.0,59.0,26.0,11.0,1007.9,MTR
2023-04-03,31.9,25.4,35.3,12.3,76.9,142.0,24.1,1008.5,VDP
2023-04-04,30.9,26.2,34.7,13.7,75.7,255.0,15.0,1006.3,RIO
2023-04-05,29.9,25.9,34.6,26.3,73.8,33.0,13.0,1004.7,MAM
2023-04-06,31.2,25.3,36.5,11.6,57.7,310.0,16.4,1004.5,BALLE
2023-04-07,32.2,26.1,37.0,4.2,61.9,10.0,23.0,1010.8,JOBO
2023-04-08,30.4,25.1,35.0,2.2,63.5,182.0,18.0,1008.8,BAQ
2023-04-09,31.9,26.2,37.2,0.5,66.1,130.0,10.7,1006.7,CTG
2023-04-10,32.2,26.4,36.2,24.9,68.5,352.0,16.3,1005.0,STM
2023-04-11,30.8,25.6,36.6,2.5,67.4,69.0,24.9,1006.5,SIN
2023-04-12,31.4,26.6,37.2,4.1,78.7,64.0,13.9,1007.3,MTR
2023-04-13,32.4,25.7,37.2,7.3,61.2,104.0,11.6,1005.0,VDP
2023-04-14,31.9,26.4,35.1,36.2,70.8,146.0,15.4,1005.7,RIO
2023-04-15,31.2,26.5,35.7,1.8,79.0,288.0,22.4,1007.1,MAM
2023-04-16,31.3,25.9,36.8,28.2,63.6,115.0,14.6,1010.0,BALLE
2023-04-17,32.2,25.7,35.6,6.8,68.4,357.0,22.8,1004.5,JOBO
2023-04-18,31.7,24.9,35.2,4.5,72.2,238.0,5.9,1010.2,BAQ
2023-04-19,30.8,26.3,35.4,3.3,75.8,266.0,5.5,1007.1,CTG
2023-04-20,30.7,25.1,36.2,20.1,58.6,154.0,17.4,1007.8,STM
2023-04-21,30.2,26.6,36.4,16.3,78.2,89.0,13.0,1005.5,SIN
2023-04-22,31.8,26.1,35.2,1.8,62.3,130.0,7.9,1009.8,MTR
2023-04-23,29.7,26.8,36.2,0.4,71.7,312.0,8.9,1011.9,VDP
2023-04-24,31.8,26.6,35.3,4.7,66.1,30.0,23.1,1005.7,RIO
2023-04-25,29.4,25.2,35.0,0.5,63.0,245.0,11.0,1011.6,MAM
2023-04-26,31.9,25.9,36.9,33.1,64.9,283.0,18.9,1011.4,BALLE
2023-04-27,29.4,25.9,34.6,18.8,77.0,130.0,5.1,1007.3,JOBO
2023-04-28,30.7,25.9,36.0,1.8,65.9,322.0,7.1,1004.5,BAQ
2023-04-29,31.3,26.4,36.3,2.0,72.2,264.0,22.1,1004.8,CTG
2023-04-30,30.8,25.7,36.0,7.4,80.2,233.0,9.3,1005.1,STM
2023-05-01,32.1,25.4,35.6,4.7,77.2,285.0,5.7,1009.3,SIN
2023-05-02,31.0,25.4,36.7,1.2,63.0,19.0,19.5,1007.9,MTR
2023-05-03,30.3,26.5,35.1,7.9,78.2,72.0,10.1,1010.3,VDP
2023-05-04,30.6,25.8,36.0,2.9,76.3,30.0,7.1,1008.3,RIO
2023-05-05,30.7,25.6,35.0,1.0,65.7,168.0,13.2,1004.3,MAM
2023-05-06,30.6,25.3,35.8,14.6,66.3,212.0,12.8,1007.2,BALLE
2023-05-07,31.4,26.4,36.8,2.7,68.8,333.0,23.9,1004.6,JOBO
2023-05-08,30.5,26.3,34.7,3.3,69.9,171.0,21.5,1007.4,BAQ
2023-05-09,29.4,26.2,34.4,15.8,72.3,0.0,9.2,1011.2,CTG
2023-05-10,30.0,26.3,35.8,12.1,68.5,342.0,13.9,1008.8,STM
2023-05-11,29.2,25.8,36.5,9.9,74.7,300.0,19.2,1005.1,SIN
2023-05-12,31.3,24.7,35.6,4.6,61.1,178.0,6.4,1010.2,MTR
2023-05-13,31.4,25.9,33.9,15.7,81.0,237.0,16.9,1006.6,VDP
2023-05-14,31.6,25.9,34.9,10.2,72.2,206.0,9.9,1011.0,RIO
2023-05-15,31.3,25.8,34.3,0.8,79.3,177.0,22.1,1009.7,MAM
2023-05-16,31.1,25.3,34.4,19.4,58.5,283.0,8.0,1011.5,BALLE
2023-05-17,30.4,25.5,33.7,30.3,62.7,299.0,5.5,1010.9,JOBO
2023-05-18,29.5,24.4,36.0,19.8,68.0,223.0,16.7,1004.6,BAQ
2023-05-19,30.8,26.1,36.0,1.4,61.2,161.0,22.6,1007.5,CTG
2023-05-20,30.1,25.7,34.7,3.1,80.1,27.0,21.1,1007.1,STM
2023-05-21,31.3,26.3,36.3,21.8,75.6,151.0,18.8,1005.6,SIN
2023-05-22,29.8,25.7,35.2,18.6,62.7,230.0,18.3,1010.6,MTR
2023-05-23,29.2,25.2,35.9,2.3,70.8,349.0,14.0,1010.4,VDP
2023-05-24,31.2,24.8,33.8,5.2,78.1,269.0,10.1,1009.4,RIO
2023-05-25,29.8,25.1,34.9,13.5,75.2,63.0,16.2,1009.4,MAM
2023-05-26,28.9,25.2,33.8,25.5,78.1,193.0,7.0,1011.2,BALLE
2023-05-27,28.6,24.8,34.3,9.5,66.7,18.0,7.9,1009.4,JOBO
2023-05-28,30.5,24.8,35.4,27.1,78.4,73.0,6.7,1005.9,BAQ
2023-05-29,30.9,24.4,34.2,9.2,60.2,34.0,19.3,1009.2,CTG
2023-05-30,28.2,24.1,35.9,18.7,63.9,280.0,24.9,1006.7,STM
2023-05-31,29.1,25.5,35.1,14.9,66.0,37.0,9.0,1005.9,SIN
2023-06-01,28.7,24.4,35.4,16.6,68.7,167.0,18.6,1007.5,MTR
2023-06-02,29.0,24.7,33.9,0.1,81.8,135.0,24.5,1005.3,VDP
2023-06-03,28.9,24.6,33.4,10.8,76.1,166.0,20.4,1011.9,RIO
2023-06-04,28.3,25.8,34.2,12.3,71.1,142.0,15.1,1005.3,MAM
2023-06-05,28.6,25.1,33.7,9.3,72.1,16.0,21.9,1006.9,BALLE
2023-06-06,29.3,25.0,33.6,13.1,69.5,207.0,16.9,1004.8,JOBO
2023-06-07,30.1,24.1,33.0,15.3,73.7,317.0,21.8,1008.3,BAQ
2023-06-08,30.4,25.2,32.9,6.8,59.2,95.0,7.5,1006.5,CTG
2023-06-09,29.0,24.5,34.5,0.1,73.7,98.0,20.0,1010.6,STM
2023-06-10,29.6,25.1,35.6,2.5,59.4,108.0,12.0,1004.6,SIN
2023-06-11,30.0,23.9,34.8,24.6,80.1,239.0,6.9,1006.0,MTR
2023-06-12,28.8,25.1,35.4,12.8,72.7,184.0,6.8,1008.3,VDP
2023-06-13,28.5,25.3,34.6,8.3,57.7,215.0,7.4,1009.2,RIO
2023-06-14,28.4,24.0,34.9,0.4,66.0,102.0,20.8,1004.8,MAM
2023-06-15,27.6,24.9,35.2,34.7,72.7,231.0,14.1,1010.1,BALLE
2023-06-16,27.7,25.2,34.4,7.3,59.7,164.0,10.9,1006.1,JOBO
2023-06-17,29.3,23.6,35.1,6.6,78.4,145.0,16.7,1004.5,BAQ
2023-06-18,29.0,24.5,35.1,3.8,64.2,201.0,15.1,1010.8,CTG
2023-06-19,29.6,24.4,34.0,27.5,59.6,230.0,22.9,1005.3,STM
2023-06-20,28.8,23.9,33.5,3.1,75.5,125.0,21.8,1007.5,SIN
2023-06-21,29.2,24.7,32.8,18.1,71.6,319.0,21.4,1011.9,MTR
2023-06-22,28.5,24.5,34.8,17.4,74.3,99.0,9.0,1006.0,VDP
2023-06-23,28.0,23.8,33.4,4.5,71.0,65.0,5.1,1011.4,RIO
2023-06-24,28.3,25.2,33.6,0.4,78.9,10.0,5.5,1007.5,MAM
2023-06-25,28.6,24.5,33.8,21.3,78.8,4.0,15.6,1006.0,BALLE
2023-06-26,28.2,23.8,34.2,6.4,80.1,291.0,15.2,1007.4,JOBO
2023-06-27,27.2,23.7,34.6,4.3,75.2,134.0,22.2,1010.3,BAQ
2023-06-28,28.5,23.2,33.7,10.8,64.3,204.0,12.8,1007.1,CTG
2023-06-29,28.9,23.3,33.6,14.4,60.2,49.0,24.5,1007.0,STM
2023-06-30,28.8,23.9,34.5,26.9,80.1,119.0,8.4,1006.6,SIN
2023-07-01,28.8,24.9,31.7,5.7,61.5,119.0,5.8,1010.9,MTR
2023-07-02,29.2,24.5,31.8,14.2,69.5,177.0,23.6,1005.2,VDP
2023-07-03,27.2,23.7,31.8,30.7,81.2,249.0,24.6,1005.5,RIO
2023-07-04,28.7,24.5,33.4,2.8,60.5,108.0,13.5,1008.7,MAM
2023-07-05,27.7,24.6,33.7,6.4,58.9,39.0,21.3,1004.6,BALLE
2023-07-06,26.7,24.3,33.6,12.4,70.1,7.0,14.6,1007.2,JOBO
2023-07-07,28.9,23.6,31.6,20.2,76.0,39.0,5.9,1011.1,BAQ
2023-07-08,27.1,24.0,33.1,0.9,58.5,234.0,20.4,1011.2,CTG
2023-07-09,28.3,24.4,33.3,17.3,80.7,324.0,21.2,1009.5,STM
2023-07-10,27.6,23.5,33.3,1.0,79.6,237.0,21.2,1006.1,SIN
2023-07-11,28.0,24.4,32.1,16.7,60.0,233.0,13.3,1004.8,MTR
2023-07-12,27.9,23.6,31.8,5.2,82.0,136.0,18.2,1006.0,VDP
2023-07-13,28.0,23.6,31.3,23.0,61.9,167.0,18.4,1005.8,RIO
2023-07-14,28.0,24.3,32.4,35.8,66.8,73.0,12.3,1007.3,MAM
2023-07-15,28.7,23.5,32.6,11.1,69.0,136.0,13.8,1008.4,BALLE
2023-07-16,28.1,23.6,33.0,1.0,69.0,48.0,18.8,1004.8,JOBO
2023-07-17,26.2,24.3,32.7,17.0,78.9,124.0,8.4,1010.7,BAQ
2023-07-18,28.5,23.6,33.4,1.7,70.6,355.0,6.7,1008.3,CTG
2023-07-19,27.8,23.7,31.5,1.9,59.6,346.0,16.7,1008.4,STM
2023-07-20,27.2,22.6,33.1,21.1,63.7,160.0,10.3,1006.7,SIN
2023-07-21,27.4,22.7,32.7,32.1,78.1,331.0,12.7,1008.5,MTR
2023-07-22,28.3,23.1,33.5,27.6,69.1,300.0,24.6,1010.0,VDP
2023-07-23,27.3,23.4,32.7,21.4,58.5,158.0,10.1,1009.0,RIO
2023-07-24,27.1,22.9,32.0,7.2,65.1,31.0,6.8,1005.3,MAM
2023-07-25,28.2,23.2,31.3,1.2,80.5,222.0,12.7,1004.7,BALLE
2023-07-26,27.2,23.6,31.4,3.4,58.5,161.0,19.3,1005.6,JOBO
2023-07-27,27.2,24.0,30.4,2.9,65.7,139.0,10.8,1004.6,BAQ
2023-07-28,25.7,23.6,33.0,6.4,74.3,248.0,14.0,1006.2,CTG
2023-07-29,26.8,23.0,32.6,23.8,58.7,247.0,20.3,1005.7,STM
2023-07-30,26.2,22.7,30.2,23.0,64.4,251.0,22.9,1006.7,SIN
2023-07-31,27.4,23.1,31.3,23.9,74.6,329.0,5.4,1006.4,MTR
2023-08-01,27.6,22.9,32.5,11.5,80.6,233.0,22.0,1012.0,VDP
2023-08-02,25.3,23.6,31.0,11.3,78.1,96.0,13.9,1011.4,RIO
2023-08-03,26.3,23.9,31.2,35.8,60.7,76.0,14.1,1009.6,MAM
2023-08-04,26.8,22.1,30.7,3.1,70.8,121.0,24.3,1011.1,BALLE
2023-08-05,26.7,22.8,32.1,25.3,59.2,237.0,7.7,1005.3,JOBO
2023-08-06,26.8,23.7,31.8,7.2,69.1,288.0,21.7,1007.5,BAQ
2023-08-07,25.1,22.3,31.5,0.9,66.4,27.0,5.5,1010.2,CTG
2023-08-08,27.5,22.3,30.8,12.6,59.1,350.0,24.1,1007.7,STM
2023-08-09,24.8,23.0,31.0,8.5,69.1,226.0,17.9,1008.9,SIN
2023-08-10,25.2,22.4,30.0,21.6,71.9,151.0,14.1,1008.7,MTR
2023-08-11,25.4,22.5,30.1,35.5,69.7,358.0,8.8,1011.4,VDP
2023-08-12,24.9,23.0,31.4,9.9,60.6,2.0,17.6,1010.7,RIO
2023-08-13,24.7,23.2,29.8,5.2,60.6,7.0,22.8,1008.5,MAM
2023-08-14,26.5,22.1,31.6,1.8,72.0,352.0,7.7,1005.0,BALLE
2023-08-15,26.2,23.1,32.0,5.4,58.9,148.0,20.6,1005.1,JOBO
2023-08-16,25.4,23.4,31.4,7.5,75.3,94.0,24.7,1011.5,BAQ
2023-08-17,27.1,21.6,29.4,8.1,79.5,7.0,6.0,1006.1,CTG
2023-08-18,24.7,23.0,29.9,25.6,81.4,65.0,14.4,1008.9,STM
2023-08-19,25.6,21.7,30.6,8.1,63.2,119.0,10.5,1006.0,SIN
2023-08-20,26.5,22.8,30.0,28.3,63.9,176.0,11.7,1005.7,MTR
2023-08-21,25.7,23.3,30.1,28.4,76.3,256.0,16.1,1006.9,VDP
2023-08-22,25.9,22.7,30.3,5.4,58.5,114.0,14.9,1011.3,RIO
2023-08-23,25.4,22.4,31.5,4.1,82.3,121.0,16.1,1004.8,MAM
2023-08-24,25.2,23.0,29.7,0.5,70.2,22.0,6.4,1009.8,BALLE
2023-08-25,25.3,22.7,30.2,6.9,80.4,46.0,18.0,1007.0,JOBO
2023-08-26,26.2,22.2,32.0,3.3,65.7,9.0,8.8,1004.5,BAQ
2023-08-27,25.8,21.7,31.4,20.4,80.3,102.0,19.0,1009.1,CTG
2023-08-28,25.0,22.3,30.3,11.9,74.0,248.0,12.4,1008.8,STM
2023-08-29,24.5,22.1,30.6,0.1,80.8,337.0,14.8,1010.1,SIN
2023-08-30,24.2,21.4,31.5,16.0,76.7,228.0,12.6,1006.9,MTR
2023-08-31,25.1,21.8,29.3,3.8,68.5,272.0,15.6,1007.1,VDP
2023-09-01,24.7,21.7,29.2,7.8,82.1,357.0,6.0,1008.6,RIO
2023-09-02,25.3,22.8,31.0,2.3,60.2,214.0,15.1,1008.8,MAM
2023-09-03,26.7,22.3,31.1,25.6,77.1,178.0,14.2,1010.5,BALLE
2023-09-04,24.9,22.6,29.5,7.7,59.8,3.0,9.6,1004.0,JOBO
2023-09-05,25.2,22.6,31.7,16.9,57.9,286.0,17.8,1006.7,BAQ
2023-09-06,24.6,22.8,30.5,6.4,60.8,113.0,20.7,1008.0,CTG
2023-09-07,24.6,23.0,29.7,5.9,81.8,56.0,14.6,1008.5,STM
2023-09-08,24.8,22.8,29.3,0.3,78.2,209.0,8.6,1011.5,SIN
2023-09-09,25.0,22.9,31.7,8.1,80.2,360.0,10.8,1010.9,MTR
2023-09-10,26.1,22.0,30.3,17.4,65.7,318.0,22.7,1010.6,VDP
2023-09-11,24.6,23.0,28.8,18.1,67.3,262.0,14.1,1010.5,RIO
2023-09-12,24.2,22.8,30.4,5.2,71.9,161.0,17.3,1005.6,MAM
2023-09-13,26.2,22.7,29.8,0.8,68.1,258.0,14.5,1009.2,BALLE
2023-09-14,24.7,22.0,31.0,5.6,58.0,54.0,5.2,1006.7,JOBO
2023-09-15,24.9,21.7,28.7,15.3,76.3,266.0,11.0,1011.7,BAQ
2023-09-16,25.5,22.2,31.2,13.8,78.5,21.0,7.7,1010.0,CTG
2023-09-17,25.6,22.3,30.7,13.0,60.7,5.0,18.4,1005.7,STM
2023-09-18,24.0,22.3,29.7,38.0,68.9,64.0,15.8,1005.3,SIN
2023-09-19,24.2,21.8,30.5,17.4,59.0,109.0,19.0,1009.3,MTR
2023-09-20,23.9,21.9,30.9,3.7,69.1,218.0,7.5,1007.5,VDP
2023-09-21,24.5,21.6,28.8,33.7,69.2,278.0,9.6,1006.7,RIO
2023-09-22,25.6,21.9,29.9,6.8,81.8,300.0,6.5,1010.6,MAM
2023-09-23,25.7,21.2,29.8,29.3,76.1,185.0,17.6,1004.5,BALLE
2023-09-24,25.9,21.1,29.5,10.1,69.0,112.0,18.7,1008.7,JOBO
2023-09-25,24.3,22.4,28.9,17.1,73.4,341.0,24.5,1006.8,BAQ
2023-09-26,25.9,21.4,29.0,8.6,64.3,218.0,7.1,1008.0,CTG
2023-09-27,23.8,22.0,30.4,8.5,69.6,126.0,11.5,1011.6,STM
2023-09-28,24.6,22.1,28.7,4.0,74.1,124.0,8.0,1011.0,SIN
2023-09-29,25.8,22.2,29.4,18.3,72.3,70.0,19.8,1008.7,MTR
2023-09-30,25.4,22.0,29.0,2.8,57.8,244.0,9.1,1005.0,VDP
2023-10-01,24.6,21.0,29.1,30.8,63.8,124.0,9.9,1005.1,RIO
2023-10-02,24.7,22.8,31.0,1.6,77.9,106.0,17.6,1010.9,MAM
2023-10-03,24.2,22.7,30.1,12.0,66.8,279.0,11.9,1009.3,BALLE
2023-10-04,25.7,21.1,30.6,12.7,78.7,87.0,19.7,1008.9,JOBO
2023-10-05,24.1,21.2,31.1,0.1,69.8,114.0,19.1,1005.2,BAQ
2023-10-06,25.7,21.6,29.1,6.4,79.7,119.0,21.6,1007.3,CTG
2023-10-07,26.0,22.5,29.4,17.1,63.1,102.0,14.8,1010.1,STM
2023-10-08,24.7,22.0,31.0,25.3,60.6,6.0,20.5,1009.4,SIN
2023-10-09,24.4,22.9,30.5,8.6,63.0,60.0,19.1,1005.2,MTR
2023-10-10,23.8,21.3,30.7,9.0,60.6,266.0,5.2,1009.4,VDP
2023-10-11,23.8,22.6,29.5,6.3,61.2,228.0,19.5,1006.2,RIO
2023-10-12,26.2,22.8,30.9,12.2,75.2,320.0,20.9,1008.4,MAM
2023-10-13,24.1,21.7,30.5,10.4,73.0,164.0,21.9,1004.5,BALLE
2023-10-14,25.1,22.7,29.9,33.0,69.3,252.0,5.6,1009.8,JOBO
2023-10-15,24.2,22.7,31.5,1.8,70.1,174.0,7.4,1005.6,BAQ
2023-10-16,26.3,21.5,29.5,9.7,76.9,259.0,23.8,1011.7,CTG
2023-10-17,26.0,21.4,30.2,2.2,68.1,14.0,18.5,1004.3,STM
2023-10-18,25.2,21.9,29.2,15.5,60.6,293.0,19.8,1011.2,SIN
2023-10-19,24.6,22.8,29.1,5.2,82.0,103.0,24.4,1008.9,MTR
2023-10-20,23.9,22.5,30.8,3.4,67.2,259.0,14.6,1010.1,VDP
2023-10-21,26.1,21.2,29.0,5.9,81.5,321.0,22.3,1008.8,RIO
2023-10-22,25.4,22.3,30.9,0.1,73.0,333.0,6.7,1009.7,MAM
2023-10-23,25.8,21.8,30.2,20.9,61.8,92.0,6.9,1009.3,BALLE
2023-10-24,24.1,21.3,29.6,11.8,69.0,297.0,8.1,1009.2,JOBO
2023-10-25,26.7,22.2,29.3,10.5,74.8,40.0,6.2,1007.9,BAQ
2023-10-26,26.5,22.0,29.0,4.0,66.0,214.0,15.0,1009.1,CTG
2023-10-27,25.1,22.5,29.7,28.1,81.3,62.0,6.2,1004.1,STM
2023-10-28,24.1,21.7,29.6,0.1,61.1,4.0,14.7,1007.0,SIN
2023-10-29,24.5,22.9,31.2,17.8,78.8,285.0,13.5,1007.6,MTR
2023-10-30,24.5,22.6,30.3,11.3,77.2,313.0,7.5,1004.8,VDP
2023-10-31,25.4,21.8,31.3,2.6,66.0,188.0,25.0,1010.2,RIO
2023-11-01,24.0,22.4,30.6,27.5,74.0,144.0,20.3,1004.9,MAM
2023-11-02,26.9,21.8,31.2,9.8,76.8,16.0,19.3,1008.1,BALLE
2023-11-03,26.1,22.2,29.7,14.5,60.8,342.0,6.1,1008.6,JOBO
2023-11-04,25.5,21.4,30.7,21.6,78.2,45.0,8.4,1004.3,BAQ
2023-11-05,26.2,21.8,30.3,0.3,79.8,117.0,15.2,1008.2,CTG
2023-11-06,24.8,23.0,29.7,6.4,74.5,271.0,20.1,1010.0,STM
2023-11-07,26.3,23.2,31.5,11.1,68.8,238.0,18.8,1008.0,SIN
2023-11-08,26.8,23.1,31.6,2.2,71.9,12.0,17.9,1008.2,MTR
2023-11-09,26.3,22.6,31.2,24.4,59.4,97.0,17.4,1010.5,VDP
2023-11-10,24.6,23.3,29.6,3.1,58.7,189.0,14.6,1009.6,RIO
2023-11-11,24.5,21.5,30.1,2.0,70.0,289.0,22.6,1011.4,MAM
2023-11-12,25.0,22.4,30.5,21.5,81.1,5.0,23.1,1004.9,BALLE
2023-11-13,24.5,21.7,30.5,2.2,59.1,148.0,18.4,1011.4,JOBO
2023-11-14,25.4,22.4,31.7,3.0,75.5,360.0,21.2,1010.7,BAQ
2023-11-15,26.7,22.5,31.8,9.4,78.0,191.0,5.4,1005.1,CTG
2023-11-16,26.0,22.1,31.1,6.4,60.5,213.0,20.6,1007.9,STM
2023-11-17,26.9,22.5,32.4,26.5,65.7,311.0,21.1,1008.0,SIN
2023-11-18,26.0,21.9,31.6,1.6,66.4,187.0,7.6,1005.1,MTR
2023-11-19,27.4,22.2,30.8,6.3,73.3,181.0,9.2,1005.2,VDP
2023-11-20,24.7,22.4,32.1,0.6,65.8,284.0,10.2,1007.0,RIO
2023-11-21,26.7,21.8,32.3,12.2,72.0,23.0,18.3,1008.9,MAM
2023-11-22,27.6,23.1,30.4,17.5,59.5,110.0,6.7,1006.6,BALLE
2023-11-23,26.8,21.9,30.5,12.2,67.6,313.0,7.2,1008.5,JOBO
2023-11-24,26.3,22.5,31.0,8.7,70.9,64.0,18.5,1009.6,BAQ
2023-11-25,27.4,23.7,32.4,8.4,69.5,31.0,19.0,1011.6,CTG
2023-11-26,24.9,22.0,31.5,15.1,79.5,282.0,15.5,1007.3,STM
2023-11-27,26.4,22.8,30.5,18.2,78.9,132.0,6.0,1007.8,SIN
2023-11-28,25.9,22.4,31.0,7.8,59.0,261.0,13.1,1004.3,MTR
2023-11-29,25.6,22.6,32.2,25.7,81.2,60.0,17.5,1011.6,VDP
2023-11-30,26.4,23.6,31.0,1.2,59.6,101.0,20.8,1004.2,RIO
2023-12-01,27.6,23.3,31.6,2.1,67.3,130.0,23.0,1008.0,MAM
2023-12-02,27.1,22.1,32.3,0.5,62.9,87.0,24.6,1010.9,BALLE
2023-12-03,27.2,22.7,31.7,1.2,73.7,281.0,5.3,1008.8,JOBO
2023-12-04,26.1,23.5,32.0,5.6,59.8,66.0,19.2,1007.9,BAQ
2023-12-05,28.1,22.8,30.4,14.3,74.2,81.0,17.8,1005.3,CTG
2023-12-06,27.8,23.2,30.8,4.1,75.5,284.0,11.6,1005.2,STM
2023-12-07,25.7,23.1,33.1,1.5,61.5,124.0,13.2,1010.6,SIN
2023-12-08,26.4,23.3,33.2,22.4,58.7,207.0,5.8,1008.4,MTR
2023-12-09,28.0,23.2,31.9,3.0,80.7,109.0,10.2,1008.5,VDP
2023-12-10,26.8,22.7,32.6,3.8,80.6,140.0,11.0,1010.1,RIO
2023-12-11,26.0,24.2,33.0,15.9,65.6,28.0,8.9,1007.7,MAM
2023-12-12,26.6,23.2,33.4,11.7,67.3,267.0,16.1,1010.7,BALLE
2023-12-13,26.2,23.1,30.9,9.0,65.8,206.0,10.3,1008.0,JOBO
2023-12-14,25.8,23.8,33.3,11.1,78.6,277.0,17.8,1007.6,BAQ
2023-12-15,26.5,23.7,31.4,11.1,58.7,112.0,23.6,1010.1,CTG
2023-12-16,27.8,24.3,33.7,10.7,74.4,324.0,18.4,1007.3,STM
2023-12-17,27.9,24.2,31.8,6.9,71.5,9.0,5.6,1011.9,SIN
2023-12-18,27.2,23.3,31.5,0.2,58.6,102.0,14.2,1005.4,MTR
2023-12-19,26.2,24.3,31.4,21.1,69.9,32.0,22.3,1007.4,VDP
2023-12-20,27.3,24.2,32.4,26.3,81.6,163.0,23.9,1004.4,RIO
2023-12-21,28.6,23.7,32.6,29.7,65.6,102.0,11.5,1009.1,MAM
2023-12-22,28.2,24.1,31.4,11.4,60.3,87.0,19.1,1011.7,BALLE
2023-12-23,29.0,24.2,32.8,11.1,64.6,295.0,12.4,1005.7,JOBO
2023-12-24,28.2,23.6,33.6,9.3,73.4,135.0,6.1,1005.9,BAQ
2023-12-25,28.4,24.5,33.1,5.5,80.2,357.0,21.3,1009.3,CTG
2023-12-26,27.6,24.3,31.5,7.4,62.4,232.0,23.6,1010.4,STM
2023-12-27,29.0,24.2,33.7,14.1,67.4,329.0,24.5,1005.1,SIN
2023-12-28,28.5,24.4,31.8,3.9,66.7,23.0,7.3,1005.6,MTR
2023-12-29,27.2,24.1,31.7,6.0,75.8,129.0,20.8,1010.9,VDP
2023-12-30,28.6,24.4,33.9,13.1,64.4,289.0,9.9,1006.7,RIO
2023-12-31,26.7,23.5,32.4,10.5,74.2,187.0,5.1,1008.3,MAM
2023-01-01,29.1,25.0,32.7,33.9,75.8,0.0,20.5,1011.5,MTR
2023-01-02,28.5,23.6,32.3,0.1,63.0,125.0,6.5,1007.9,VDP
2023-01-03,29.0,24.1,33.2,0.8,67.0,248.0,5.1,1007.2,RIO
2023-01-04,27.0,24.5,34.3,4.6,74.7,300.0,24.7,1007.3,MAM
2023-01-05,29.7,23.4,33.2,18.3,61.0,358.0,12.4,1008.7,BALLE
2023-01-06,28.9,24.9,34.4,2.8,63.4,235.0,11.7,1007.1,JOBO
2023-01-07,27.2,24.4,34.8,4.8,67.9,298.0,21.6,1011.9,BAQ
2023-01-08,27.6,25.2,32.4,7.2,58.8,346.0,23.3,1004.3,CTG
2023-01-09,27.9,25.0,34.3,5.5,71.0,92.0,13.8,1010.7,STM
2023-01-10,29.9,23.7,32.4,16.0,66.9,350.0,11.4,1004.4,SIN
2023-01-11,29.0,24.5,32.6,22.6,57.7,254.0,12.0,1010.2,MTR
2023-01-12,28.8,25.3,32.7,13.1,68.9,25.0,22.7,1006.9,VDP
2023-01-13,29.7,25.3,33.8,1.6,58.8,107.0,9.0,1007.0,RIO
2023-01-14,27.8,24.5,33.2,9.1,66.4,59.0,7.9,1007.8,MAM
2023-01-15,28.2,23.5,35.2,9.1,80.3,334.0,12.1,1008.4,BALLE
2023-01-16,29.0,25.2,32.9,2.9,78.9,191.0,15.8,1008.2,JOBO
2023-01-17,29.9,23.9,33.6,29.2,81.1,137.0,22.1,1011.6,BAQ
2023-01-18,30.0,24.3,33.0,32.9,71.5,294.0,15.4,1011.8,CTG
2023-01-19,28.9,25.5,33.4,9.5,58.7,11.0,12.7,1008.3,STM
2023-01-20,28.5,24.6,34.9,13.0,58.7,70.0,16.1,1004.8,SIN
2023-01-21,30.2,25.3,33.9,13.2,77.6,259.0,5.1,1006.3,MTR
2023-01-22,30.0,24.2,35.5,13.7,69.3,263.0,11.9,1011.6,VDP
2023-01-23,29.0,24.3,35.0,1.1,68.2,279.0,20.0,1011.6,RIO
2023-01-24,30.4,24.6,32.8,18.9,76.7,25.0,13.3,1004.8,MAM
2023-01-25,30.0,25.7,33.6,0.6,81.8,268.0,15.0,1007.6,BALLE
2023-01-26,30.0,25.8,35.2,9.7,76.6,238.0,11.5,1005.2,JOBO
2023-01-27,28.4,25.6,34.8,3.3,78.4,154.0,18.2,1005.3,BAQ
2023-01-28,30.8,25.7,35.3,1.0,79.9,79.0,9.3,1007.9,CTG
2023-01-29,28.5,24.0,34.1,0.2,74.1,141.0,20.9,1006.9,STM
2023-01-30,29.8,25.5,34.5,14.7,62.6,165.0,11.8,1006.2,SIN
2023-01-31,30.2,25.5,34.6,0.8,65.6,20.0,11.1,1008.9,MTR
2023-02-01,28.2,24.2,33.2,5.1,75.6,298.0,9.5,1006.0,VDP
2023-02-02,29.7,25.3,35.5,8.2,78.0,279.0,12.3,1005.2,RIO
2023-02-03,28.9,26.1,35.2,3.4,67.3,272.0,18.0,1011.0,MAM
2023-02-04,30.6,25.0,34.5,10.9,71.0,321.0,10.2,1004.8,BALLE
2023-02-05,30.5,25.0,34.5,4.6,64.2,51.0,20.1,1011.8,JOBO
2023-02-06,28.9,25.3,34.1,23.5,58.9,304.0,23.6,1009.9,BAQ
2023-02-07,30.6,25.4,33.3,18.3,73.0,352.0,23.4,1007.1,CTG
2023-02-08,29.0,24.6,36.0,16.2,79.5,65.0,12.6,1010.5,STM
2023-02-09,29.9,24.4,35.4,2.0,57.8,312.0,8.1,1009.6,SIN
2023-02-10,30.6,25.6,34.3,1.3,62.8,226.0,16.6,1011.3,MTR
2023-02-11,28.8,25.0,36.2,20.7,61.2,320.0,15.8,1010.5,VDP
2023-02-12,29.0,24.6,35.1,3.6,62.2,298.0,18.2,1007.3,RIO
2023-02-13,29.6,24.9,34.9,7.6,63.9,203.0,5.7,1011.9,MAM
2023-02-14,29.0,24.8,36.6,10.5,75.8,327.0,7.5,1009.1,BALLE
2023-02-15,30.2,25.9,36.1,9.6,57.9,157.0,9.8,1009.9,JOBO
2023-02-16,29.8,25.3,36.4,12.5,82.3,26.0,6.5,1006.4,BAQ
2023-02-17,30.4,26.4,35.1,3.9,70.9,66.0,24.5,1010.7,CTG
2023-02-18,30.2,25.6,34.4,16.0,82.4,124.0,21.1,1004.9,STM
2023-02-19,31.4,25.6,34.2,12.1,80.4,270.0,9.6,1007.5,SIN
2023-02-20,31.0,26.1,35.6,0.9,69.9,42.0,5.0,1005.8,MTR
2023-02-21,30.4,26.1,34.1,12.3,64.4,149.0,24.5,1006.2,VDP
2023-02-22,31.4,25.7,33.9,0.5,57.8,218.0,7.2,1007.2,RIO
2023-02-23,29.5,25.7,36.5,9.3,59.9,252.0,22.0,1010.2,MAM
2023-02-24,31.9,25.5,35.5,4.9,70.3,266.0,5.9,1005.9,BALLE
2023-02-25,29.2,26.5,35.7,7.5,71.7,321.0,12.4,1009.2,JOBO
2023-02-26,30.4,26.4,34.2,5.2,75.9,253.0,11.0,1004.5,BAQ
2023-02-27,29.9,24.7,37.0,2.4,67.4,354.0,11.5,1010.5,CTG
2023-02-28,31.7,25.6,36.3,0.6,62.3,6.0,9.2,1010.1,STM
2023-03-01,29.6,25.6,36.3,0.0,68.0,346.0,21.1,1006.8,SIN
2023-03-02,29.7,26.7,36.1,0.6,60.3,226.0,21.8,1008.3,MTR
2023-03-03,31.4,26.1,35.1,10.5,70.5,216.0,7.9,1011.6,VDP
2023-03-04,31.5,25.5,34.7,0.8,67.7,359.0,23.1,1009.3,RIO
2023-03-05,29.9,24.8,36.1,5.9,62.2,217.0,10.3,1008.9,MAM
2023-03-06,31.5,26.4,34.2,17.0,65.5,298.0,16.0,1005.7,BALLE
2023-03-07,29.8,24.9,37.2,8.1,60.6,242.0,18.0,1007.7,JOBO
2023-03-08,32.1,25.7,34.3,3.1,75.7,351.0,13.6,1005.3,BAQ
2023-03-09,31.4,25.3,36.6,34.2,77.5,246.0,7.4,1008.8,CTG
2023-03-10,30.1,25.8,35.3,10.1,81.1,217.0,18.8,1006.5,STM
2023-03-11,30.3,26.1,36.3,20.8,71.2,142.0,22.8,1010.8,SIN
2023-03-12,31.9,25.2,36.9,24.5,61.2,46.0,8.6,1008.1,MTR
2023-03-13,30.2,25.2,35.6,16.3,79.3,105.0,6.5,1005.7,VDP
2023-03-14,30.6,25.8,35.5,11.1,64.4,48.0,20.5,1008.0,RIO
2023-03-15,31.4,26.7,34.7,15.1,69.5,240.0,7.6,1011.7,MAM
2023-03-16,31.1,25.8,34.4,0.3,64.1,44.0,17.5,1009.7,BALLE
2023-03-17,29.6,25.9,35.4,16.4,71.3,54.0,11.8,1010.5,JOBO
2023-03-18,29.7,25.7,35.9,8.7,75.3,222.0,17.8,1005.0,BAQ
2023-03-19,29.7,26.5,37.1,14.8,76.6,173.0,19.9,1011.2,CTG
2023-03-20,31.7,26.3,36.5,0.6,68.9,27.0,23.0,1004.5,STM
2023-03-21,30.0,26.3,36.5,16.5,74.2,328.0,15.7,1011.4,SIN
2023-03-22,31.8,26.0,35.5,1.0,69.7,19.0,9.5,1004.5,MTR
2023-03-23,31.4,26.6,35.4,6.1,68.1,148.0,18.0,1009.3,VDP
2023-03-24,31.8,25.2,36.1,13.0,69.4,228.0,12.2,1010.1,RIO
2023-03-25,29.6,26.4,36.2,15.2,80.7,10.0,12.4,1006.1,MAM
2023-03-26,31.3,25.9,36.4,19.2,76.2,205.0,18.0,1004.8,BALLE
2023-03-27,30.7,25.1,34.7,2.6,68.8,120.0,5.5,1006.3,JOBO
2023-03-28,29.9,26.4,35.9,11.9,80.0,5.0,7.3,1009.0,BAQ
2023-03-29,30.5,26.4,34.5,0.4,78.8,233.0,15.3,1011.2,CTG
2023-03-30,32.1,26.6,36.5,8.8,80.5,45.0,12.9,1011.4,STM
2023-03-31,30.3,26.9,35.6,2.8,66.3,240.0,9.0,1010.2,SIN
2023-04-01,31.6,25.9,34.8,18.3,61.1,306.0,14.4,1006.5,MTR
2023-04-02,31.9,25.8,36.0,4.2,73.4,53.0,19.7,1006.5,VDP
2023-04-03,32.0,26.7,35.1,0.1,68.5,139.0,12.0,1010.8,RIO
2023-04-04,29.7,26.8,36.2,0.1,64.3,27.0,7.8,1008.0,MAM
2023-04-05,29.5,26.0,36.4,4.2,61.8,120.0,10.2,1008.3,BALLE
2023-04-06,30.5,26.6,37.4,5.0,61.2,246.0,6.3,1008.7,JOBO
2023-04-07,31.1,25.8,34.9,0.5,73.1,11.0,22.7,1005.5,BAQ
2023-04-08,30.2,25.8,35.4,2.7,74.5,189.0,6.3,1004.3,CTG
2023-04-09,31.0,25.7,34.7,4.5,72.2,298.0,23.1,1010.5,STM
2023-04-10,31.9,25.1,36.4,0.3,77.8,49.0,5.3,1005.1,SIN
2023-04-11,31.4,25.1,36.5,30.1,71.4,263.0,6.4,1006.3,MTR
2023-04-12,29.8,25.5,35.2,12.1,76.0,168.0,14.0,1008.7,VDP
2023-04-13,30.2,25.7,35.8,0.1,70.6,155.0,23.4,1011.7,RIO
2023-04-14,29.8,26.8,36.3,22.2,59.2,216.0,14.0,1007.8,MAM
2023-04-15,30.1,26.2,36.2,17.2,76.0,283.0,21.5,1005.6,BALLE
2023-04-16,31.5,25.2,35.1,9.0,69.9,333.0,23.0,1007.0,JOBO
2023-04-17,31.3,25.3,37.2,14.6,71.3,60.0,12.4,1008.9,BAQ
2023-04-18,32.4,26.9,37.2,3.8,82.2,69.0,9.0,1007.0,CTG
2023-04-19,30.7,25.5,36.3,8.2,72.6,323.0,16.7,1006.7,STM
2023-04-20,31.1,25.6,35.9,0.6,69.7,174.0,5.7,1011.1,SIN
2023-04-21,32.2,25.7,34.6,6.4,62.1,36.0,8.3,1011.1,MTR
2023-04-22,30.6,25.0,34.6,22.5,60.9,163.0,13.6,1009.6,VDP
2023-04-23,31.9,25.3,36.1,18.2,71.0,220.0,12.5,1009.9,RIO
2023-04-24,30.2,25.4,37.1,1.5,79.8,32.0,10.3,1008.9,MAM
2023-04-25,29.9,25.7,36.8,6.4,73.4,47.0,18.7,1006.7,BALLE
2023-04-26,31.8,25.6,37.1,18.0,69.0,58.0,7.5,1009.3,JOBO
2023-04-27,29.3,25.9,34.4,12.9,69.4,319.0,11.5,1008.1,BAQ
2023-04-28,29.7,25.9,35.8,3.9,73.1,343.0,12.2,1006.5,CTG
2023-04-29,30.9,26.5,36.2,30.6,69.1,203.0,13.5,1005.8,STM
2023-04-30,31.2,26.2,35.1,7.5,72.8,210.0,14.4,1007.8,SIN
2023-05-01,30.3,25.9,34.5,20.9,58.9,61.0,18.8,1008.6,MTR
2023-05-02,30.9,25.8,36.2,0.8,59.2,114.0,16.1,1005.5,VDP
2023-05-03,29.5,24.9,36.1,13.3,79.2,134.0,7.4,1008.4,RIO
2023-05-04,29.7,26.1,36.7,7.4,78.0,158.0,11.0,1007.1,MAM
2023-05-05,29.6,26.2,36.2,24.9,76.0,213.0,22.6,1004.9,BALLE
2023-05-06,30.5,25.9,37.0,12.7,59.6,90.0,10.3,1005.5,JOBO
2023-05-07,30.5,26.2,36.3,7.4,59.1,285.0,9.0,1008.1,BAQ
2023-05-08,31.7,25.3,36.5,4.8,62.9,181.0,13.9,1010.9,CTG
2023-05-09,31.4,24.7,34.9,20.9,76.1,301.0,13.1,1010.6,STM
2023-05-10,31.1,26.5,34.7,11.9,78.3,164.0,7.1,1011.4,SIN
2023-05-11,29.5,24.6,34.6,17.6,77.1,163.0,13.7,1010.7,MTR
2023-05-12,29.8,26.0,36.2,3.3,77.7,93.0,24.2,1005.3,VDP
2023-05-13,29.5,25.6,35.1,10.8,70.5,194.0,8.4,1008.7,RIO
2023-05-14,29.8,26.4,35.3,24.4,68.3,204.0,17.6,1008.8,MAM
2023-05-15,28.9,26.4,34.8,12.8,73.4,307.0,21.3,1010.9,BALLE
2023-05-16,29.1,25.5,36.5,17.2,60.6,324.0,5.7,1010.1,JOBO
2023-05-17,31.4,25.2,36.5,5.0,61.2,232.0,18.6,1004.8,BAQ
2023-05-18,31.4,25.1,34.0,0.8,60.7,178.0,8.1,1008.6,CTG
2023-05-19,29.8,24.8,34.5,5.9,62.9,85.0,24.9,1004.6,STM
2023-05-20,29.3,25.9,34.7,6.5,59.3,113.0,21.4,1009.5,SIN
2023-05-21,30.8,25.4,35.3,5.4,62.2,187.0,6.2,1005.1,MTR
2023-05-22,29.1,25.6,35.2,0.9,80.3,117.0,7.9,1009.5,VDP
2023-05-23,30.0,26.0,35.7,10.4,63.6,81.0,9.5,1004.2,RIO
2023-05-24,30.7,24.6,33.6,3.1,75.0,56.0,23.1,1008.3,MAM
2023-05-25,28.7,25.7,33.5,6.4,81.4,140.0,19.2,1005.3,BALLE
2023-05-26,30.9,26.2,34.2,25.9,67.0,259.0,20.4,1005.5,JOBO
2023-05-27,29.3,24.4,35.5,8.6,82.1,274.0,23.2,1010.3,BAQ
2023-05-28,30.7,25.1,34.9,15.4,78.2,342.0,7.7,1011.6,CTG
2023-05-29,28.9,25.7,34.1,8.9,81.2,171.0,12.3,1007.7,STM
2023-05-30,28.7,24.3,33.6,0.2,74.2,338.0,6.4,1009.0,SIN
2023-05-31,29.6,25.8,36.0,27.0,57.5,308.0,16.6,1004.3,MTR
2023-06-01,29.2,25.5,33.7,7.4,82.0,82.0,9.5,1007.0,VDP
2023-06-02,30.3,25.2,35.4,1.8,58.3,321.0,18.2,1010.1,RIO
2023-06-03,29.7,24.1,35.8,11.2,72.2,313.0,20.6,1008.2,MAM
2023-06-04,29.4,25.7,35.5,24.1,75.4,167.0,23.9,1008.9,BALLE
2023-06-05,28.7,25.4,34.3,2.3,81.1,163.0,21.8,1009.3,JOBO
2023-06-06,29.7,24.4,33.9,16.7,58.9,13.0,20.3,1004.4,BAQ
2023-06-07,30.5,23.9,33.9,4.4,80.0,188.0,6.0,1011.2,CTG
2023-06-08,29.7,24.7,35.2,30.2,75.5,27.0,15.6,1005.2,STM
2023-06-09,29.5,25.3,35.4,16.1,81.3,34.0,9.3,1004.8,SIN
2023-06-10,28.2,23.9,35.5,7.8,75.5,262.0,12.3,1008.9,MTR
2023-06-11,29.0,25.3,35.0,8.9,60.6,241.0,24.1,1010.5,VDP
2023-06-12,28.9,24.1,33.8,1.1,76.0,197.0,19.6,1004.2,RIO
2023-06-13,27.9,24.7,35.0,19.3,60.1,101.0,12.0,1006.8,MAM
2023-06-14,28.8,25.2,34.2,12.2,64.3,37.0,17.3,1011.7,BALLE
2023-06-15,29.0,23.9,34.8,21.7,80.6,332.0,8.7,1010.3,JOBO
2023-06-16,27.7,24.4,32.4,4.0,67.0,219.0,22.4,1010.2,BAQ
2023-06-17,27.9,24.7,33.5,3.2,61.9,267.0,10.0,1011.6,CTG
2023-06-18,29.4,24.0,33.4,15.2,76.9,29.0,13.8,1005.6,STM
2023-06-19,29.6,24.9,33.3,0.2,64.9,31.0,7.4,1005.9,SIN
2023-06-20,27.6,24.3,34.6,2.6,77.4,13.0,24.2,1004.8,MTR
2023-06-21,29.7,24.2,32.4,21.5,68.8,80.0,11.8,1008.6,VDP
2023-06-22,27.1,23.8,34.9,12.1,78.5,255.0,21.4,1006.4,RIO
2023-06-23,29.3,25.2,32.4,6.8,70.1,262.0,24.8,1005.7,MAM
2023-06-24,28.1,24.4,33.6,0.2,68.0,154.0,15.8,1009.0,BALLE
2023-06-25,27.7,24.3,34.0,31.7,72.5,236.0,7.7,1008.2,JOBO
2023-06-26,27.3,24.0,33.3,1.8,60.4,353.0,21.5,1004.8,BAQ
2023-06-27,29.7,23.6,34.0,3.6,67.1,311.0,22.8,1004.9,CTG
2023-06-28,27.7,24.7,32.8,1.3,80.8,56.0,22.5,1006.0,STM
2023-06-29,28.4,25.0,33.4,9.8,59.1,332.0,9.9,1009.5,SIN
2023-06-30,29.5,24.8,32.8,1.6,69.8,47.0,18.5,1011.3,MTR
2023-07-01,28.0,23.1,33.7,11.0,60.0,156.0,15.4,1009.6,VDP
2023-07-02,28.2,24.6,33.3,15.0,74.2,136.0,23.1,1011.3,RIO
2023-07-03,27.9,23.2,31.4,6.2,78.4,85.0,17.2,1008.5,MAM
2023-07-04,28.5,24.6,31.7,5.1,82.4,59.0,8.8,1009.2,BALLE
2023-07-05,27.2,23.2,31.8,1.1,80.9,135.0,24.1,1007.5,JOBO
2023-07-06,26.5,23.3,32.7,22.3,80.7,159.0,8.7,1006.9,BAQ
2023-07-07,27.4,24.2,34.1,20.9,68.5,223.0,19.3,1006.4,CTG
2023-07-08,28.2,23.7,31.6,8.3,81.4,166.0,13.8,1006.9,STM
2023-07-09,27.9,24.5,32.7,19.1,66.1,175.0,13.3,1011.8,SIN
2023-07-10,26.4,24.1,32.9,13.8,77.2,279.0,5.2,1005.8,MTR
2023-07-11,27.1,24.4,32.4,13.8,76.1,274.0,12.0,1009.5,VDP
2023-07-12,26.2,24.0,31.8,1.9,58.6,167.0,15.8,1011.9,RIO
2023-07-13,27.5,23.5,32.1,0.9,78.8,129.0,15.9,1009.4,MAM
2023-07-14,28.2,24.1,31.6,1.1,70.3,126.0,23.3,1005.6,BALLE
2023-07-15,26.2,23.9,31.0,5.5,65.5,32.0,21.6,1005.2,JOBO
2023-07-16,25.8,22.6,31.7,6.2,82.1,359.0,18.3,1006.8,BAQ
2023-07-17,28.0,23.1,33.0,5.8,58.0,293.0,15.6,1010.7,CTG
2023-07-18,26.4,24.0,31.7,0.0,66.4,212.0,20.6,1009.1,STM
2023-07-19,26.6,23.5,31.2,13.9,61.0,222.0,20.4,1006.4,SIN
2023-07-20,27.1,22.8,30.9,24.4,79.2,271.0,18.5,1004.0,MTR
2023-07-21,25.9,23.2,33.3,3.5,60.3,254.0,19.3,1011.3,VDP
2023-07-22,28.2,22.5,31.9,4.1,65.1,213.0,5.6,1009.8,RIO
2023-07-23,25.5,22.8,31.4,0.3,73.1,293.0,12.5,1009.3,MAM
2023-07-24,27.8,22.7,30.7,0.3,69.7,58.0,11.5,1004.7,BALLE
2023-07-25,27.8,23.3,31.9,7.7,68.0,213.0,23.4,1010.2,JOBO
2023-07-26,26.6,23.4,30.6,21.1,81.2,57.0,19.1,1009.6,BAQ
2023-07-27,27.0,23.6,30.8,1.3,70.3,22.0,19.5,1005.4,CTG
2023-07-28,27.5,22.5,33.1,3.6,78.1,30.0,5.4,1010.7,STM
2023-07-29,25.6,22.5,30.9,4.4,70.7,271.0,6.4,1007.3,SIN
2023-07-30,25.8,22.8,32.9,12.8,80.5,315.0,23.9,1006.0,MTR
2023-07-31,26.2,22.6,31.7,17.3,65.1,31.0,18.4,1007.6,VDP
2023-08-01,27.4,22.1,30.3,8.0,73.3,1.0,22.5,1011.7,RIO
2023-08-02,25.7,22.1,30.9,2.9,75.1,38.0,19.5,1011.2,MAM
2023-08-03,25.7,23.4,31.2,31.2,68.1,261.0,8.7,1006.0,BALLE
2023-08-04,26.6,22.2,32.2,4.9,77.9,79.0,14.2,1008.0,JOBO
2023-08-05,26.3,23.9,30.0,0.8,60.1,309.0,6.3,1009.2,BAQ
2023-08-06,27.1,23.5,30.0,5.3,70.2,22.0,19.8,1006.3,CTG
2023-08-07,26.8,22.7,31.4,26.0,79.9,192.0,15.8,1007.9,STM
2023-08-08,26.3,22.9,31.6,3.3,65.5,133.0,24.4,1005.8,SIN
2023-08-09,25.8,23.0,31.8,24.0,67.7,164.0,19.2,1007.2,MTR
2023-08-10,26.3,22.2,30.7,2.9,61.7,48.0,7.2,1011.9,VDP
2023-08-11,24.7,22.4,31.5,5.7,82.5,346.0,15.3,1009.5,RIO
2023-08-12,26.2,21.9,32.1,9.7,58.3,277.0,14.4,1008.6,MAM
2023-08-13,26.5,23.3,31.9,30.0,72.5,348.0,16.4,1007.6,BALLE
2023-08-14,25.7,21.8,32.3,26.8,67.5,105.0,16.9,1004.8,JOBO
2023-08-15,27.1,22.8,32.4,7.1,66.5,172.0,24.4,1007.2,BAQ
2023-08-16,26.0,22.1,30.0,2.8,79.9,185.0,16.7,1006.0,CTG
2023-08-17,24.5,22.6,30.0,21.1,75.4,199.0,7.5,1011.5,STM
2023-08-18,26.5,22.1,31.0,5.2,72.3,353.0,18.3,1008.7,SIN
2023-08-19,26.2,23.3,29.3,14.6,70.4,96.0,6.5,1010.2,MTR
2023-08-20,25.2,22.6,30.9,6.7,65.8,130.0,8.1,1010.2,VDP
2023-08-21,25.5,22.9,29.3,12.2,70.1,51.0,11.3,1004.8,RIO
2023-08-22,26.0,22.3,30.6,31.3,68.1,144.0,8.4,1006.9,MAM
2023-08-23,25.2,22.9,31.5,0.3,82.4,3.0,18.8,1004.6,BALLE
2023-08-24,25.1,23.1,29.4,8.2,59.2,291.0,20.0,1005.7,JOBO
2023-08-25,26.7,21.8,31.6,0.0,68.3,329.0,20.0,1006.9,BAQ
2023-08-26,24.3,21.8,31.8,1.6,74.0,219.0,20.3,1009.8,CTG
2023-08-27,25.7,23.1,29.8,4.2,62.4,107.0,12.5,1009.7,STM
2023-08-28,25.7,22.9,30.5,5.8,82.3,261.0,21.4,1007.0,SIN
2023-08-29,25.6,21.4,30.4,5.1,77.0,79.0,5.4,1006.4,MTR
2023-08-30,25.2,22.7,30.2,0.0,64.7,192.0,7.1,1011.3,VDP
2023-08-31,25.2,23.1,31.0,1.3,59.1,117.0,19.6,1006.6,RIO
2023-09-01,25.0,21.4,29.2,22.5,81.2,253.0,20.8,1011.7,MAM
2023-09-02,26.3,22.1,29.6,9.8,72.3,31.0,6.2,1006.9,BALLE
2023-09-03,25.2,22.1,30.0,2.0,69.2,308.0,10.6,1009.2,JOBO
2023-09-04,25.9,21.4,29.8,31.6,65.5,334.0,24.6,1006.5,BAQ
2023-09-05,25.0,22.8,28.8,2.3,79.0,126.0,16.4,1004.2,CTG
2023-09-06,25.6,22.5,30.3,15.5,61.2,193.0,6.0,1011.8,STM
2023-09-07,26.6,22.6,31.2,0.1,60.8,318.0,8.0,1011.0,SIN
2023-09-08,24.7,22.7,31.4,5.6,68.7,3.0,24.7,1008.6,MTR
2023-09-09,23.9,21.5,30.7,4.9,72.9,221.0,6.8,1006.0,VDP
2023-09-10,26.4,22.5,29.3,1.9,72.5,72.0,16.5,1004.9,RIO
2023-09-11,24.9,22.1,31.4,5.9,65.5,181.0,23.0,1005.3,MAM
2023-09-12,24.1,22.8,30.7,0.5,68.7,106.0,13.2,1011.2,BALLE
2023-09-13,25.5,22.1,30.9,23.0,75.7,351.0,22.0,1009.1,JOBO
2023-09-14,25.6,22.2,30.7,0.9,65.9,58.0,13.7,1007.4,BAQ
2023-09-15,24.4,21.5,30.6,3.5,63.0,90.0,10.0,1009.6,CTG
2023-09-16,26.4,22.8,28.7,13.7,63.3,358.0,10.8,1007.4,STM
2023-09-17,23.7,21.2,29.2,13.0,78.1,50.0,21.0,1008.4,SIN
2023-09-18,26.4,22.1,29.8,21.3,81.5,126.0,18.9,1007.2,MTR
2023-09-19,25.7,21.1,28.8,26.1,75.4,182.0,19.7,1004.3,VDP
2023-09-20,24.2,21.3,30.2,11.1,70.2,242.0,12.7,1008.1,RIO
2023-09-21,25.9,21.2,30.1,0.6,75.1,18.0,22.5,1005.1,MAM
2023-09-22,25.9,22.2,30.8,10.9,68.9,57.0,14.2,1011.6,BALLE
2023-09-23,23.6,22.9,28.9,0.6,60.4,329.0,5.4,1004.3,JOBO
2023-09-24,24.4,22.8,29.2,8.0,68.7,54.0,12.0,1008.8,BAQ
2023-09-25,24.1,21.7,29.0,1.9,81.9,190.0,13.3,1005.4,CTG
2023-09-26,26.5,21.3,30.7,4.1,76.9,123.0,11.2,1007.7,STM
2023-09-27,25.4,22.9,30.9,7.2,61.3,124.0,13.3,1009.0,SIN
2023-09-28,24.4,22.4,31.2,16.9,62.7,220.0,19.1,1004.6,MTR
2023-09-29,25.6,22.2,31.4,15.8,75.0,92.0,23.6,1004.0,VDP
2023-09-30,25.1,22.7,30.6,9.1,59.9,39.0,20.0,1004.1,RIO
2023-10-01,26.3,21.4,30.4,4.3,77.6,317.0,24.8,1004.9,MAM
2023-10-02,23.5,22.3,28.9,0.2,62.2,320.0,21.0,1004.8,BALLE
2023-10-03,24.7,21.1,30.0,18.6,65.7,119.0,5.8,1006.3,JOBO
2023-10-04,25.9,21.4,29.1,8.3,60.7,360.0,16.4,1011.7,BAQ
2023-10-05,24.2,22.5,28.6,1.3,76.8,157.0,13.2,1007.8,CTG
2023-10-06,23.6,22.0,31.0,4.6,78.4,19.0,23.3,1007.3,STM
2023-10-07,24.1,21.1,30.3,10.3,62.4,264.0,6.6,1008.2,SIN
2023-10-08,24.9,21.7,29.6,19.3,72.2,350.0,24.0,1004.5,MTR
2023-10-09,25.3,22.6,30.5,12.9,82.1,171.0,5.2,1010.6,VDP
2023-10-10,24.2,21.1,28.8,24.5,58.4,348.0,15.4,1011.9,RIO
2023-10-11,23.9,21.3,29.3,8.4,75.6,138.0,12.8,1005.0,MAM
2023-10-12,26.5,21.6,30.0,3.2,81.9,190.0,17.3,1004.2,BALLE
2023-10-13,25.4,22.6,31.5,28.1,76.9,331.0,7.8,1008.0,JOBO
2023-10-14,26.5,22.0,30.6,5.3,70.9,135.0,13.9,1004.5,BAQ
2023-10-15,24.9,21.4,29.0,10.6,69.5,259.0,22.2,1009.2,CTG
2023-10-16,24.8,22.0,31.0,13.7,63.3,14.0,6.6,1007.8,STM
2023-10-17,24.8,23.0,31.4,20.1,57.5,52.0,5.4,1007.8,SIN
2023-10-18,26.5,22.9,30.9,18.7,62.3,134.0,18.7,1012.0,MTR
2023-10-19,25.8,22.0,31.6,0.5,58.8,235.0,19.5,1009.7,VDP
2023-10-20,24.6,21.9,29.0,28.7,57.6,310.0,24.1,1006.8,RIO
2023-10-21,26.2,22.0,30.6,0.2,61.5,255.0,14.4,1007.2,MAM
2023-10-22,26.4,22.8,29.8,3.6,81.3,228.0,23.2,1007.4,BALLE
2023-10-23,25.9,22.8,29.2,0.0,82.2,271.0,20.2,1007.5,JOBO
2023-10-24,25.9,22.9,29.1,10.8,58.4,165.0,13.5,1011.9,BAQ
2023-10-25,26.8,21.9,31.7,0.3,58.3,332.0,21.8,1008.5,CTG
2023-10-26,25.0,21.8,28.9,3.4,64.5,17.0,7.7,1008.6,STM
2023-10-27,23.8,21.9,29.6,6.3,79.0,57.0,24.7,1009.1,SIN
2023-10-28,25.0,22.7,31.7,5.1,81.1,298.0,22.8,1008.1,MTR
2023-10-29,24.3,22.7,30.4,5.7,66.1,47.0,19.9,1007.2,VDP
2023-10-30,25.7,22.0,29.0,20.1,76.0,358.0,16.8,1007.2,RIO
2023-10-31,26.2,22.7,30.9,2.0,82.1,356.0,10.1,1008.8,MAM
2023-11-01,26.6,23.2,29.7,4.2,61.2,198.0,16.5,1011.1,BALLE
2023-11-02,26.6,21.5,31.4,12.3,61.5,158.0,19.6,1008.4,JOBO
2023-11-03,25.2,22.2,30.5,27.7,57.7,82.0,24.2,1011.0,BAQ
2023-11-04,26.9,23.1,29.7,6.9,57.9,59.0,22.8,1008.9,CTG
2023-11-05,24.2,22.1,31.4,8.9,58.5,258.0,13.3,1008.2,STM
2023-11-06,25.0,22.2,30.3,14.3,73.8,353.0,17.6,1005.4,SIN
2023-11-07,25.3,22.1,31.3,2.0,71.6,31.0,10.4,1010.1,MTR
2023-11-08,26.7,23.3,30.0,12.7,62.8,188.0,11.9,1011.2,VDP
2023-11-09,26.0,23.3,31.9,5.8,70.2,22.0,6.1,1010.7,RIO
2023-11-10,27.1,22.5,31.1,12.4,74.4,252.0,7.7,1010.6,MAM
2023-11-11,24.2,23.0,31.1,11.1,69.1,73.0,9.8,1009.1,BALLE
2023-11-12,26.2,22.7,29.9,24.4,61.8,356.0,16.6,1005.7,JOBO
2023-11-13,25.9,22.9,30.2,17.8,60.0,257.0,19.2,1006.8,BAQ
2023-11-14,27.0,23.1,29.4,14.6,76.9,105.0,13.8,1010.6,CTG
2023-11-15,25.4,22.2,31.9,25.2,73.8,103.0,13.8,1011.8,STM
2023-11-16,25.9,22.0,30.3,15.3,68.1,11.0,24.6,1009.9,SIN
2023-11-17,27.1,22.6,31.4,11.1,76.7,244.0,22.8,1009.1,MTR
2023-11-18,25.0,23.5,31.8,12.6,72.1,221.0,18.1,1010.7,VDP
2023-11-19,24.5,22.6,30.5,0.5,64.7,311.0,8.2,1010.3,RIO
2023-11-20,26.9,21.8,31.5,10.6,76.9,128.0,21.7,1007.9,MAM
2023-11-21,26.9,23.3,30.5,0.1,60.5,56.0,21.7,1005.5,BALLE
2023-11-22,26.1,21.8,32.4,0.6,60.7,87.0,20.9,1007.2,JOBO
2023-11-23,26.1,22.0,32.1,0.1,62.0,299.0,9.4,1010.2,BAQ
2023-11-24,26.5,21.8,31.2,0.7,73.9,332.0,8.9,1008.7,CTG
2023-11-25,27.1,22.0,29.9,18.1,80.5,176.0,17.2,1006.9,STM
2023-11-26,26.9,22.8,29.9,24.8,62.4,97.0,11.6,1009.6,SIN
2023-11-27,26.7,23.3,30.1,13.0,65.1,108.0,20.7,1010.4,MTR
2023-11-28,25.3,23.7,30.7,20.5,59.5,290.0,5.7,1011.1,VDP
2023-11-29,25.4,22.2,30.9,13.1,67.6,239.0,21.4,1010.0,RIO
2023-11-30,26.5,23.8,30.4,15.1,64.6,316.0,18.3,1006.7,MAM
2023-12-01,26.0,23.3,32.8,0.5,64.7,335.0,11.9,1004.1,BALLE
2023-12-02,28.1,23.7,31.6,20.4,72.5,60.0,5.1,1005.7,JOBO
2023-12-03,26.0,22.7,30.8,12.9,57.6,346.0,5.0,1010.6,BAQ
2023-12-04,27.1,23.5,32.2,8.3,73.3,76.0,12.6,1006.1,CTG
2023-12-05,26.6,24.0,32.1,5.6,60.0,26.0,19.9,1010.8,STM
2023-12-06,26.7,24.1,32.8,8.2,61.9,23.0,16.2,1008.3,SIN
2023-12-07,26.4,22.3,31.3,20.4,72.3,173.0,13.2,1004.7,MTR
2023-12-08,28.1,22.4,32.3,0.7,60.7,72.0,21.7,1009.6,VDP
2023-12-09,27.9,24.0,31.9,29.1,75.8,167.0,8.7,1006.7,RIO
2023-12-10,25.7,23.9,32.1,19.7,68.9,272.0,6.5,1009.6,MAM
2023-12-11,25.6,23.9,30.9,5.8,71.9,269.0,6.4,1005.9,BALLE
2023-12-12,26.2,23.0,32.1,2.8,59.8,273.0,7.3,1008.7,JOBO
2023-12-13,26.0,23.5,31.0,12.5,81.8,41.0,17.6,1004.6,BAQ
2023-12-14,28.1,23.2,30.9,21.6,68.5,342.0,21.3,1005.5,CTG
2023-12-15,25.9,23.0,31.9,17.9,65.8,192.0,23.8,1007.1,STM
2023-12-16,27.6,24.4,31.9,0.0,75.4,126.0,10.5,1005.5,SIN
2023-12-17,25.8,23.3,32.2,16.9,72.6,124.0,13.3,1004.5,MTR
2023-12-18,28.7,22.8,31.7,14.4,64.9,260.0,5.7,1008.8,VDP
2023-12-19,27.5,23.4,31.1,12.8,81.3,268.0,19.8,1005.3,RIO
2023-12-20,27.7,23.3,30.9,9.6,58.5,39.0,12.0,1011.4,MAM
2023-12-21,28.0,23.3,33.7,18.9,61.1,12.0,23.9,1008.0,BALLE
2023-12-22,28.5,23.2,32.6,13.3,75.0,216.0,20.2,1010.6,JOBO
2023-12-23,27.4,23.4,31.3,1.7,77.3,193.0,7.2,1006.4,BAQ
2023-12-24,27.3,24.4,31.5,31.5,80.6,196.0,19.9,1008.9,CTG
2023-12-25,28.9,23.4,31.9,9.2,77.2,74.0,20.7,1005.7,STM
2023-12-26,28.4,24.8,33.2,0.7,82.4,11.0,9.9,1007.0,SIN
2023-12-27,27.1,23.2,31.8,4.7,73.7,113.0,19.8,1008.7,MTR
2023-12-28,27.5,24.8,31.7,10.0,62.8,62.0,11.5,1004.4,VDP
2023-12-29,29.1,24.3,33.4,27.9,82.1,30.0,14.7,1009.6,RIO
2023-12-30,29.2,23.0,33.4,19.2,79.3,260.0,13.2,1009.2,MAM
2023-12-31,27.8,24.2,33.0,17.5,74.5,220.0,10.3,1008.5,BALLE
2023-01-01,27.6,23.1,33.4,19.7,72.4,272.0,21.6,1011.4,VDP
2023-01-02,29.2,23.2,31.6,0.8,59.7,188.0,12.9,1011.2,RIO
2023-01-03,28.0,23.4,33.3,7.0,81.8,49.0,8.9,1010.0,MAM
2023-01-04,26.7,23.5,33.2,9.6,74.4,112.0,12.4,1008.1,BALLE
2023-01-05,29.2,24.9,32.0,20.8,72.4,26.0,14.0,1008.8,JOBO
2023-01-06,28.3,24.0,31.9,2.6,77.1,205.0,17.6,1006.7,BAQ
2023-01-07,27.7,25.1,33.2,6.2,61.4,132.0,21.5,1004.5,CTG
2023-01-08,27.2,24.2,32.1,24.9,61.9,113.0,11.3,1008.6,STM
2023-01-09,29.6,24.3,33.6,1.7,79.0,276.0,16.3,1010.4,SIN
2023-01-10,29.9,24.8,32.5,10.7,81.9,24.0,24.1,1007.6,MTR
2023-01-11,29.7,24.4,32.2,3.7,67.2,8.0,21.5,1010.2,VDP
2023-01-12,29.3,24.2,34.8,0.4,63.7,227.0,8.0,1011.8,RIO
2023-01-13,29.8,24.9,33.7,24.9,63.5,319.0,21.6,1011.2,MAM
2023-01-14,29.4,24.1,33.6,8.4,80.7,171.0,9.4,1007.4,BALLE
2023-01-15,27.6,25.3,32.4,18.7,64.9,156.0,12.7,1008.2,JOBO
2023-01-16,29.1,24.8,34.0,14.8,58.9,258.0,19.3,1005.6,BAQ
2023-01-17,30.2,24.3,33.0,26.0,66.9,175.0,17.1,1005.0,CTG
2023-01-18,29.6,23.8,33.3,1.6,77.4,127.0,24.0,1011.7,STM
2023-01-19,29.5,24.0,33.0,8.6,68.9,64.0,17.4,1008.7,SIN
2023-01-20,29.1,25.2,32.7,14.1,82.0,134.0,18.0,1011.6,MTR
2023-01-21,29.9,24.0,35.2,24.9,70.3,128.0,11.6,1005.9,VDP
2023-01-22,30.1,24.2,33.8,28.0,82.3,71.0,24.5,1009.7,RIO
2023-01-23,29.7,24.1,34.9,16.9,76.1,128.0,24.7,1009.0,MAM
2023-01-24,30.1,25.0,35.3,2.1,63.3,251.0,15.0,1007.0,BALLE
2023-01-25,30.5,25.7,34.0,2.1,81.0,356.0,20.6,1006.8,JOBO
2023-01-26,30.1,24.8,35.3,24.5,82.4,67.0,9.6,1006.9,BAQ
2023-01-27,27.9,24.4,34.3,1.9,64.1,80.0,13.7,1011.9,CTG
2023-01-28,28.2,24.3,35.1,2.1,76.2,222.0,11.4,1007.7,STM
2023-01-29,30.2,25.7,34.9,1.7,77.9,82.0,10.4,1008.0,SIN
2023-01-30,28.5,24.5,33.1,8.5,74.4,230.0,5.4,1008.0,MTR
2023-01-31,29.5,25.0,35.9,1.3,74.8,166.0,11.1,1010.2,VDP
2023-02-01,29.2,26.0,33.9,1.1,80.7,201.0,23.7,1004.9,RIO
2023-02-02,31.0,25.1,35.6,10.3,65.0,3.0,9.6,1009.6,MAM
2023-02-03,28.2,24.2,35.5,21.2,60.3,214.0,15.4,1007.6,BALLE
2023-02-04,28.9,25.8,35.6,3.6,67.1,102.0,10.4,1005.8,JOBO
2023-02-05,29.3,24.8,36.2,2.4,68.7,97.0,15.1,1010.0,BAQ
2023-02-06,31.0,25.1,35.9,5.3,82.3,65.0,20.3,1004.2,CTG
2023-02-07,30.3,25.1,35.1,6.2,80.7,3.0,14.6,1010.0,STM
2023-02-08,30.9,24.7,35.8,0.5,65.0,114.0,18.8,1004.1,SIN
2023-02-09,31.4,25.7,33.5,3.8,65.6,211.0,18.4,1006.7,MTR
2023-02-10,31.1,26.1,35.4,4.4,67.8,132.0,11.6,1009.6,VDP
2023-02-11,30.1,24.6,34.1,3.0,72.0,35.0,23.3,1005.7,RIO
2023-02-12,29.1,24.8,34.1,25.5,60.2,312.0,12.5,1008.9,MAM
2023-02-13,30.4,25.4,35.1,0.7,59.5,276.0,16.5,1008.4,BALLE
2023-02-14,29.5,25.8,34.1,10.1,80.9,22.0,5.8,1004.4,JOBO
2023-02-15,29.2,25.7,36.5,7.1,61.5,137.0,10.5,1004.8,BAQ
2023-02-16,31.6,25.5,33.8,3.1,66.4,268.0,17.6,1011.6,CTG
2023-02-17,28.8,25.6,36.6,2.4,64.1,356.0,8.1,1006.3,STM
2023-02-18,30.1,25.4,35.8,12.1,57.6,259.0,15.2,1011.9,SIN
2023-02-19,30.8,25.5,35.4,17.1,71.3,92.0,23.6,1006.5,MTR
2023-02-20,31.6,24.9,35.4,6.8,70.6,343.0,8.8,1011.9,VDP
2023-02-21,31.1,25.7,36.3,1.0,81.9,206.0,24.0,1005.1,RIO
2023-02-22,30.7,25.2,34.2,25.3,69.9,28.0,15.8,1007.7,MAM
2023-02-23,30.6,26.1,36.0,6.8,81.1,276.0,13.5,1011.4,BALLE
2023-02-24,30.3,26.0,35.5,13.3,61.4,342.0,19.4,1005.5,JOBO
2023-02-25,30.1,26.4,36.8,2.1,78.1,127.0,11.6,1010.1,BAQ
2023-02-26,29.5,25.5,36.5,6.6,66.1,258.0,16.3,1006.1,CTG
2023-02-27,29.6,25.0,36.1,12.8,75.7,217.0,23.1,1009.1,STM
2023-02-28,31.2,26.6,36.6,21.2,82.4,16.0,22.3,1009.2,SIN
2023-03-01,30.0,26.3,36.8,3.6,58.9,47.0,5.9,1009.9,MTR
2023-03-02,29.6,26.1,34.7,21.6,72.9,319.0,17.4,1009.5,VDP
2023-03-03,30.5,26.6,36.5,15.6,72.7,201.0,14.9,1011.1,RIO
2023-03-04,30.6,25.2,34.8,13.4,68.9,107.0,15.8,1008.5,MAM
2023-03-05,31.5,25.9,36.6,8.9,62.2,206.0,12.4,1010.0,BALLE
2023-03-06,30.5,26.1,35.3,0.8,68.7,63.0,5.2,1004.7,JOBO
2023-03-07,29.9,26.3,34.6,21.4,77.5,298.0,19.3,1009.0,BAQ
2023-03-08,31.3,26.7,36.5,3.3,76.8,120.0,7.2,1006.6,CTG
2023-03-09,30.8,25.3,37.0,3.1,63.3,51.0,17.0,1008.8,STM
2023-03-10,32.1,25.2,34.4,13.6,69.0,74.0,18.6,1006.0,SIN
2023-03-11,30.3,25.8,34.4,6.4,73.6,271.0,18.5,1011.1,MTR
2023-03-12,31.1,26.8,37.1,1.0,75.6,142.0,21.2,1009.7,VDP
2023-03-13,32.2,25.2,35.0,24.9,58.8,169.0,21.9,1011.1,RIO
2023-03-14,31.4,25.5,36.6,17.1,60.7,240.0,23.3,1009.8,MAM
2023-03-15,30.6,25.6,35.7,10.3,71.2,15.0,18.2,1007.7,BALLE
2023-03-16,31.9,25.6,36.4,7.0,70.4,326.0,16.9,1004.2,JOBO
2023-03-17,31.9,25.6,35.9,0.2,73.3,125.0,13.0,1008.5,BAQ
2023-03-18,30.8,25.7,34.7,19.4,61.3,126.0,16.2,1011.2,CTG
2023-03-19,32.2,25.2,35.3,12.2,64.8,16.0,14.6,1010.8,STM
2023-03-20,31.9,26.1,37.3,36.6,60.0,143.0,9.0,1011.8,SIN
2023-03-21,29.9,26.8,35.2,19.2,70.3,41.0,12.2,1005.3,MTR
2023-03-22,31.1,26.6,35.1,7.5,58.9,110.0,13.3,1004.5,VDP
2023-03-23,30.2,26.8,36.9,1.7,80.9,18.0,11.4,1011.3,RIO
2023-03-24,31.6,25.4,37.2,6.6,63.6,184.0,23.4,1004.5,MAM
2023-03-25,31.7,25.0,35.7,18.9,68.3,177.0,19.1,1011.3,BALLE
2023-03-26,32.3,26.9,36.3,6.9,65.3,215.0,13.5,1009.6,JOBO
2023-03-27,31.4,26.5,35.7,9.4,61.4,79.0,8.9,1008.3,BAQ
2023-03-28,31.4,25.4,35.6,3.8,59.5,285.0,15.8,1006.9,CTG
2023-03-29,29.6,26.0,35.4,17.5,69.7,262.0,23.1,1005.9,STM
2023-03-30,31.2,26.8,35.1,23.5,63.3,65.0,18.6,1004.6,SIN
2023-03-31,32.3,26.8,35.8,4.0,58.4,287.0,10.1,1008.8,MTR
2023-04-01,30.2,25.0,34.9,4.2,75.4,102.0,23.0,1005.6,VDP
2023-04-02,30.1,26.3,37.4,10.1,58.5,222.0,21.0,1008.7,RIO
2023-04-03,31.1,26.8,35.9,11.3,67.5,72.0,17.3,1011.4,MAM
2023-04-04,32.4,27.0,36.6,18.0,74.2,159.0,10.6,1007.8,BALLE
2023-04-05,31.9,25.6,36.2,1.8,58.5,262.0,17.9,1004.1,JOBO
2023-04-06,32.4,25.6,34.9,32.6,60.2,301.0,6.1,1007.4,BAQ
2023-04-07,30.3,25.2,34.9,31.3,67.9,112.0,8.1,1004.3,CTG
2023-04-08,29.7,25.6,35.5,12.6,74.4,354.0,21.4,1010.4,STM
2023-04-09,31.4,25.5,34.8,11.4,80.5,155.0,23.6,1004.8,SIN
2023-04-10,29.8,25.5,37.4,16.0,70.9,55.0,21.0,1009.4,MTR
2023-04-11,31.8,26.6,35.1,0.5,75.1,141.0,11.8,1008.4,VDP
2023-04-12,31.7,25.8,35.8,27.9,76.2,133.0,17.9,1004.4,RIO
2023-04-13,30.6,25.2,34.6,0.0,74.8,28.0,20.9,1008.2,MAM
2023-04-14,30.7,25.0,37.3,0.6,77.4,169.0,15.8,1009.8,BALLE
2023-04-15,31.8,26.2,36.0,9.4,62.4,220.0,18.9,1008.7,JOBO
2023-04-16,30.1,26.6,34.6,4.4,62.6,133.0,16.0,1005.4,BAQ
2023-04-17,30.1,26.8,36.1,5.7,60.5,125.0,22.8,1005.2,CTG
2023-04-18,32.2,25.9,34.7,25.8,66.3,84.0,7.3,1009.7,STM
2023-04-19,32.0,25.7,37.1,2.7,65.0,54.0,17.7,1010.6,SIN
2023-04-20,32.0,26.6,35.1,21.6,61.7,237.0,21.2,1011.7,MTR
2023-04-21,31.8,26.7,36.9,21.8,59.7,96.0,5.1,1004.3,VDP
2023-04-22,29.5,26.2,36.3,5.2,61.1,200.0,24.1,1010.7,RIO
2023-04-23,30.4,26.5,36.0,5.8,65.3,279.0,12.8,1009.3,MAM
2023-04-24,30.2,25.0,36.6,0.5,61.1,77.0,9.3,1005.4,BALLE
2023-04-25,30.6,26.3,36.4,11.0,72.1,288.0,9.1,1005.1,JOBO
2023-04-26,31.6,25.4,34.3,0.0,61.0,157.0,17.4,1009.4,BAQ
2023-04-27,31.3,26.1,35.9,3.4,78.7,229.0,18.6,1009.7,CTG
2023-04-28,31.6,25.4,34.8,9.4,66.0,201.0,16.2,1011.2,STM
2023-04-29,30.2,25.6,35.7,20.1,80.4,132.0,7.6,1004.3,SIN
2023-04-30,29.4,25.6,34.9,7.4,75.3,144.0,11.5,1004.8,MTR
2023-05-01,31.0,26.1,34.7,0.0,66.3,101.0,7.5,1007.1,VDP
2023-05-02,30.3,25.6,35.3,12.1,80.9,229.0,11.3,1004.4,RIO
2023-05-03,31.5,26.1,35.0,7.4,65.9,346.0,17.5,1004.8,MAM
2023-05-04,32.0,26.3,36.3,16.1,70.9,298.0,20.2,1007.4,BALLE
2023-05-05,31.1,25.7,34.9,11.8,76.2,193.0,9.8,1008.5,JOBO
2023-05-06,31.7,25.1,35.0,3.5,58.8,147.0,8.2,1011.0,BAQ
2023-05-07,30.5,25.9,34.1,1.3,64.7,90.0,10.2,1005.7,CTG
2023-05-08,30.8,25.5,35.0,24.0,65.5,7.0,19.1,1009.6,STM
2023-05-09,31.5,24.9,34.8,11.0,59.1,270.0,13.2,1005.8,SIN
2023-05-10,29.3,26.5,36.7,8.2,57.9,332.0,5.3,1007.4,MTR
2023-05-11,30.8,26.0,34.2,22.3,64.2,217.0,10.0,1010.2,VDP
2023-05-12,29.5,24.6,35.7,0.3,64.5,122.0,10.6,1008.5,RIO
2023-05-13,30.2,25.7,34.3,5.2,69.4,173.0,21.7,1004.9,MAM
2023-05-14,30.9,25.9,36.0,31.2,68.6,252.0,13.0,1011.4,BALLE
2023-05-15,31.4,26.0,34.8,10.2,70.2,30.0,16.4,1007.8,JOBO
2023-05-16,31.2,24.5,34.5,21.0,79.2,169.0,16.2,1008.7,BAQ
2023-05-17,30.9,24.8,35.1,0.7,71.8,54.0,16.9,1005.4,CTG
2023-05-18,28.8,26.4,35.1,8.8,69.1,333.0,11.6,1007.6,STM
2023-05-19,29.2,25.4,35.1,20.8,74.0,120.0,23.0,1004.9,SIN
2023-05-20,29.7,24.7,35.2,8.3,59.3,30.0,5.4,1009.6,MTR
2023-05-21,30.7,24.6,33.5,10.6,73.1,223.0,16.3,1011.0,VDP
2023-05-22,30.8,24.4,34.4,0.1,71.4,74.0,10.4,1006.2,RIO
2023-05-23,31.0,25.6,36.2,1.8,62.7,352.0,24.6,1006.8,MAM
2023-05-24,30.8,25.0,35.2,8.8,69.2,42.0,17.5,1005.6,BALLE
2023-05-25,30.8,25.8,34.0,8.0,79.7,15.0,22.8,1010.2,JOBO
2023-05-26,30.4,25.4,36.1,3.4,58.6,58.0,15.6,1011.5,BAQ
2023-05-27,28.9,24.3,35.1,1.6,59.2,23.0,16.4,1009.5,CTG
2023-05-28,30.6,26.1,35.1,11.2,73.1,23.0,22.8,1009.0,STM
2023-05-29,28.6,24.3,34.2,5.5,77.6,286.0,14.5,1005.8,SIN
2023-05-30,30.6,25.5,33.6,11.3,77.6,58.0,20.3,1011.1,MTR
2023-05-31,29.8,24.1,34.0,19.8,60.9,260.0,5.1,1006.0,VDP
2023-06-01,28.0,24.2,33.6,16.6,67.5,247.0,16.3,1004.5,RIO
2023-06-02,29.4,24.6,35.6,1.2,64.0,147.0,15.9,1006.0,MAM
2023-06-03,29.0,24.5,33.4,1.8,77.2,198.0,9.9,1009.5,BALLE
2023-06-04,29.1,25.9,35.6,31.5,81.5,353.0,7.2,1011.9,JOBO
2023-06-05,29.1,24.6,35.1,5.5,72.0,78.0,21.3,1006.5,BAQ
2023-06-06,30.7,25.4,34.0,33.9,74.3,261.0,9.7,1006.7,CTG
2023-06-07,30.1,25.4,33.4,10.3,69.2,128.0,10.3,1009.0,STM
2023-06-08,29.8,24.1,33.8,1.6,75.8,34.0,9.0,1008.9,SIN
2023-06-09,29.4,25.5,34.0,2.3,71.1,329.0,23.2,1008.0,MTR
2023-06-10,29.4,24.2,33.7,31.5,61.1,271.0,7.9,1008.1,VDP
2023-06-11,29.0,24.5,32.5,1.2,71.7,68.0,9.0,1005.4,RIO
2023-06-12,27.7,23.8,33.1,27.6,68.3,340.0,21.9,1005.2,MAM
2023-06-13,29.6,25.1,33.8,2.7,81.2,67.0,17.0,1011.9,BALLE
2023-06-14,28.4,24.6,35.4,12.3,63.2,307.0,10.6,1010.4,JOBO
2023-06-15,27.9,24.7,34.5,4.2,62.1,95.0,13.6,1008.9,BAQ
2023-06-16,29.8,24.8,34.4,29.5,81.6,355.0,22.0,1011.4,CTG
2023-06-17,29.6,23.9,33.5,3.7,61.0,283.0,5.8,1006.1,STM
2023-06-18,27.2,24.1,34.0,10.8,72.2,296.0,14.8,1010.4,SIN
2023-06-19,28.7,23.8,33.2,7.3,72.5,52.0,18.8,1004.5,MTR
2023-06-20,29.1,24.2,33.6,5.8,74.3,95.0,14.5,1009.2,VDP
2023-06-21,27.2,24.4,32.8,3.6,77.5,11.0,19.6,1009.7,RIO
2023-06-22,29.8,24.6,32.6,2.1,67.2,259.0,11.8,1011.5,MAM
2023-06-23,29.7,23.8,34.7,2.7,73.1,306.0,24.3,1010.0,BALLE
2023-06-24,29.5,23.6,33.7,3.9,64.4,162.0,23.7,1010.8,JOBO
2023-06-25,27.3,23.3,32.9,5.1,61.3,257.0,16.2,1011.2,BAQ
2023-06-26,29.1,23.5,33.2,10.9,71.1,187.0,8.3,1005.1,CTG
2023-06-27,27.9,24.4,33.7,17.2,77.8,209.0,7.9,1008.2,STM
2023-06-28,27.3,23.7,34.6,12.0,76.9,89.0,5.8,1009.1,SIN
2023-06-29,27.1,24.0,33.8,6.8,64.2,194.0,11.0,1009.6,MTR
2023-06-30,27.2,24.8,33.1,22.9,69.6,284.0,12.7,1009.0,VDP
2023-07-01,28.4,25.0,33.3,5.4,60.9,10.0,18.5,1006.2,RIO
2023-07-02,28.0,24.8,33.3,3.6,79.2,188.0,5.1,1004.7,MAM
2023-07-03,29.1,24.3,31.9,0.1,61.6,145.0,9.5,1008.7,BALLE
2023-07-04,27.5,24.5,33.3,1.1,81.1,310.0,11.0,1004.3,JOBO
2023-07-05,27.0,23.1,33.7,16.2,64.9,325.0,8.1,1004.2,BAQ
2023-07-06,28.2,23.6,32.4,14.5,80.1,123.0,5.3,1009.8,CTG
2023-07-07,26.7,24.0,34.0,3.4,77.2,246.0,7.7,1004.3,STM
2023-07-08,28.2,24.1,33.7,3.5,62.2,226.0,20.1,1011.1,SIN
2023-07-09,27.3,23.1,32.9,8.3,76.2,284.0,24.5,1004.3,MTR
2023-07-10,27.6,24.5,32.5,6.0,63.9,97.0,17.7,1011.9,VDP
2023-07-11,28.3,23.1,32.8,8.2,79.2,62.0,12.7,1009.1,RIO
2023-07-12,26.1,23.9,32.4,0.4,79.2,175.0,13.0,1009.1,MAM
2023-07-13,27.8,22.7,31.0,2.6,71.8,23.0,11.7,1005.7,BALLE
2023-07-14,26.8,24.0,31.6,4.9,59.5,48.0,19.5,1011.3,JOBO
2023-07-15,26.6,23.3,33.8,11.9,73.4,279.0,23.4,1011.5,BAQ
2023-07-16,28.4,23.4,33.7,9.4,58.3,186.0,10.4,1009.6,CTG
2023-07-17,27.1,22.9,32.6,0.8,75.4,213.0,12.9,1007.6,STM
2023-07-18,27.4,22.7,33.5,4.1,60.1,120.0,19.6,1008.3,SIN
2023-07-19,26.4,24.4,32.1,25.0,75.3,207.0,25.0,1011.5,MTR
2023-07-20,27.8,22.8,33.0,25.2,64.8,327.0,14.4,1011.2,VDP
2023-07-21,27.4,23.8,33.4,32.4,69.7,287.0,11.2,1005.1,RIO
2023-07-22,26.5,23.1,32.2,2.2,80.6,236.0,13.7,1004.6,MAM
2023-07-23,25.5,22.7,30.6,9.8,69.7,145.0,17.0,1005.2,BALLE
2023-07-24,26.0,23.2,33.1,4.7,66.5,174.0,15.2,1009.6,JOBO
2023-07-25,27.7,22.4,31.8,0.0,73.6,263.0,10.8,1006.7,BAQ
2023-07-26,27.0,23.6,32.3,3.2,80.3,121.0,10.5,1008.3,CTG
2023-07-27,28.1,24.1,32.9,1.0,62.7,300.0,9.0,1010.5,STM
2023-07-28,26.5,23.0,30.8,12.9,64.3,57.0,22.5,1011.8,SIN
2023-07-29,26.7,22.9,32.6,4.4,73.7,226.0,18.8,1005.4,MTR
2023-07-30,26.1,23.4,30.6,2.9,76.0,7.0,22.1,1006.1,VDP
2023-07-31,26.1,22.5,31.5,8.2,73.9,311.0,20.3,1004.9,RIO
2023-08-01,25.1,22.8,32.6,8.9,76.3,151.0,19.1,1007.1,MAM
2023-08-02,27.0,22.8,30.0,1.4,58.9,85.0,10.1,1011.0,BALLE
2023-08-03,25.9,22.6,32.1,6.6,75.8,155.0,19.3,1010.8,JOBO
2023-08-04,25.6,23.1,32.4,2.6,79.7,336.0,21.5,1011.9,BAQ
2023-08-05,26.2,23.3,31.4,24.6,77.7,52.0,16.4,1011.6,CTG
2023-08-06,25.7,23.1,31.0,1.6,64.4,199.0,11.7,1006.5,STM
2023-08-07,27.3,22.4,31.5,27.7,59.1,173.0,17.5,1006.1,SIN
2023-08-08,26.5,23.6,32.5,1.7,70.4,96.0,24.9,1007.9,MTR
2023-08-09,26.5,23.5,32.0,1.6,62.8,330.0,19.1,1005.9,VDP
2023-08-10,26.2,22.3,30.7,4.4,79.9,107.0,23.5,1011.1,RIO
2023-08-11,25.4,23.6,31.3,5.8,75.2,220.0,5.4,1006.8,MAM
2023-08-12,25.6,22.2,30.6,8.4,76.5,268.0,17.7,1004.3,BALLE
2023-08-13,25.6,22.1,30.3,0.3,59.0,154.0,11.7,1004.6,JOBO
2023-08-14,27.3,22.7,31.7,2.0,59.3,281.0,23.3,1007.3,BAQ
2023-08-15,25.4,22.3,30.9,6.8,60.5,236.0,9.1,1010.8,CTG
2023-08-16,26.6,21.8,29.7,22.1,79.2,56.0,14.7,1007.6,STM
2023-08-17,25.7,22.0,32.2,13.9,64.7,280.0,12.8,1010.5,SIN
2023-08-18,25.9,23.2,31.1,10.6,58.5,40.0,11.6,1010.8,MTR
2023-08-19,25.0,21.7,29.6,11.3,72.9,201.0,11.5,1006.7,VDP
2023-08-20,25.6,21.8,29.9,8.2,68.5,251.0,16.9,1005.2,RIO
2023-08-21,25.3,21.6,29.7,3.4,75.4,128.0,17.5,1011.7,MAM
2023-08-22,25.8,22.0,29.8,9.8,79.3,26.0,7.3,1005.4,BALLE
2023-08-23,24.5,21.9,30.8,31.1,78.9,284.0,23.6,1011.5,JOBO
2023-08-24,25.1,22.1,31.5,3.7,78.8,262.0,7.7,1010.8,BAQ
2023-08-25,25.1,21.5,31.1,16.2,72.6,146.0,5.2,1007.1,CTG
2023-08-26,24.7,22.7,31.9,2.4,59.7,151.0,14.5,1011.8,STM
2023-08-27,26.7,22.0,30.2,3.4,72.9,216.0,15.2,1011.7,SIN
2023-08-28,26.0,22.8,31.7,9.2,69.3,296.0,10.2,1004.3,MTR
2023-08-29,24.9,21.8,30.8,3.2,60.3,352.0,18.2,1006.8,VDP
2023-08-30,26.3,22.6,29.4,5.9,59.7,127.0,7.7,1011.9,RIO
2023-08-31,25.0,21.9,29.5,0.8,70.5,5.0,5.8,1005.5,MAM
2023-09-01,26.8,22.5,31.3,8.0,80.2,311.0,18.3,1007.7,BALLE
2023-09-02,25.5,23.0,30.8,5.1,82.2,3.0,6.6,1004.7,JOBO
2023-09-03,24.0,22.9,29.0,3.7,68.5,289.0,23.8,1004.5,BAQ
2023-09-04,24.5,21.6,28.9,2.9,67.8,151.0,5.9,1008.9,CTG
2023-09-05,26.0,22.8,31.7,1.2,72.5,206.0,6.0,1006.3,STM
2023-09-06,26.7,22.6,29.0,0.2,65.8,146.0,21.7,1009.4,SIN
2023-09-07,26.0,22.7,30.4,8.5,71.1,318.0,10.0,1004.2,MTR
2023-09-08,24.8,21.5,29.1,21.6,65.1,13.0,13.7,1010.3,VDP
2023-09-09,25.9,22.6,29.3,7.2,78.5,188.0,19.2,1005.3,RIO
2023-09-10,24.3,21.2,30.9,11.9,72.1,317.0,9.4,1008.1,MAM
2023-09-11,26.4,23.0,29.2,17.4,59.4,253.0,11.4,1007.8,BALLE
2023-09-12,24.4,21.6,30.9,8.3,67.9,80.0,24.5,1010.7,JOBO
2023-09-13,25.7,21.2,31.1,3.3,62.7,84.0,22.0,1009.6,BAQ
2023-09-14,25.6,22.1,28.7,19.6,64.2,242.0,15.9,1006.4,CTG
2023-09-15,25.6,22.1,29.7,5.6,60.4,92.0,19.7,1005.3,STM
2023-09-16,26.1,22.1,30.1,3.1,70.4,113.0,18.8,1006.1,SIN
2023-09-17,25.6,21.5,30.3,0.5,76.9,344.0,11.0,1004.6,MTR
2023-09-18,23.6,22.2,29.6,4.5,74.0,327.0,17.8,1011.4,VDP
2023-09-19,26.1,22.9,30.9,2.8,77.3,287.0,17.8,1004.5,RIO
2023-09-20,24.2,22.2,30.4,35.1,68.6,218.0,15.7,1007.8,MAM
2023-09-21,23.6,21.4,29.0,6.1,66.3,1.0,24.2,1004.4,BALLE
2023-09-22,24.9,21.9,29.3,1.7,82.0,302.0,6.9,1006.3,JOBO
2023-09-23,23.9,22.7,29.6,7.4,64.5,180.0,8.6,1009.0,BAQ
2023-09-24,23.9,22.5,28.8,3.5,73.3,48.0,22.0,1011.1,CTG
2023-09-25,23.9,21.2,29.2,11.3,65.6,207.0,20.7,1011.4,STM
2023-09-26,25.4,23.0,30.1,25.3,64.5,128.0,16.1,1005.7,SIN
2023-09-27,26.2,22.8,31.3,18.4,79.3,101.0,11.6,1007.8,MTR
2023-09-28,26.1,21.3,31.2,1.2,80.3,108.0,8.3,1007.2,VDP
2023-09-29,25.6,22.1,28.9,12.0,68.5,29.0,15.0,1006.5,RIO
2023-09-30,24.1,21.4,29.2,10.2,69.3,102.0,12.1,1009.4,MAM
2023-10-01,24.7,21.7,30.5,6.9,78.0,180.0,8.4,1004.3,BALLE
2023-10-02,26.4,23.0,31.0,11.4,62.9,219.0,24.0,1004.2,JOBO
2023-10-03,23.7,22.3,29.7,33.3,75.8,61.0,14.1,1007.1,BAQ
2023-10-04,25.2,21.4,31.0,1.5,80.7,138.0,6.1,1009.4,CTG
2023-10-05,26.1,21.3,30.7,11.3,80.4,16.0,8.1,1006.5,STM
2023-10-06,23.8,21.4,29.5,12.1,72.3,218.0,23.9,1004.7,SIN
2023-10-07,24.9,21.4,30.7,0.0,67.0,100.0,7.1,1009.2,MTR
2023-10-08,24.1,21.0,30.4,1.2,68.2,250.0,9.2,1011.7,VDP
2023-10-09,25.3,22.3,28.8,2.3,57.6,323.0,11.2,1010.7,RIO
2023-10-10,25.2,22.2,31.2,11.9,60.0,51.0,12.5,1007.8,MAM
2023-10-11,25.5,22.9,28.8,17.4,60.6,327.0,22.7,1010.3,BALLE
2023-10-12,24.4,21.1,29.9,7.7,70.1,226.0,16.0,1008.5,JOBO
2023-10-13,25.8,22.7,28.7,1.1,65.3,69.0,13.2,1007.0,BAQ
2023-10-14,24.8,22.6,30.1,1.0,59.6,79.0,24.9,1009.5,CTG
2023-10-15,25.1,22.3,28.8,3.2,60.9,217.0,6.2,1005.1,STM
2023-10-16,24.6,21.2,30.4,30.9,65.0,340.0,10.9,1008.9,SIN
2023-10-17,26.1,21.8,31.1,4.8,67.7,280.0,23.4,1009.8,MTR
2023-10-18,25.2,21.9,28.9,22.3,59.8,240.0,8.6,1009.7,VDP
2023-10-19,26.6,22.1,29.8,3.1,72.5,169.0,8.4,1009.1,RIO
2023-10-20,26.1,21.6,28.8,29.7,69.8,30.0,18.1,1008.3,MAM
2023-10-21,24.5,22.9,31.3,8.7,81.7,125.0,24.6,1005.2,BALLE
2023-10-22,24.0,22.8,30.8,8.2,68.3,224.0,17.6,1006.5,JOBO
2023-10-23,25.1,21.7,30.1,3.6,71.6,106.0,13.8,1004.8,BAQ
2023-10-24,24.4,22.6,31.1,2.9,62.9,268.0,7.8,1004.5,CTG
2023-10-25,24.4,21.4,30.2,21.4,77.2,141.0,15.8,1011.1,STM
2023-10-26,26.5,22.6,29.2,0.2,65.7,228.0,15.1,1011.2,SIN
2023-10-27,26.0,21.7,29.4,7.3,63.5,282.0,20.4,1006.7,MTR
2023-10-28,25.6,23.1,30.0,9.1,74.8,119.0,16.6,1005.1,VDP
2023-10-29,25.8,21.9,29.6,24.4,67.4,220.0,11.4,1006.7,RIO
2023-10-30,26.7,23.0,30.7,6.9,60.5,40.0,15.2,1009.1,MAM
2023-10-31,26.4,23.1,31.2,0.2,79.8,15.0,24.8,1008.8,BALLE
2023-11-01,25.9,22.6,30.2,29.3,72.4,335.0,15.4,1007.1,JOBO
2023-11-02,26.6,21.7,30.5,4.0,76.6,69.0,10.7,1008.2,BAQ
2023-11-03,25.3,23.1,29.4,1.2,71.5,181.0,23.2,1006.2,CTG
2023-11-04,25.0,22.8,29.1,29.8,70.5,246.0,13.5,1010.7,STM
2023-11-05,24.3,23.3,32.0,3.3,80.4,334.0,9.8,1009.1,SIN
2023-11-06,25.9,22.7,32.0,16.0,59.1,355.0,18.4,1010.4,MTR
2023-11-07,25.5,22.2,30.6,3.4,64.1,111.0,9.5,1005.0,VDP
2023-11-08,27.1,21.9,30.9,21.2,68.5,282.0,14.7,1007.1,RIO
2023-11-09,25.9,22.9,30.3,11.9,82.2,317.0,5.1,1004.4,MAM
2023-11-10,26.9,22.3,31.4,3.1,80.7,209.0,20.7,1008.3,BALLE
2023-11-11,27.1,21.9,31.4,1.3,73.4,147.0,9.6,1005.7,JOBO
2023-11-12,25.8,22.5,31.9,2.6,63.8,105.0,8.6,1005.9,BAQ
2023-11-13,25.5,23.3,29.5,6.3,75.9,205.0,16.3,1004.4,CTG
2023-11-14,26.3,23.3,29.3,13.8,74.0,241.0,18.5,1009.5,STM
2023-11-15,26.5,23.4,32.1,1.5,77.9,332.0,15.9,1005.2,SIN
2023-11-16,25.6,22.3,29.8,6.0,67.1,20.0,20.0,1008.0,MTR
2023-11-17,26.2,23.5,29.5,6.8,61.3,120.0,18.8,1009.1,VDP
2023-11-18,26.0,22.9,31.9,2.0,75.4,91.0,14.4,1008.0,RIO
2023-11-19,25.1,22.3,31.9,2.4,63.2,342.0,19.1,1007.1,MAM
2023-11-20,25.6,22.7,30.5,0.9,67.8,68.0,17.7,1007.0,BALLE
2023-11-21,26.2,23.7,30.9,14.4,78.7,140.0,22.4,1011.9,JOBO
2023-11-22,25.3,22.5,29.9,0.9,60.5,8.0,9.5,1007.4,BAQ
2023-11-23,25.0,22.3,32.6,7.6,63.2,87.0,21.8,1008.1,CTG
2023-11-24,25.5,22.9,31.2,11.5,70.2,293.0,16.3,1004.2,STM
2023-11-25,27.3,22.9,30.9,0.2,64.0,175.0,9.7,1010.2,SIN
2023-11-26,26.4,22.4,30.3,15.9,66.4,283.0,8.3,1010.1,MTR
2023-11-27,24.9,22.4,30.1,30.8,82.0,253.0,5.8,1009.3,VDP
2023-11-28,27.9,22.3,30.6,1.0,77.1,71.0,5.3,1005.2,RIO
2023-11-29,25.5,23.7,32.8,4.6,62.3,21.0,8.8,1007.1,MAM
2023-11-30,26.8,22.3,30.4,7.3,71.8,3.0,17.1,1009.3,BALLE
2023-12-01,26.0,23.9,31.0,0.2,70.9,140.0,6.9,1011.7,JOBO
2023-12-02,25.5,23.4,31.9,16.1,73.6,184.0,6.3,1004.8,BAQ
2023-12-03,25.6,23.3,30.8,9.8,71.6,32.0,21.0,1010.8,CTG
2023-12-04,27.2,22.5,31.6,6.7,75.6,300.0,14.0,1008.7,STM
2023-12-05,27.5,23.8,31.4,0.3,67.9,351.0,19.5,1004.4,SIN
2023-12-06,27.9,22.8,31.6,1.4,79.6,200.0,24.3,1008.8,MTR
2023-12-07,27.0,22.3,30.9,0.5,82.4,206.0,6.7,1007.8,VDP
2023-12-08,27.5,23.0,32.4,3.8,70.6,71.0,7.6,1011.8,RIO
2023-12-09,26.9,23.7,31.5,3.6,63.2,131.0,5.5,1004.1,MAM
2023-12-10,25.9,24.0,33.3,3.1,67.5,59.0,21.0,1009.8,BALLE
2023-12-11,26.2,23.9,31.7,4.6,78.4,148.0,22.7,1005.7,JOBO
2023-12-12,28.0,22.5,31.6,2.0,81.8,134.0,5.9,1011.6,BAQ
2023-12-13,27.5,23.6,30.6,4.2,78.0,155.0,15.8,1004.3,CTG
2023-12-14,28.0,22.6,32.8,30.9,78.0,37.0,16.2,1008.9,STM
2023-12-15,26.9,24.1,30.8,0.2,77.7,356.0,10.1,1007.7,SIN
2023-12-16,26.6,23.1,31.7,10.9,58.0,328.0,13.9,1004.9,MTR
2023-12-17,28.3,22.9,32.2,7.4,61.3,121.0,9.1,1009.6,VDP
2023-12-18,26.2,24.4,32.7,0.1,65.0,8.0,10.6,1011.7,RIO
2023-12-19,25.9,23.9,33.3,0.7,75.1,44.0,11.2,1005.8,MAM
2023-12-20,27.6,23.1,32.2,2.4,65.1,41.0,8.7,1004.1,BALLE
2023-12-21,28.2,23.1,31.4,3.8,81.9,204.0,18.8,1009.9,JOBO
2023-12-22,26.7,22.8,33.7,12.6,81.7,125.0,18.4,1006.9,BAQ
2023-12-23,27.0,24.3,33.1,6.5,75.0,127.0,10.1,1004.6,CTG
2023-12-24,28.2,23.6,31.6,32.6,70.3,46.0,18.1,1007.2,STM
2023-12-25,28.7,23.0,34.0,19.2,80.3,105.0,5.3,1005.5,SIN
2023-12-26,28.6,24.1,33.0,2.9,77.5,305.0,10.2,1004.6,MTR
2023-12-27,27.8,23.6,33.3,9.3,81.5,353.0,8.1,1007.0,VDP
2023-12-28,27.0,23.2,33.8,1.6,80.0,241.0,22.5,1007.3,RIO
2023-12-29,27.5,23.1,33.8,3.6,78.0,91.0,13.9,1007.1,MAM
2023-12-30,29.0,23.4,32.3,15.6,61.5,7.0,15.0,1007.2,BALLE
2023-12-31,27.7,24.3,33.9,7.7,63.9,216.0,15.0,1008.1,JOBO
2023-01-01,27.8,24.2,31.9,6.3,61.8,183.0,22.1,1006.7,RIO
2023-01-02,28.2,23.8,32.7,6.3,69.0,214.0,15.4,1009.3,MAM
2023-01-03,28.9,23.6,34.6,22.8,69.7,121.0,10.7,1010.0,BALLE
2023-01-04,27.6,24.4,34.2,7.5,60.1,254.0,21.5,1009.5,JOBO
2023-01-05,28.4,23.5,32.8,10.0,81.9,347.0,22.4,1010.2,BAQ
2023-01-06,27.1,24.9,33.4,12.5,72.5,31.0,10.9,1008.4,CTG
2023-01-07,27.8,23.4,32.5,3.2,70.6,140.0,7.7,1007.9,STM
2023-01-08,29.2,25.0,33.4,6.9,60.8,9.0,9.6,1010.5,SIN
2023-01-09,28.0,24.3,34.3,24.0,61.9,93.0,22.6,1009.9,MTR
2023-01-10,29.8,23.5,32.5,27.0,71.1,74.0,14.3,1004.6,VDP
2023-01-11,27.3,25.0,32.7,2.0,57.5,119.0,7.3,1009.4,RIO
2023-01-12,29.7,25.3,34.5,2.3,76.8,161.0,18.0,1005.5,MAM
2023-01-13,30.0,24.2,33.6,17.1,78.3,278.0,21.1,1011.9,BALLE
2023-01-14,29.4,23.8,32.8,9.0,63.9,330.0,13.1,1010.2,JOBO
2023-01-15,29.7,23.7,33.4,2.1,78.4,212.0,8.4,1006.9,BAQ
2023-01-16,28.1,25.3,34.1,0.8,78.4,42.0,11.7,1010.6,CTG
2023-01-17,29.5,25.6,33.8,6.9,64.0,195.0,10.8,1009.6,STM
2023-01-18,28.0,24.7,32.5,2.3,61.5,181.0,13.2,1005.2,SIN
2023-01-19,29.2,24.3,32.7,0.6,79.6,313.0,5.2,1011.5,MTR
2023-01-20,28.0,24.9,33.4,25.0,57.8,77.0,19.2,1004.8,VDP
2023-01-21,29.6,25.3,34.5,11.1,73.0,188.0,14.4,1009.3,RIO
2023-01-22,29.4,25.2,33.7,0.2,80.2,273.0,10.7,1007.4,MAM
2023-01-23,30.0,23.9,34.2,13.4,72.8,136.0,23.5,1011.8,BALLE
2023-01-24,28.7,24.6,33.5,5.5,58.6,77.0,15.9,1008.4,JOBO
2023-01-25,29.7,24.1,34.2,4.8,68.8,342.0,6.6,1008.1,BAQ
2023-01-26,28.9,24.8,34.1,8.4,74.3,97.0,20.0,1005.9,CTG
2023-01-27,27.9,25.0,35.4,3.2,68.7,304.0,12.5,1009.8,STM
2023-01-28,29.9,24.6,34.7,0.3,64.5,110.0,15.6,1011.2,SIN
2023-01-29,30.5,24.6,34.4,7.0,58.8,294.0,18.0,1008.2,MTR
2023-01-30,28.4,24.1,34.6,5.4,62.8,39.0,16.5,1006.6,VDP
2023-01-31,28.3,24.2,34.1,5.3,66.2,310.0,12.2,1004.4,RIO
2023-02-01,30.7,24.5,33.2,15.1,70.7,187.0,16.4,1006.8,MAM
2023-02-02,28.4,24.6,35.3,0.7,58.2,152.0,24.3,1007.4,BALLE
2023-02-03,29.3,24.5,34.9,3.6,63.8,64.0,23.3,1005.7,JOBO
2023-02-04,30.1,24.3,34.2,13.7,74.3,222.0,8.8,1011.1,BAQ
2023-02-05,30.9,26.0,34.9,15.5,71.8,44.0,12.1,1009.9,CTG
2023-02-06,30.3,26.1,34.5,4.9,65.2,300.0,8.3,1004.6,STM
2023-02-07,30.7,24.3,34.8,3.9,68.1,236.0,9.4,1008.6,SIN
2023-02-08,30.9,26.0,35.8,6.1,61.5,2.0,21.0,1005.2,MTR
2023-02-09,29.4,26.0,35.8,2.6,71.5,210.0,11.3,1006.0,VDP
2023-02-10,31.0,26.3,34.5,15.7,61.9,282.0,10.6,1007.1,RIO
2023-02-11,28.7,25.4,36.3,9.9,59.3,191.0,7.8,1008.5,MAM
2023-02-12,30.6,25.2,33.9,12.8,82.2,8.0,16.0,1006.3,BALLE
2023-02-13,30.4,24.8,34.5,1.3,74.9,329.0,14.3,1006.2,JOBO
2023-02-14,30.9,26.2,35.7,2.0,65.2,309.0,6.1,1004.8,BAQ
2023-02-15,30.8,25.1,35.2,5.8,72.6,98.0,12.0,1009.6,CTG
2023-02-16,31.0,24.5,34.7,0.6,63.9,117.0,6.4,1005.7,STM
2023-02-17,30.7,26.1,36.5,13.1,72.3,36.0,6.1,1005.0,SIN
2023-02-18,31.3,25.2,36.6,1.3,73.6,123.0,14.7,1010.0,MTR
2023-02-19,30.2,25.7,34.7,10.5,77.0,348.0,15.9,1007.0,VDP
2023-02-20,31.3,25.0,34.6,4.6,63.5,247.0,23.6,1007.5,RIO
2023-02-21,30.3,24.9,35.4,15.4,67.8,193.0,18.9,1007.3,MAM
2023-02-22,30.1,24.9,34.3,6.3,67.0,16.0,18.4,1005.0,BALLE
2023-02-23,30.8,26.2,35.5,6.8,79.3,152.0,7.4,1004.4,JOBO
2023-02-24,29.9,24.9,34.0,11.8,76.4,115.0,8.4,1008.1,BAQ
2023-02-25,30.6,25.9,34.7,15.6,60.4,163.0,13.5,1011.2,CTG
2023-02-26,31.9,25.5,34.3,3.0,81.2,53.0,15.3,1011.3,STM
2023-02-27,30.3,26.1,34.1,2.6,66.4,106.0,13.4,1011.3,SIN
2023-02-28,32.0,26.5,35.5,1.0,70.4,24.0,10.5,1007.2,MTR
2023-03-01,29.5,25.1,37.0,1.6,67.5,225.0,20.6,1006.9,VDP
2023-03-02,30.1,26.5,35.8,4.5,77.8,278.0,9.0,1010.9,RIO
2023-03-03,30.5,24.8,34.2,8.3,70.3,89.0,9.9,1006.6,MAM
2023-03-04,29.2,26.7,36.7,25.3,70.9,197.0,19.4,1004.1,BALLE
2023-03-05,30.9,26.7,34.9,16.1,80.4,204.0,16.3,1004.1,JOBO
2023-03-06,29.6,25.6,35.7,10.0,69.9,176.0,10.3,1010.5,BAQ
2023-03-07,29.9,24.9,35.7,16.1,78.8,274.0,17.6,1006.0,CTG
2023-03-08,31.3,26.3,35.0,3.5,76.9,147.0,15.3,1010.4,STM
2023-03-09,31.5,26.4,36.0,32.2,62.4,306.0,24.4,1004.9,SIN
2023-03-10,31.0,26.1,36.6,3.4,61.7,131.0,20.7,1008.2,MTR
2023-03-11,29.4,26.8,34.5,0.3,63.5,274.0,8.1,1009.0,VDP
2023-03-12,32.0,25.8,36.4,11.5,60.6,152.0,11.1,1004.0,RIO
2023-03-13,32.0,25.2,36.0,4.0,77.7,11.0,12.5,1007.3,MAM
2023-03-14,29.7,25.7,36.8,3.4,73.5,65.0,18.4,1009.9,BALLE
2023-03-15,31.8,26.4,34.8,0.6,61.1,97.0,12.3,1010.2,JOBO
2023-03-16,32.0,25.5,35.3,2.6,69.7,265.0,24.0,1007.6,BAQ
2023-03-17,32.0,25.3,35.9,8.7,61.2,222.0,21.2,1009.5,CTG
2023-03-18,31.0,25.7,35.8,9.2,68.9,51.0,6.6,1004.7,STM
2023-03-19,32.4,26.1,34.5,17.7,61.0,334.0,22.3,1010.5,SIN
2023-03-20,31.0,25.7,34.9,8.1,74.2,95.0,19.6,1008.2,MTR
2023-03-21,31.3,26.7,37.1,26.2,61.1,0.0,22.8,1007.0,VDP
2023-03-22,30.3,25.6,35.5,19.3,75.2,195.0,17.9,1008.4,RIO
2023-03-23,30.7,27.0,36.1,1.6,65.5,95.0,12.9,1004.6,MAM
2023-03-24,32.4,26.9,37.2,0.4,69.7,275.0,12.3,1006.0,BALLE
2023-03-25,31.2,25.8,34.7,2.4,79.9,328.0,21.3,1011.6,JOBO
2023-03-26,30.5,26.7,35.0,0.4,82.5,350.0,8.0,1006.0,BAQ
2023-03-27,29.9,26.7,36.0,6.5,59.5,86.0,19.1,1008.9,CTG
2023-03-28,30.5,26.0,34.7,16.4,58.5,178.0,17.9,1010.0,STM
2023-03-29,32.3,27.0,35.2,12.9,59.6,157.0,5.6,1007.0,SIN
2023-03-30,31.7,26.5,34.7,7.4,71.0,237.0,22.1,1008.2,MTR
2023-03-31,29.9,25.5,36.3,28.0,75.4,158.0,8.3,1004.5,VDP
2023-04-01,29.7,25.3,36.7,15.8,60.9,264.0,13.2,1004.8,RIO
2023-04-02,31.5,26.5,35.9,3.1,60.5,118.0,8.4,1010.1,MAM
2023-04-03,30.1,25.6,35.8,3.2,60.3,344.0,22.9,1004.1,BALLE
2023-04-04,30.7,25.5,36.6,1.7,58.4,227.0,14.7,1006.7,JOBO
2023-04-05,29.9,25.4,36.0,3.8,81.9,298.0,8.9,1009.4,BAQ
2023-04-06,32.2,26.4,34.9,0.7,61.0,151.0,20.4,1006.6,CTG
2023-04-07,31.4,25.6,35.8,5.2,79.8,39.0,19.2,1008.7,STM
2023-04-08,31.0,25.6,34.7,20.5,74.9,36.0,23.1,1004.2,SIN
2023-04-09,31.1,26.1,36.8,15.2,60.3,321.0,7.4,1005.7,MTR
2023-04-10,30.8,26.5,34.7,13.3,67.9,114.0,13.9,1007.1,VDP
2023-04-11,29.5,27.0,35.0,8.3,73.4,36.0,20.5,1005.1,RIO
2023-04-12,30.2,26.4,36.9,2.7,58.7,320.0,12.6,1010.6,MAM
2023-04-13,30.4,26.5,34.9,16.1,68.5,145.0,21.5,1006.6,BALLE
2023-04-14,31.1,26.0,35.5,14.6,63.3,110.0,14.8,1006.7,JOBO
2023-04-15,30.1,26.3,37.0,5.0,60.7,231.0,15.4,1004.5,BAQ
2023-04-16,30.5,26.5,35.8,5.6,64.5,15.0,9.8,1007.4,CTG
2023-04-17,29.4,26.3,34.6,15.9,67.1,355.0,11.1,1009.7,STM
2023-04-18,31.9,25.2,34.8,3.9,66.0,88.0,13.8,1010.9,SIN
2023-04-19,32.2,26.7,36.9,2.5,63.6,260.0,10.8,1006.1,MTR
2023-04-20,31.5,26.6,35.2,4.1,76.8,313.0,22.7,1007.2,VDP
2023-04-21,31.2,26.8,36.4,2.9,70.3,293.0,18.1,1010.0,RIO
2023-04-22,32.0,26.0,36.0,4.3,79.2,5.0,23.2,1010.1,MAM
2023-04-23,29.9,25.2,36.1,14.8,64.1,63.0,12.4,1006.3,BALLE
2023-04-24,30.7,26.8,34.7,5.0,57.9,211.0,18.2,1006.9,JOBO
2023-04-25,31.4,25.1,34.6,3.1,68.2,178.0,15.2,1011.0,BAQ
2023-04-26,29.8,25.5,34.3,10.7,80.7,127.0,18.8,1006.6,CTG
2023-04-27,32.0,25.5,36.4,0.4,74.1,79.0,17.8,1011.7,STM
2023-04-28,29.9,25.8,34.3,9.4,69.5,75.0,16.3,1006.3,SIN
2023-04-29,30.1,25.1,35.5,10.4,80.8,123.0,9.8,1010.8,MTR
2023-04-30,29.5,26.2,35.9,29.0,58.0,169.0,13.8,1005.6,VDP
2023-05-01,29.9,26.6,36.0,5.9,71.4,68.0,22.6,1011.4,RIO
2023-05-02,31.2,25.1,36.1,23.8,67.1,58.0,14.1,1011.9,MAM
2023-05-03,29.6,24.7,35.4,3.4,64.7,151.0,13.8,1005.5,BALLE
2023-05-04,29.3,26.1,36.5,0.5,59.2,66.0,24.6,1006.9,JOBO
2023-05-05,31.3,24.9,35.8,7.1,80.3,66.0,12.6,1009.8,BAQ
2023-05-06,29.9,26.3,36.8,8.8,70.5,126.0,24.5,1008.4,CTG
2023-05-07,30.0,26.0,36.9,0.3,63.1,200.0,6.1,1006.2,STM
2023-05-08,29.7,26.5,35.9,2.8,69.9,196.0,21.8,1006.8,SIN
2023-05-09,29.2,24.9,34.6,13.8,80.5,225.0,23.3,1004.2,MTR
2023-05-10,30.0,25.3,34.6,3.3,66.3,198.0,9.3,1007.7,VDP
2023-05-11,30.6,25.9,34.3,20.3,62.6,303.0,17.9,1010.0,RIO
2023-05-12,30.0,24.9,34.5,33.0,68.8,113.0,19.7,1004.2,MAM
2023-05-13,30.5,25.0,36.3,7.8,66.1,202.0,12.6,1004.2,BALLE
2023-05-14,29.3,25.1,35.3,26.8,66.0,261.0,18.8,1004.8,JOBO
2023-05-15,29.2,25.5,35.2,3.9,80.5,50.0,22.0,1006.4,BAQ
2023-05-16,31.1,25.9,35.7,5.0,75.5,312.0,17.7,1008.1,CTG
2023-05-17,29.9,26.2,34.5,24.6,77.5,352.0,21.9,1011.9,STM
2023-05-18,31.3,24.6,33.6,5.4,76.9,136.0,12.2,1007.4,SIN
2023-05-19,29.7,25.3,35.3,26.4,57.8,331.0,22.8,1007.8,MTR
2023-05-20,30.4,25.9,35.5,3.6,64.9,204.0,22.1,1011.1,VDP
2023-05-21,28.5,26.0,34.3,9.2,74.5,60.0,13.2,1005.3,RIO
2023-05-22,30.7,25.9,36.2,26.6,77.6,135.0,7.5,1006.5,MAM
2023-05-23,30.1,24.8,34.0,1.7,64.3,194.0,19.4,1006.4,BALLE
2023-05-24,30.1,25.0,34.7,2.9,63.2,315.0,6.1,1009.8,JOBO
2023-05-25,31.2,25.5,34.9,6.6,58.7,342.0,19.4,1010.3,BAQ
2023-05-26,29.2,26.1,35.0,17.4,64.1,215.0,10.8,1007.1,CTG
2023-05-27,29.3,24.2,35.9,13.1,80.6,253.0,9.4,1007.1,STM
2023-05-28,31.2,24.4,34.7,7.4,67.5,263.0,8.6,1009.5,SIN
2023-05-29,28.7,25.3,33.3,0.1,74.7,207.0,23.2,1004.7,MTR
2023-05-30,29.4,25.3,33.6,9.8,69.4,182.0,14.7,1008.9,VDP
2023-05-31,29.0,25.0,33.4,2.4,75.8,264.0,15.4,1008.4,RIO
2023-06-01,29.2,25.6,34.0,19.0,82.2,240.0,15.0,1007.7,MAM
2023-06-02,30.2,25.5,34.8,5.5,58.0,161.0,20.6,1006.3,BALLE
2023-06-03,28.3,25.5,34.4,7.0,68.0,325.0,16.2,1011.2,JOBO
2023-06-04,30.5,24.4,33.5,2.8,82.3,134.0,14.1,1011.3,BAQ
2023-06-05,30.5,24.3,33.9,16.0,60.1,153.0,20.2,1007.9,CTG
2023-06-06,28.0,24.6,35.6,10.9,66.5,106.0,23.8,1008.0,STM
2023-06-07,30.5,24.8,34.6,7.6,78.9,183.0,9.0,1009.7,SIN
2023-06-08,28.6,25.4,35.4,3.7,66.5,78.0,14.5,1005.6,MTR
2023-06-09,30.2,24.6,35.2,31.3,74.3,34.0,21.9,1008.1,VDP
2023-06-10,28.4,25.2,33.4,24.1,74.0,166.0,17.9,1004.3,RIO
2023-06-11,30.2,24.2,33.9,22.9,77.1,54.0,14.3,1011.7,MAM
2023-06-12,29.3,23.9,34.2,3.9,62.1,326.0,19.6,1008.3,BALLE
2023-06-13,27.9,23.8,35.3,3.0,80.7,131.0,13.8,1006.0,JOBO
2023-06-14,30.1,23.9,35.4,6.8,67.0,15.0,16.3,1007.5,BAQ
2023-06-15,30.2,23.7,34.6,6.4,70.0,186.0,23.2,1004.1,CTG
2023-06-16,27.8,24.2,34.3,32.6,80.3,69.0,11.0,1011.9,STM
2023-06-17,29.4,24.1,33.3,2.8,72.9,175.0,20.7,1009.7,SIN
2023-06-18,28.5,24.8,34.9,0.6,59.8,325.0,15.9,1011.7,MTR
2023-06-19,29.3,25.1,32.9,1.0,72.4,171.0,6.4,1007.6,VDP
2023-06-20,28.7,23.6,32.3,37.3,64.0,112.0,10.7,1007.8,RIO
2023-06-21,28.3,24.5,35.0,0.1,63.0,264.0,14.5,1006.3,MAM
2023-06-22,28.6,24.6,33.4,8.1,59.0,132.0,20.3,1008.2,BALLE
2023-06-23,29.8,24.2,32.1,1.2,67.4,62.0,11.3,1007.0,JOBO
2023-06-24,28.3,23.3,31.9,11.8,81.5,272.0,21.4,1006.2,BAQ
2023-06-25,28.3,23.4,32.4,7.5,62.2,307.0,6.8,1004.1,CTG
2023-06-26,27.1,23.4,32.1,13.2,66.7,109.0,18.1,1004.0,STM
2023-06-27,27.5,24.2,31.8,0.4,68.8,227.0,15.8,1004.4,SIN
2023-06-28,26.9,24.6,34.2,13.4,69.6,337.0,5.0,1008.6,MTR
2023-06-29,27.7,23.5,34.5,3.3,63.9,119.0,9.6,1005.5,VDP
2023-06-30,29.1,24.2,33.0,6.1,58.3,203.0,18.9,1007.6,RIO
2023-07-01,27.8,23.2,34.3,16.1,67.6,357.0,25.0,1008.1,MAM
2023-07-02,27.2,23.0,34.2,31.9,75.5,171.0,17.9,1007.8,BALLE
2023-07-03,28.1,24.2,33.6,8.2,62.6,44.0,11.2,1005.9,JOBO
2023-07-04,27.9,24.1,33.6,1.5,74.6,338.0,20.2,1010.3,BAQ
2023-07-05,28.8,23.2,32.2,11.4,81.2,324.0,15.8,1010.2,CTG
2023-07-06,26.6,23.7,32.3,4.9,66.3,8.0,22.5,1007.3,STM
2023-07-07,28.2,24.5,31.9,7.5,74.3,354.0,19.9,1008.2,SIN
2023-07-08,28.7,23.7,31.7,4.3,63.9,185.0,19.4,1010.1,MTR
2023-07-09,28.0,23.1,32.4,3.9,72.8,133.0,24.9,1007.4,VDP
2023-07-10,26.2,22.7,32.0,23.0,72.3,229.0,8.5,1010.7,RIO
2023-07-11,28.3,24.7,32.5,12.9,60.1,13.0,10.5,1009.3,MAM
2023-07-12,27.1,23.5,32.6,1.3,73.0,251.0,15.5,1005.4,BALLE
2023-07-13,26.3,24.2,33.8,9.8,62.2,196.0,14.9,1008.1,JOBO
2023-07-14,27.6,23.7,33.6,10.1,69.6,29.0,6.3,1009.4,BAQ
2023-07-15,26.0,24.3,31.2,14.4,81.2,138.0,15.4,1011.9,CTG
2023-07-16,26.9,23.8,31.2,3.6,66.1,347.0,23.6,1011.0,STM
2023-07-17,28.2,22.7,31.8,3.7,69.0,155.0,20.4,1004.9,SIN
2023-07-18,28.2,23.5,31.7,34.3,58.5,23.0,11.3,1006.1,MTR
2023-07-19,27.2,23.9,31.4,3.0,69.3,223.0,8.3,1010.6,VDP
2023-07-20,28.3,23.6,31.9,26.7,77.2,282.0,18.3,1009.6,RIO
2023-07-21,26.3,22.7,32.1,9.8,78.9,32.0,22.5,1010.7,MAM
2023-07-22,26.0,23.0,30.9,1.7,68.7,41.0,8.8,1010.3,BALLE
2023-07-23,27.5,23.8,32.2,7.4,75.0,195.0,18.4,1009.8,JOBO
2023-07-24,25.8,23.9,31.9,3.6,67.3,276.0,16.0,1007.6,BAQ
2023-07-25,26.8,23.8,31.3,2.8,61.4,212.0,11.6,1006.4,CTG
2023-07-26,25.4,22.2,32.7,2.5,64.6,286.0,8.5,1009.7,STM
2023-07-27,25.7,23.1,32.6,3.8,63.2,270.0,17.5,1009.8,SIN
2023-07-28,26.5,22.6,31.8,6.5,73.0,168.0,15.3,1006.0,MTR
2023-07-29,27.1,22.7,32.5,12.3,80.3,335.0,9.1,1010.2,VDP
2023-07-30,26.9,23.1,32.9,6.5,59.8,196.0,7.8,1008.4,RIO
2023-07-31,27.8,23.6,31.4,1.5,67.3,225.0,24.8,1007.9,MAM
2023-08-01,25.8,22.7,32.0,7.5,68.7,124.0,14.2,1011.8,BALLE
2023-08-02,27.4,23.4,32.7,5.3,73.2,358.0,14.5,1007.9,JOBO
2023-08-03,26.7,22.8,31.4,4.0,76.8,194.0,10.5,1009.0,BAQ
2023-08-04,25.6,22.0,30.2,10.1,82.4,321.0,18.1,1011.7,CTG
2023-08-05,26.1,23.0,29.9,3.5,63.8,59.0,6.3,1009.3,STM
2023-08-06,26.3,23.1,31.4,7.9,68.7,242.0,8.7,1006.7,SIN
2023-08-07,25.0,22.7,32.4,1.9,61.0,245.0,15.4,1009.4,MTR
2023-08-08,27.0,21.8,30.0,2.2,73.6,244.0,14.9,1005.0,VDP
2023-08-09,25.4,22.7,30.4,20.3,60.9,77.0,16.6,1005.3,RIO
2023-08-10,27.1,22.4,30.6,21.2,65.2,175.0,16.8,1004.8,MAM
2023-08-11,25.6,23.1,30.0,19.4,76.1,136.0,13.3,1006.3,BALLE
2023-08-12,25.5,23.0,29.8,9.4,72.5,19.0,24.1,1006.3,JOBO
2023-08-13,26.7,22.5,31.1,3.2,79.9,86.0,14.4,1008.9,BAQ
2023-08-14,26.3,23.1,32.3,17.8,70.7,221.0,5.6,1007.4,CTG
2023-08-15,27.2,21.9,30.4,29.4,80.1,339.0,21.6,1006.5,STM
2023-08-16,25.4,21.8,31.3,12.3,79.8,124.0,6.4,1005.6,SIN
2023-08-17,26.0,23.3,31.6,4.1,72.2,309.0,14.4,1008.3,MTR
2023-08-18,26.4,22.7,31.6,3.3,75.8,1.0,23.8,1005.1,VDP
2023-08-19,26.9,23.5,31.0,17.6,66.7,340.0,23.5,1004.6,RIO
2023-08-20,26.2,23.4,31.8,15.4,69.4,30.0,6.5,1009.7,MAM
2023-08-21,24.8,22.5,32.0,16.2,79.7,35.0,15.7,1008.6,BALLE
2023-08-22,24.3,22.2,30.5,1.6,71.8,297.0,17.7,1007.5,JOBO
2023-08-23,25.3,22.8,30.9,33.8,70.0,84.0,14.0,1008.4,BAQ
2023-08-24,26.8,22.8,30.8,17.5,69.2,14.0,11.5,1008.6,CTG
2023-08-25,26.7,22.6,30.2,7.1,66.4,120.0,20.1,1011.0,STM
2023-08-26,24.6,23.3,30.7,4.9,67.3,154.0,13.9,1011.4,SIN
2023-08-27,27.0,23.1,31.4,19.6,61.9,58.0,14.4,1008.8,MTR
2023-08-28,26.6,23.2,29.9,18.5,82.0,72.0,17.9,1006.6,VDP
2023-08-29,26.1,23.3,31.0,27.4,70.8,310.0,5.1,1008.1,RIO
2023-08-30,24.1,22.3,29.1,6.8,61.9,329.0,17.6,1007.2,MAM
2023-08-31,24.5,22.5,31.0,15.9,61.5,282.0,22.7,1004.3,BALLE
2023-09-01,24.8,22.4,29.0,2.9,82.0,177.0,12.1,1007.9,JOBO
2023-09-02,24.9,22.3,31.5,0.6,61.2,353.0,24.9,1011.9,BAQ
2023-09-03,26.4,22.5,30.1,12.7,79.8,87.0,6.0,1004.8,CTG
2023-09-04,25.5,21.7,30.8,2.1,65.1,117.0,21.5,1007.9,STM
2023-09-05,26.0,22.4,29.5,3.7,59.4,299.0,23.6,1005.0,SIN
2023-09-06,25.4,23.0,31.6,26.1,62.3,35.0,13.1,1011.7,MTR
2023-09-07,26.5,22.2,30.3,6.3,81.8,152.0,8.2,1006.1,VDP
2023-09-08,24.2,22.6,29.0,11.7,81.1,255.0,17.2,1011.7,RIO
2023-09-09,25.7,22.8,29.6,9.7,67.0,128.0,15.0,1010.9,MAM
2023-09-10,24.1,22.8,31.2,26.9,80.9,272.0,9.4,1010.0,BALLE
2023-09-11,25.6,21.5,31.5,1.4,74.7,295.0,11.5,1010.4,JOBO
2023-09-12,26.3,21.7,29.5,11.5,80.6,105.0,14.9,1005.0,BAQ
2023-09-13,24.5,22.0,28.8,5.8,72.0,54.0,24.9,1011.1,CTG
2023-09-14,24.5,23.0,30.5,2.5,79.9,275.0,21.6,1009.0,STM
2023-09-15,25.2,22.6,29.4,14.7,66.9,355.0,16.4,1007.4,SIN
2023-09-16,24.0,21.7,29.2,28.8,63.1,170.0,24.2,1006.3,MTR
2023-09-17,25.5,22.4,31.4,16.3,69.5,63.0,23.8,1009.3,VDP
2023-09-18,26.4,22.4,31.3,0.3,71.2,336.0,20.1,1007.0,RIO
2023-09-19,25.6,21.6,29.6,17.9,66.1,286.0,20.7,1008.6,MAM
2023-09-20,25.7,21.8,30.5,4.1,76.9,132.0,11.8,1008.7,BALLE
2023-09-21,23.7,21.2,28.7,18.0,69.7,3.0,8.4,1011.7,JOBO
2023-09-22,23.7,21.9,29.0,12.1,71.9,16.0,14.1,1007.4,BAQ
2023-09-23,24.3,21.6,30.5,0.4,68.4,43.0,6.1,1009.4,CTG
2023-09-24,26.5,22.4,30.3,5.5,60.8,357.0,22.0,1011.0,STM
2023-09-25,25.3,22.3,29.5,1.4,58.7,349.0,8.4,1004.5,SIN
2023-09-26,25.7,22.6,29.1,2.8,60.8,69.0,13.0,1007.0,MTR
2023-09-27,24.3,22.8,30.3,14.6,74.4,270.0,19.9,1008.6,VDP
2023-09-28,26.2,21.9,30.6,17.2,77.5,246.0,22.9,1006.9,RIO
2023-09-29,25.7,22.8,28.6,17.8,82.0,316.0,24.4,1005.5,MAM
2023-09-30,25.5,21.0,29.4,2.5,78.9,190.0,12.2,1009.5,BALLE
2023-10-01,26.0,21.2,29.1,15.0,65.4,6.0,15.8,1004.1,JOBO
2023-10-02,23.7,22.4,30.9,24.0,63.9,347.0,9.6,1007.0,BAQ
2023-10-03,25.4,21.5,29.8,1.5,59.2,144.0,10.6,1006.1,CTG
2023-10-04,24.9,22.1,30.7,15.8,78.0,276.0,20.6,1010.7,STM
2023-10-05,23.9,21.7,30.2,1.6,76.2,337.0,13.7,1007.4,SIN
2023-10-06,25.5,22.7,31.0,28.2,68.2,207.0,11.6,1009.0,MTR
2023-10-07,26.0,22.5,30.6,3.4,60.4,153.0,14.7,1010.6,VDP
2023-10-08,24.5,23.0,28.9,8.4,80.9,275.0,5.3,1007.3,RIO
2023-10-09,25.6,21.2,30.2,4.3,80.0,29.0,17.0,1010.5,MAM
2023-10-10,25.8,21.9,30.5,6.9,79.1,358.0,7.0,1009.6,BALLE
2023-10-11,26.5,21.4,30.8,18.4,77.8,166.0,21.6,1005.6,JOBO
2023-10-12,25.8,22.7,30.5,17.0,64.0,27.0,12.9,1011.7,BAQ
2023-10-13,24.1,21.3,28.7,32.9,69.3,67.0,15.5,1006.0,CTG
2023-10-14,25.4,22.3,29.6,11.0,69.7,184.0,15.9,1008.3,STM
2023-10-15,26.2,22.5,30.2,9.9,72.6,293.0,17.7,1011.2,SIN
2023-10-16,26.3,22.5,31.1,1.0,70.8,201.0,16.1,1011.0,MTR
2023-10-17,24.0,21.8,30.5,15.7,71.7,122.0,17.1,1007.9,VDP
2023-10-18,26.5,22.5,29.3,6.8,78.0,178.0,13.4,1007.8,RIO
2023-10-19,23.9,21.8,30.2,13.8,68.1,300.0,7.1,1010.0,MAM
2023-10-20,26.6,21.9,29.0,19.3,66.4,246.0,18.2,1006.0,BALLE
2023-10-21,23.8,21.4,29.0,2.0,79.4,341.0,12.2,1010.7,JOBO
2023-10-22,24.5,21.9,30.2,5.2,58.2,251.0,15.0,1004.5,BAQ
2023-10-23,24.7,22.4,30.5,0.2,68.1,190.0,24.6,1007.2,CTG
2023-10-24,24.5,23.1,29.2,16.8,68.7,80.0,7.1,1011.4,STM
2023-10-25,26.2,23.0,29.1,22.3,61.9,12.0,20.7,1005.7,SIN
2023-10-26,25.6,23.0,31.1,19.7,81.1,147.0,14.3,1006.3,MTR
2023-10-27,25.4,21.4,30.3,2.8,63.6,224.0,24.0,1011.5,VDP
2023-10-28,24.6,22.2,30.9,3.7,69.0,191.0,11.6,1008.6,RIO
2023-10-29,26.6,22.4,29.0,5.7,67.7,232.0,10.1,1006.8,MAM
2023-10-30,25.0,22.8,30.2,3.4,64.6,55.0,6.0,1009.9,BALLE
2023-10-31,24.7,22.9,30.5,25.5,67.4,307.0,22.7,1008.5,JOBO
2023-11-01,26.5,23.2,31.3,5.9,64.5,273.0,21.8,1010.6,BAQ
2023-11-02,24.1,21.5,31.8,2.1,75.9,252.0,23.0,1007.1,CTG
2023-11-03,26.5,22.9,29.9,18.0,76.2,311.0,8.9,1009.9,STM
2023-11-04,26.9,23.1,31.1,9.5,71.2,337.0,12.5,1010.4,SIN
2023-11-05,24.1,21.8,29.4,14.5,57.8,155.0,23.6,1007.3,MTR
2023-11-06,24.9,21.5,30.9,11.9,59.3,228.0,6.8,1009.6,VDP
2023-11-07,25.7,22.0,29.3,4.1,64.2,197.0,18.2,1011.6,RIO
2023-11-08,26.7,21.5,31.8,6.8,79.6,253.0,17.4,1006.8,MAM
2023-11-09,25.5,21.9,31.4,1.9,69.3,147.0,9.1,1007.4,BALLE
2023-11-10,25.9,23.0,30.7,6.1,76.5,102.0,20.6,1010.1,JOBO
2023-11-11,26.2,21.8,30.5,24.9,77.6,212.0,5.0,1004.7,BAQ
2023-11-12,24.4,21.5,32.2,10.1,70.5,321.0,6.1,1009.4,CTG
2023-11-13,25.9,23.4,31.6,24.4,80.5,17.0,10.0,1007.3,STM
2023-11-14,25.2,21.6,32.0,28.9,58.8,322.0,17.7,1004.2,SIN
2023-11-15,26.8,22.3,31.3,5.0,63.9,246.0,17.4,1005.4,MTR
2023-11-16,25.8,22.4,30.1,26.9,79.5,191.0,21.5,1004.6,VDP
2023-11-17,24.8,21.9,29.8,24.1,79.0,301.0,24.6,1011.8,RIO
2023-11-18,24.6,22.2,30.8,3.5,58.2,318.0,18.5,1009.0,MAM
2023-11-19,26.9,23.0,31.1,2.4,77.3,180.0,12.7,1009.3,BALLE
2023-11-20,27.4,21.9,30.9,17.5,62.7,226.0,8.4,1005.8,JOBO
2023-11-21,25.9,22.8,32.4,4.3,67.5,274.0,16.5,1005.2,BAQ
2023-11-22,25.6,23.3,31.7,16.1,58.4,328.0,22.5,1005.7,CTG
2023-11-23,26.7,22.1,32.7,4.6,64.3,174.0,20.2,1010.7,STM
2023-11-24,26.0,21.9,31.0,33.1,59.6,129.0,15.4,1008.5,SIN
2023-11-25,26.0,23.3,32.6,0.6,57.9,217.0,20.3,1006.3,MTR
2023-11-26,27.0,22.8,31.3,4.8,74.8,166.0,15.9,1005.4,VDP
2023-11-27,24.9,23.6,30.6,0.4,78.5,349.0,16.4,1011.4,RIO
2023-11-28,26.1,22.6,32.5,0.2,76.3,44.0,20.2,1009.4,MAM
2023-11-29,26.0,22.3,32.2,5.5,71.9,293.0,20.0,1004.6,BALLE
2023-11-30,27.2,22.4,31.7,5.6,72.3,309.0,6.9,1009.9,JOBO
2023-12-01,26.4,23.5,31.2,1.6,81.9,64.0,18.5,1004.6,BAQ
2023-12-02,27.5,23.3,31.8,15.1,68.6,247.0,20.6,1007.1,CTG
2023-12-03,26.5,23.2,31.8,3.6,76.9,15.0,10.4,1008.5,STM
2023-12-04,27.6,23.6,33.0,1.1,80.8,277.0,16.6,1011.9,SIN
2023-12-05,26.3,23.4,33.0,2.2,82.3,186.0,17.1,1007.6,MTR
2023-12-06,26.6,23.9,32.7,5.3,58.3,304.0,13.3,1006.4,VDP
2023-12-07,26.7,22.9,31.7,6.4,81.7,68.0,8.0,1005.3,RIO
2023-12-08,26.9,22.6,30.7,1.0,77.5,72.0,8.7,1011.2,MAM
2023-12-09,26.4,24.0,30.6,15.7,59.3,223.0,6.0,1010.2,BALLE
2023-12-10,26.1,23.4,32.5,16.3,61.9,112.0,23.8,1007.4,JOBO
2023-12-11,27.9,23.8,31.6,0.7,80.6,257.0,21.5,1006.1,BAQ
2023-12-12,28.0,23.4,33.5,29.2,80.0,313.0,14.4,1007.4,CTG
2023-12-13,28.4,22.5,31.4,1.1,64.3,21.0,22.5,1007.4,STM
2023-12-14,27.7,23.3,31.7,11.7,66.4,132.0,9.6,1011.5,SIN
2023-12-15,27.9,23.2,32.3,23.8,60.0,233.0,18.8,1009.2,MTR
2023-12-16,27.7,23.2,31.1,5.7,69.0,172.0,24.2,1010.8,VDP
2023-12-17,25.8,22.7,31.9,8.1,80.9,196.0,5.7,1008.2,RIO
2023-12-18,26.3,24.1,31.0,1.6,67.6,73.0,11.0,1006.3,MAM
2023-12-19,26.0,23.6,31.5,6.3,71.5,354.0,19.1,1005.7,BALLE
2023-12-20,27.6,24.1,33.1,0.0,67.0,112.0,15.9,1010.9,JOBO
2023-12-21,26.2,24.3,33.8,22.5,76.4,153.0,15.1,1008.2,BAQ
2023-12-22,26.7,22.7,33.6,7.5,79.8,303.0,13.0,1010.8,CTG
2023-12-23,27.3,24.6,31.2,6.4,61.1,219.0,18.2,1009.5,STM
2023-12-24,27.8,24.3,31.7,4.6,62.3,24.0,13.6,1007.8,SIN
2023-12-25,27.7,24.4,31.9,5.7,69.7,201.0,16.2,1004.4,MTR
2023-12-26,27.5,23.5,32.8,12.9,61.0,336.0,16.8,1006.1,VDP
2023-12-27,29.2,23.0,34.1,12.9,82.4,321.0,20.0,1008.1,RIO
2023-12-28,27.3,23.3,33.8,3.8,67.7,334.0,16.6,1006.3,MAM
2023-12-29,27.0,23.3,31.4,4.9,59.4,206.0,11.0,1008.1,BALLE
2023-12-30,27.1,23.8,32.4,24.4,59.3,222.0,5.7,1011.4,JOBO
2023-12-31,27.1,23.3,32.4,11.2,81.8,121.0,9.8,1005.0,BAQ
2023-01-01,27.4,24.4,32.0,4.0,65.9,179.0,13.4,1005.1,MAM
2023-01-02,26.7,23.9,32.6,14.4,62.0,339.0,6.9,1006.5,BALLE
2023-01-03,27.8,24.0,31.7,4.6,64.6,48.0,18.2,1005.4,JOBO
2023-01-04,29.3,23.9,33.5,12.8,75.1,79.0,18.7,1009.0,BAQ
2023-01-05,28.8,24.0,32.7,2.8,77.3,205.0,20.6,1010.9,CTG
2023-01-06,28.9,23.8,32.2,19.3,73.2,300.0,22.7,1009.6,STM
2023-01-07,29.8,24.2,34.0,32.0,58.3,193.0,23.0,1010.0,SIN
2023-01-08,28.6,24.8,33.8,2.4,70.7,139.0,24.6,1009.5,MTR
2023-01-09,28.9,24.5,33.5,0.1,59.2,178.0,9.9,1005.1,VDP
2023-01-10,29.5,24.1,35.0,3.7,67.1,186.0,8.6,1010.4,RIO
2023-01-11,27.7,24.6,33.5,3.9,63.6,90.0,18.0,1007.5,MAM
2023-01-12,28.8,24.9,32.9,32.8,72.9,213.0,9.7,1005.2,BALLE
2023-01-13,28.3,23.5,35.0,16.2,81.7,166.0,11.4,1010.5,JOBO
2023-01-14,28.5,25.0,34.7,4.8,67.8,166.0,19.1,1007.6,BAQ
2023-01-15,29.4,25.4,34.8,18.4,58.1,291.0,15.3,1010.4,CTG
2023-01-16,30.2,25.2,34.7,21.7,63.1,128.0,13.3,1011.6,STM
2023-01-17,30.2,24.2,33.0,2.0,75.8,83.0,5.4,1008.3,SIN
2023-01-18,27.4,24.2,34.7,2.4,64.6,352.0,24.2,1004.5,MTR
2023-01-19,27.9,25.6,33.6,7.4,62.0,193.0,24.1,1004.7,VDP
2023-01-20,30.0,24.0,33.5,3.4,67.8,135.0,10.9,1005.0,RIO
2023-01-21,27.6,25.6,34.5,3.1,74.5,109.0,5.8,1010.0,MAM
2023-01-22,30.0,24.9,35.0,5.4,67.2,241.0,8.6,1009.7,BALLE
2023-01-23,28.5,23.9,33.2,17.1,77.6,196.0,7.3,1010.6,JOBO
2023-01-24,29.0,24.7,33.2,2.8,67.7,296.0,16.9,1009.6,BAQ
2023-01-25,28.9,24.9,34.6,2.9,59.7,356.0,22.0,1008.8,CTG
2023-01-26,28.4,25.5,35.4,21.1,61.2,214.0,24.2,1011.9,STM
2023-01-27,28.9,24.5,34.8,24.4,64.5,244.0,6.1,1005.0,SIN
2023-01-28,30.4,24.7,34.2,23.3,79.4,260.0,22.1,1011.3,MTR
2023-01-29,30.0,24.7,34.9,14.1,65.4,187.0,16.4,1010.8,VDP
2023-01-30,29.6,24.8,34.4,3.6,65.0,5.0,23.7,1010.2,RIO
2023-01-31,28.8,24.2,34.0,9.7,72.7,311.0,16.5,1007.3,MAM
2023-02-01,28.3,25.0,34.3,0.0,67.7,306.0,11.1,1008.4,BALLE
2023-02-02,30.9,24.9,34.8,16.0,69.2,30.0,20.9,1005.8,JOBO
2023-02-03,28.6,25.5,34.0,33.2,71.3,277.0,17.3,1006.7,BAQ
2023-02-04,29.2,25.8,34.6,1.7,80.3,21.0,23.2,1011.4,CTG
2023-02-05,30.0,24.3,34.0,2.3,75.2,276.0,12.8,1009.7,STM
2023-02-06,30.3,24.2,34.7,17.1,66.4,88.0,11.9,1008.2,SIN
2023-02-07,31.1,24.9,34.0,10.7,67.2,315.0,14.6,1006.5,MTR
2023-02-08,29.1,24.7,35.0,12.2,60.8,114.0,7.9,1006.1,VDP
2023-02-09,29.0,24.3,35.3,3.7,60.6,305.0,14.3,1005.4,RIO
2023-02-10,30.2,25.1,35.7,9.4,66.4,70.0,11.8,1008.2,MAM
2023-02-11,29.9,25.2,34.7,28.8,65.6,41.0,16.9,1004.2,BALLE
2023-02-12,29.6,25.4,33.8,6.0,72.6,32.0,16.5,1011.2,JOBO
2023-02-13,28.6,25.1,35.9,30.8,79.2,260.0,7.0,1005.0,BAQ
2023-02-14,29.4,25.2,35.1,32.5,73.3,213.0,18.1,1006.4,CTG
2023-02-15,29.4,26.0,34.5,4.4,67.6,235.0,11.1,1009.5,STM
2023-02-16,29.1,24.8,34.0,8.2,67.3,253.0,23.5,1009.9,SIN
2023-02-17,29.3,25.3,34.5,4.5,80.2,161.0,7.6,1011.4,MTR
2023-02-18,31.1,26.1,35.0,0.6,65.0,94.0,23.2,1004.1,VDP
2023-02-19,29.0,25.8,36.2,23.1,77.3,195.0,21.9,1005.6,RIO
2023-02-20,29.3,24.6,34.3,1.4,75.3,139.0,9.8,1004.9,MAM
2023-02-21,29.4,25.1,35.2,14.6,79.9,239.0,13.0,1010.9,BALLE
2023-02-22,31.0,24.9,36.3,2.6,64.4,343.0,23.4,1004.3,JOBO
2023-02-23,31.0,25.2,35.3,11.0,62.2,242.0,19.6,1009.5,BAQ
2023-02-24,30.1,25.8,35.2,10.5,58.1,216.0,6.6,1010.1,CTG
2023-02-25,30.8,25.5,36.6,11.3,74.8,326.0,10.6,1004.8,STM
2023-02-26,31.5,26.2,36.8,0.0,63.3,225.0,11.5,1005.4,SIN
2023-02-27,29.2,24.8,34.8,6.5,77.1,347.0,10.3,1004.3,MTR
2023-02-28,30.5,26.6,34.4,26.5,73.0,116.0,10.9,1006.9,VDP
2023-03-01,31.0,26.3,36.9,23.3,67.7,119.0,10.8,1007.6,RIO
2023-03-02,31.6,26.3,35.5,0.4,59.0,155.0,16.6,1008.2,MAM
2023-03-03,30.7,25.0,34.7,15.6,78.4,66.0,22.8,1006.3,BALLE
2023-03-04,29.5,26.7,34.4,5.8,72.2,63.0,20.9,1007.3,JOBO
2023-03-05,30.4,26.0,36.4,8.4,67.5,194.0,17.3,1009.2,BAQ
2023-03-06,30.8,26.4,36.2,2.6,68.5,207.0,15.7,1009.8,CTG
2023-03-07,31.2,26.2,35.9,33.9,79.7,54.0,20.4,1010.7,STM
2023-03-08,32.2,26.5,35.4,0.7,67.5,226.0,11.9,1008.9,SIN
2023-03-09,32.2,26.6,35.5,1.3,77.2,86.0,15.0,1008.5,MTR
2023-03-10,31.6,25.6,36.4,25.9,69.6,324.0,12.6,1004.0,VDP
2023-03-11,30.1,25.0,35.0,3.9,71.8,328.0,8.0,1009.8,RIO
2023-03-12,32.2,25.5,35.7,0.2,60.2,146.0,6.1,1007.0,MAM
2023-03-13,29.7,25.4,34.6,11.5,65.6,237.0,22.7,1010.4,BALLE
2023-03-14,30.8,25.8,34.4,30.1,73.0,269.0,9.1,1006.1,JOBO
2023-03-15,30.1,25.8,37.1,3.8,68.2,247.0,23.9,1008.6,BAQ
2023-03-16,32.2,25.6,34.6,32.1,76.4,114.0,11.8,1009.4,CTG
2023-03-17,31.3,26.2,35.0,11.4,77.6,350.0,11.8,1005.9,STM
2023-03-18,32.0,26.3,37.3,1.8,61.4,203.0,14.3,1010.4,SIN
2023-03-19,30.6,25.6,34.6,5.2,81.3,65.0,21.7,1009.7,MTR
2023-03-20,29.5,26.3,36.3,14.3,79.2,338.0,14.8,1004.5,VDP
2023-03-21,32.2,25.9,37.2,1.2,79.2,72.0,23.3,1005.5,RIO
2023-03-22,31.4,26.7,36.3,4.1,70.1,350.0,16.3,1006.9,MAM
2023-03-23,30.8,25.8,37.4,17.2,69.2,85.0,13.3,1005.7,BALLE
2023-03-24,30.4,25.4,35.2,37.9,70.8,342.0,20.0,1005.0,JOBO
2023-03-25,31.4,25.2,36.9,11.1,67.2,163.0,21.6,1009.5,BAQ
2023-03-26,32.2,26.8,37.2,14.8,68.1,277.0,23.3,1010.3,CTG
2023-03-27,30.2,26.3,36.4,2.4,62.3,339.0,9.1,1005.2,STM
2023-03-28,32.4,25.4,36.7,19.5,78.8,291.0,11.9,1010.6,SIN
2023-03-29,32.3,25.9,36.6,2.1,75.1,322.0,24.3,1007.4,MTR
2023-03-30,29.9,26.6,37.2,0.8,66.0,78.0,13.0,1009.5,VDP
2023-03-31,30.7,26.5,36.6,1.3,72.9,253.0,9.2,1010.3,RIO
2023-04-01,31.6,26.8,35.9,18.7,70.8,118.0,8.2,1004.7,MAM
2023-04-02,32.1,26.8,36.1,2.4,64.8,240.0,6.1,1007.5,BALLE
2023-04-03,31.8,25.7,35.5,7.8,73.1,22.0,23.0,1006.1,JOBO
2023-04-04,31.2,26.4,35.4,1.7,76.9,135.0,13.2,1007.8,BAQ
2023-04-05,32.3,25.3,37.1,10.7,80.5,75.0,16.1,1004.8,CTG
2023-04-06,30.3,26.7,36.2,35.3,73.4,303.0,9.3,1011.7,STM
2023-04-07,30.0,26.6,35.2,2.0,76.2,111.0,5.9,1010.2,SIN
2023-04-08,31.5,26.9,36.9,3.7,77.8,53.0,17.7,1004.7,MTR
2023-04-09,31.9,25.4,37.4,0.1,64.9,323.0,22.1,1010.3,VDP
2023-04-10,32.0,26.6,37.3,1.7,80.9,138.0,11.0,1011.9,RIO
2023-04-11,30.1,25.7,37.3,0.4,72.9,77.0,18.8,1005.0,MAM
2023-04-12,30.1,25.3,35.1,1.6,71.2,194.0,22.2,1010.8,BALLE
2023-04-13,31.7,26.0,36.4,33.9,65.5,17.0,6.8,1007.3,JOBO
2023-04-14,30.9,26.4,37.2,36.3,59.6,117.0,15.6,1004.1,BAQ
2023-04-15,31.9,25.3,35.8,3.9,75.8,158.0,17.8,1004.8,CTG
2023-04-16,29.8,25.1,35.0,7.0,75.4,252.0,21.8,1007.1,STM
2023-04-17,30.5,26.1,35.1,1.2,64.3,347.0,15.3,1011.9,SIN
2023-04-18,31.3,25.9,34.8,26.9,68.4,19.0,16.0,1007.9,MTR
2023-04-19,29.4,25.0,35.6,14.9,61.5,320.0,22.6,1009.2,VDP
2023-04-20,32.0,26.9,35.8,4.9,78.5,265.0,19.7,1008.8,RIO
2023-04-21,30.7,26.2,34.9,1.2,81.9,13.0,18.9,1006.9,MAM
2023-04-22,30.2,26.2,35.2,12.1,62.4,54.0,11.5,1006.3,BALLE
2023-04-23,31.4,25.1,37.2,3.2,81.1,112.0,21.2,1005.1,JOBO
2023-04-24,30.2,25.2,36.8,11.2,71.5,338.0,14.0,1008.6,BAQ
2023-04-25,31.8,26.6,36.5,2.2,78.9,16.0,23.6,1010.2,CTG
2023-04-26,31.6,26.4,35.2,1.0,74.9,301.0,8.6,1004.4,STM
2023-04-27,31.3,26.7,36.1,18.6,81.7,15.0,9.1,1009.6,SIN
2023-04-28,30.1,26.6,35.6,1.3,73.3,327.0,5.3,1010.6,MTR
2023-04-29,31.8,25.9,36.1,7.9,69.5,246.0,12.2,1008.9,VDP
2023-04-30,31.5,26.3,35.8,10.4,80.8,228.0,23.5,1007.6,RIO
2023-05-01,31.0,26.5,35.9,23.1,79.6,123.0,8.6,1005.3,MAM
2023-05-02,30.1,25.5,34.9,0.9,68.1,178.0,21.1,1008.2,BALLE
2023-05-03,29.9,24.7,36.1,1.1,70.2,102.0,23.8,1006.1,JOBO
2023-05-04,30.2,25.3,35.0,0.3,72.6,300.0,21.6,1010.3,BAQ
2023-05-05,30.7,25.8,36.9,8.3,67.0,7.0,19.8,1008.2,CTG
2023-05-06,29.5,25.4,36.8,9.2,63.1,220.0,9.6,1004.1,STM
2023-05-07,31.2,25.0,34.0,13.0,72.4,280.0,16.6,1011.0,SIN
2023-05-08,29.1,25.2,35.2,11.9,61.7,216.0,7.1,1011.0,MTR
2023-05-09,29.5,25.2,33.9,2.0,72.9,302.0,7.3,1007.5,VDP
2023-05-10,29.0,26.4,35.4,0.9,63.9,166.0,24.6,1009.1,RIO
2023-05-11,30.3,25.3,36.0,15.8,77.0,226.0,18.2,1008.0,MAM
2023-05-12,31.2,25.4,35.5,1.3,70.2,287.0,8.7,1010.1,BALLE
2023-05-13,30.8,26.2,35.3,1.2,78.5,25.0,8.1,1005.9,JOBO
2023-05-14,30.8,25.4,35.1,10.3,69.0,3.0,21.8,1006.7,BAQ
2023-05-15,28.8,26.4,36.7,0.4,62.7,75.0,18.4,1010.7,CTG
2023-05-16,31.0,25.1,34.8,2.4,80.5,11.0,22.8,1011.4,STM
2023-05-17,28.9,25.7,35.0,12.0,79.7,18.0,6.4,1004.5,SIN
2023-05-18,29.9,26.2,35.5,19.8,60.1,149.0,6.5,1005.6,MTR
2023-05-19,29.3,24.4,35.0,3.4,64.4,98.0,17.8,1007.1,VDP
2023-05-20,30.1,24.5,34.0,27.4,76.3,39.0,14.5,1007.9,RIO
2023-05-21,30.1,26.3,35.9,0.9,60.7,309.0,16.5,1010.8,MAM
2023-05-22,29.9,25.5,34.9,23.2,74.4,302.0,24.2,1008.6,BALLE
2023-05-23,29.9,26.2,35.7,28.4,77.0,256.0,10.5,1007.4,JOBO
2023-05-24,29.5,24.3,35.0,7.2,76.3,321.0,19.7,1006.9,BAQ
2023-05-25,31.2,25.8,34.4,18.1,80.8,137.0,10.7,1006.2,CTG
2023-05-26,29.6,24.4,33.8,28.1,76.1,29.0,17.7,1004.2,STM
2023-05-27,29.8,25.9,35.2,1.5,59.9,240.0,6.6,1009.1,SIN
2023-05-28,29.5,24.3,33.8,6.2,66.2,149.0,24.6,1009.1,MTR
2023-05-29,28.9,25.7,33.4,0.8,65.6,117.0,7.2,1010.5,VDP
2023-05-30,28.8,25.1,36.0,10.4,76.1,79.0,21.1,1005.7,RIO
2023-05-31,29.4,25.3,34.8,7.3,80.9,241.0,19.9,1010.0,MAM
2023-06-01,29.6,24.4,34.4,7.2,66.4,359.0,15.7,1008.6,BALLE
2023-06-02,30.8,24.4,33.1,20.6,64.0,107.0,18.6,1009.4,JOBO
2023-06-03,28.8,25.5,35.5,17.8,81.0,258.0,10.0,1006.9,BAQ
2023-06-04,29.2,25.1,34.2,19.7,70.5,119.0,5.6,1005.0,CTG
2023-06-05,30.3,25.4,33.6,18.5,82.5,264.0,5.7,1005.0,STM
2023-06-06,28.2,25.8,35.4,6.1,60.6,37.0,11.8,1005.1,SIN
2023-06-07,29.9,25.7,34.7,13.5,57.6,248.0,15.0,1009.5,MTR
2023-06-08,28.3,24.8,34.4,3.8,67.5,114.0,8.3,1004.5,VDP
2023-06-09,29.3,25.5,32.6,16.3,67.7,256.0,11.9,1007.8,RIO
2023-06-10,28.9,24.5,33.0,24.8,60.0,204.0,19.7,1004.8,MAM
2023-06-11,28.9,23.7,33.2,20.5,74.6,146.0,6.1,1004.8,BALLE
2023-06-12,30.1,23.9,34.8,0.6,72.8,302.0,19.7,1008.5,JOBO
2023-06-13,28.0,25.3,34.9,10.8,60.7,143.0,13.4,1011.6,BAQ
2023-06-14,28.9,25.2,35.1,26.9,76.0,223.0,13.0,1006.8,CTG
2023-06-15,29.5,24.6,34.2,22.6,82.0,235.0,13.9,1011.1,STM
2023-06-16,27.9,25.0,34.6,1.0,72.7,347.0,19.5,1011.5,SIN
2023-06-17,27.3,23.6,35.0,7.1,63.7,217.0,5.7,1011.9,MTR
2023-06-18,27.3,24.6,32.2,7.2,62.2,214.0,15.5,1007.3,VDP
2023-06-19,28.6,25.2,33.5,0.2,78.1,302.0,8.7,1007.9,RIO
2023-06-20,27.2,24.2,32.4,29.0,72.4,166.0,12.7,1011.9,MAM
2023-06-21,29.3,24.2,33.8,17.5,61.6,271.0,11.7,1010.2,BALLE
2023-06-22,29.3,24.5,32.7,8.0,64.6,252.0,8.8,1010.7,JOBO
2023-06-23,29.2,23.5,34.8,20.6,77.3,179.0,23.4,1011.7,BAQ
2023-06-24,27.6,24.3,32.7,0.6,69.7,270.0,22.6,1006.2,CTG
2023-06-25,29.7,23.5,32.5,7.1,60.3,115.0,5.7,1011.4,STM
2023-06-26,26.8,23.7,32.7,10.1,79.2,40.0,23.2,1008.5,SIN
2023-06-27,27.3,23.8,33.2,5.3,82.4,181.0,13.9,1009.9,MTR
2023-06-28,27.9,24.2,34.5,5.3,73.4,195.0,16.5,1007.8,VDP
2023-06-29,29.2,23.7,33.2,0.2,62.5,257.0,6.1,1011.5,RIO
2023-06-30,26.7,23.1,33.5,25.2,68.0,266.0,5.5,1007.3,MAM
2023-07-01,27.9,24.3,31.8,15.7,81.0,246.0,13.8,1009.7,BALLE
2023-07-02,26.7,24.6,31.8,0.3,73.9,153.0,23.5,1009.8,JOBO
2023-07-03,28.9,24.8,33.8,1.8,57.5,221.0,22.4,1010.1,BAQ
2023-07-04,26.6,23.8,31.9,0.1,76.5,230.0,5.1,1004.2,CTG
2023-07-05,27.9,24.7,31.9,5.4,58.6,155.0,9.5,1008.4,STM
2023-07-06,27.5,23.4,34.2,14.8,78.9,78.0,11.6,1009.5,SIN
2023-07-07,26.7,23.6,33.9,12.9,67.3,228.0,19.8,1010.3,MTR
2023-07-08,29.1,24.4,32.0,16.6,62.4,117.0,11.7,1010.8,VDP
2023-07-09,26.9,24.6,33.8,15.7,68.6,129.0,10.6,1008.7,RIO
2023-07-10,26.8,24.2,32.5,25.3,63.1,262.0,12.6,1004.9,MAM
2023-07-11,26.5,23.4,33.2,6.6,66.4,299.0,6.7,1006.7,BALLE
2023-07-12,28.3,22.6,32.5,1.1,74.3,153.0,12.0,1010.7,JOBO
2023-07-13,27.5,24.4,31.5,4.1,73.3,14.0,14.2,1009.4,BAQ
2023-07-14,27.5,24.0,31.3,1.3,58.4,318.0,9.9,1007.3,CTG
2023-07-15,26.6,22.9,33.5,0.1,71.0,313.0,11.0,1005.5,STM
2023-07-16,28.1,23.5,31.7,5.9,79.7,139.0,24.3,1007.9,SIN
2023-07-17,28.4,23.6,31.1,17.4,58.9,280.0,22.2,1007.5,MTR
2023-07-18,27.1,23.9,31.2,0.2,65.9,333.0,20.3,1005.7,VDP
2023-07-19,28.1,23.6,33.0,0.6,80.5,329.0,17.8,1004.4,RIO
2023-07-20,26.3,22.6,31.8,2.5,69.4,177.0,15.2,1005.7,MAM
2023-07-21,27.8,22.9,32.0,18.3,77.6,27.0,14.7,1007.4,BALLE
2023-07-22,28.4,22.5,31.1,29.1,71.1,161.0,21.8,1007.6,JOBO
2023-07-23,26.9,23.6,30.7,0.7,78.9,280.0,13.3,1010.6,BAQ
2023-07-24,26.5,24.0,32.1,5.2,68.1,43.0,10.3,1010.9,CTG
2023-07-25,27.7,23.1,31.4,22.2,73.9,356.0,8.2,1005.8,STM
2023-07-26,27.2,23.9,31.1,6.2,68.3,175.0,10.8,1009.0,SIN
2023-07-27,25.5,23.8,31.3,6.2,68.4,213.0,14.1,1010.9,MTR
2023-07-28,27.6,23.8,32.0,2.6,79.5,44.0,8.9,1006.5,VDP
2023-07-29,26.0,22.4,31.1,24.1,66.0,308.0,9.1,1007.2,RIO
2023-07-30,27.0,23.1,31.7,1.2,58.5,166.0,22.3,1009.6,MAM
2023-07-31,27.7,22.7,32.0,0.4,61.1,189.0,7.8,1004.4,BALLE
2023-08-01,27.0,24.0,31.5,5.4,76.6,59.0,11.0,1008.7,JOBO
2023-08-02,25.7,22.6,31.7,10.3,76.9,144.0,5.9,1010.6,BAQ
2023-08-03,27.2,22.0,31.2,27.4,68.0,83.0,15.8,1004.6,CTG
2023-08-04,26.6,22.4,30.5,0.3,69.9,203.0,24.6,1004.7,STM
2023-08-05,25.3,21.9,30.8,4.1,60.9,164.0,24.1,1010.2,SIN
2023-08-06,26.6,22.1,31.1,20.0,72.3,72.0,17.4,1011.9,MTR
2023-08-07,26.5,23.5,31.3,19.5,79.6,11.0,11.8,1008.9,VDP
2023-08-08,25.9,23.4,31.6,0.2,70.5,250.0,10.4,1010.0,RIO
2023-08-09,26.4,23.2,31.6,11.4,78.1,263.0,14.9,1008.9,MAM
2023-08-10,25.1,23.7,31.8,8.9,77.9,301.0,16.8,1008.7,BALLE
2023-08-11,25.3,21.9,32.0,23.3,80.2,277.0,7.3,1008.9,JOBO
2023-08-12,24.5,22.9,31.5,23.0,57.7,278.0,20.1,1010.6,BAQ
2023-08-13,26.3,23.3,30.9,10.2,60.9,96.0,7.0,1010.7,CTG
2023-08-14,26.4,22.4,31.2,6.6,74.6,141.0,22.6,1008.3,STM
2023-08-15,26.5,21.9,30.3,5.6,59.6,262.0,23.3,1007.4,SIN
2023-08-16,25.3,22.8,30.0,2.9,58.7,185.0,14.9,1011.3,MTR
2023-08-17,26.9,23.5,29.8,16.5,68.7,102.0,23.0,1010.1,VDP
2023-08-18,25.8,21.6,30.0,14.4,73.4,148.0,6.3,1006.7,RIO
2023-08-19,24.9,22.8,29.6,5.3,62.7,36.0,15.2,1008.0,MAM
2023-08-20,24.3,23.1,31.8,19.5,77.1,281.0,23.7,1011.2,BALLE
2023-08-21,27.2,22.8,31.3,9.1,69.4,339.0,14.7,1004.2,JOBO
2023-08-22,25.0,22.4,32.1,23.3,78.0,197.0,7.4,1009.3,BAQ
2023-08-23,24.3,22.7,31.2,0.0,64.2,100.0,17.2,1011.6,CTG
2023-08-24,24.5,23.1,29.7,24.4,71.4,81.0,17.3,1010.2,STM
2023-08-25,25.9,22.3,31.9,1.3,68.6,198.0,21.7,1010.0,SIN
2023-08-26,25.5,23.2,30.6,0.6,66.7,288.0,21.6,1010.3,MTR
2023-08-27,26.3,23.0,31.8,7.3,59.9,22.0,21.8,1004.9,VDP
2023-08-28,24.9,21.9,29.5,12.5,82.1,188.0,6.5,1010.7,RIO
2023-08-29,25.4,22.1,31.0,1.1,80.9,140.0,20.8,1006.2,MAM
2023-08-30,24.7,22.6,30.1,5.0,71.5,121.0,23.0,1007.3,BALLE
2023-08-31,25.5,21.7,30.8,2.7,72.5,159.0,5.3,1008.9,JOBO
2023-09-01,26.3,22.0,31.1,5.0,73.6,73.0,22.9,1006.8,BAQ
2023-09-02,24.4,23.1,30.0,17.9,67.5,280.0,9.9,1011.2,CTG
2023-09-03,23.9,22.2,29.5,1.3,63.6,220.0,6.3,1008.6,STM
2023-09-04,25.7,21.7,30.3,7.3,58.4,108.0,6.9,1011.1,SIN
2023-09-05,25.1,22.9,29.6,22.6,81.5,146.0,22.5,1004.0,MTR
2023-09-06,24.6,21.8,31.4,9.9,82.4,239.0,16.2,1011.4,VDP
2023-09-07,26.7,22.2,29.7,13.4,70.0,75.0,20.2,1004.5,RIO
2023-09-08,24.0,22.2,28.8,21.4,66.1,226.0,24.7,1008.6,MAM
2023-09-09,26.7,21.8,30.4,4.1,63.6,77.0,12.2,1010.2,BALLE
2023-09-10,25.7,22.4,31.5,11.9,70.1,140.0,7.9,1010.1,JOBO
2023-09-11,24.0,21.7,31.1,16.4,67.2,179.0,6.4,1011.8,BAQ
2023-09-12,23.9,21.2,31.5,6.5,66.3,150.0,11.7,1007.8,CTG
2023-09-13,26.3,22.3,30.8,9.4,67.0,88.0,6.4,1011.6,STM
2023-09-14,24.0,21.7,30.8,12.7,61.2,235.0,24.8,1009.0,SIN
2023-09-15,26.1,21.7,29.4,0.6,78.6,135.0,8.2,1007.4,MTR
2023-09-16,24.1,21.2,28.8,17.3,77.2,249.0,16.5,1005.0,VDP
2023-09-17,26.4,21.3,30.8,4.0,73.9,265.0,22.3,1010.9,RIO
2023-09-18,26.3,21.1,30.5,0.3,75.8,241.0,24.2,1005.5,MAM
2023-09-19,26.2,21.4,30.0,23.5,64.8,121.0,6.7,1005.0,BALLE
2023-09-20,26.4,22.2,30.3,3.7,77.0,25.0,10.5,1007.3,JOBO
2023-09-21,25.1,21.9,30.5,7.9,61.9,355.0,22.3,1010.5,BAQ
2023-09-22,24.6,21.7,29.0,1.9,59.3,3.0,24.3,1004.1,CTG
2023-09-23,26.3,22.9,30.9,21.0,80.3,49.0,19.1,1005.8,STM
2023-09-24,23.6,21.5,30.9,8.2,78.5,215.0,13.0,1006.7,SIN
2023-09-25,24.2,22.0,30.0,6.7,78.3,271.0,21.4,1008.0,MTR
2023-09-26,24.3,21.4,29.4,22.6,75.5,46.0,11.2,1010.9,VDP
2023-09-27,24.7,21.6,30.5,7.2,63.2,200.0,9.9,1010.4,RIO
2023-09-28,25.1,21.3,31.3,13.8,69.6,185.0,20.7,1006.7,MAM
2023-09-29,25.6,22.5,29.0,0.8,79.3,359.0,6.9,1007.4,BALLE
2023-09-30,25.9,21.9,29.3,0.4,61.3,68.0,8.6,1005.0,JOBO
2023-10-01,25.8,22.0,30.1,18.3,59.9,6.0,22.3,1005.7,BAQ
2023-10-02,24.9,22.8,29.7,6.4,62.2,200.0,16.2,1010.6,CTG
2023-10-03,24.5,21.9,29.4,5.6,71.0,264.0,13.7,1006.1,STM
2023-10-04,24.0,22.8,30.4,5.4,61.3,288.0,24.7,1006.6,SIN
2023-10-05,25.6,22.6,29.1,1.1,71.9,101.0,11.1,1009.3,MTR
2023-10-06,25.6,21.2,30.6,31.4,81.4,319.0,8.8,1005.6,VDP
2023-10-07,24.2,22.1,29.7,2.0,74.8,252.0,18.1,1005.7,RIO
2023-10-08,24.4,22.8,31.1,2.8,68.1,161.0,24.3,1005.3,MAM
2023-10-09,24.3,21.0,31.3,13.8,62.9,185.0,13.8,1010.6,BALLE
2023-10-10,26.2,22.8,30.7,23.3,58.4,129.0,22.5,1007.2,JOBO
2023-10-11,24.2,21.2,29.4,33.1,66.5,202.0,22.4,1007.9,BAQ
2023-10-12,24.3,21.7,30.7,0.9,79.1,225.0,5.7,1009.2,CTG
2023-10-13,26.5,21.8,30.3,0.2,74.2,272.0,7.5,1005.6,STM
2023-10-14,26.5,21.6,30.9,10.7,82.0,58.0,6.6,1009.1,SIN
2023-10-15,25.8,23.0,31.0,5.3,79.9,139.0,7.4,1009.6,MTR
2023-10-16,26.0,22.3,29.9,16.7,58.9,243.0,14.3,1010.5,VDP
2023-10-17,25.4,22.9,29.4,28.3,76.4,138.0,18.0,1010.2,RIO
2023-10-18,24.5,21.4,31.6,2.4,71.3,34.0,13.0,1011.1,MAM
2023-10-19,24.9,21.6,31.5,3.5,78.6,281.0,15.2,1011.5,BALLE
2023-10-20,25.3,21.2,28.9,2.1,70.1,8.0,7.6,1008.7,JOBO
2023-10-21,25.0,21.1,30.5,4.4,64.0,98.0,8.1,1005.1,BAQ
2023-10-22,24.2,21.7,30.9,7.6,69.7,209.0,14.4,1005.1,CTG
2023-10-23,24.9,22.9,30.6,20.3,73.7,263.0,5.4,1008.3,STM
2023-10-24,25.3,21.8,31.1,23.1,79.5,263.0,16.2,1004.4,SIN
2023-10-25,26.3,22.0,29.1,7.4,65.1,245.0,19.6,1009.3,MTR
2023-10-26,25.7,21.4,31.4,21.4,62.5,297.0,13.5,1006.9,VDP
2023-10-27,26.5,21.5,30.9,21.7,77.9,90.0,22.0,1008.5,RIO
2023-10-28,25.2,21.3,29.2,3.1,71.2,64.0,21.2,1011.9,MAM
2023-10-29,24.3,22.0,31.7,12.6,82.2,267.0,16.5,1005.3,BALLE
2023-10-30,24.1,22.8,30.9,8.1,82.3,124.0,17.9,1010.7,JOBO
2023-10-31,24.1,23.2,30.7,23.5,60.0,49.0,18.9,1011.8,BAQ
2023-11-01,26.1,22.9,29.4,21.3,66.2,1.0,20.0,1004.5,CTG
2023-11-02,25.1,23.1,29.0,22.1,57.7,85.0,21.7,1004.0,STM
2023-11-03,25.8,22.5,31.2,2.1,82.3,250.0,6.6,1006.4,SIN
2023-11-04,26.0,21.8,31.0,11.2,77.4,268.0,5.9,1008.5,MTR
2023-11-05,27.0,22.0,30.2,18.0,77.6,89.0,12.1,1009.8,VDP
2023-11-06,26.4,23.4,29.8,1.5,80.3,323.0,11.7,1005.7,RIO
2023-11-07,26.9,22.4,30.0,21.3,68.4,50.0,6.8,1005.4,MAM
2023-11-08,26.2,21.9,29.2,0.2,76.5,245.0,12.2,1007.9,BALLE
2023-11-09,25.7,22.5,31.4,12.8,73.1,144.0,16.4,1007.5,JOBO
2023-11-10,25.1,21.9,31.2,6.5,78.5,312.0,9.6,1004.1,BAQ
2023-11-11,24.4,22.9,30.7,10.4,79.7,29.0,21.2,1008.7,CTG
2023-11-12,25.8,22.8,30.9,13.6,76.3,258.0,18.0,1007.7,STM
2023-11-13,24.5,22.2,31.7,12.8,70.5,67.0,20.5,1010.9,SIN
2023-11-14,25.5,22.8,32.3,21.4,65.3,22.0,18.4,1006.5,MTR
2023-11-15,25.8,22.9,31.3,13.5,70.2,88.0,10.6,1006.0,VDP
2023-11-16,25.1,22.7,31.2,32.5,62.2,311.0,20.9,1009.6,RIO
2023-11-17,26.1,23.5,30.8,1.1,79.5,274.0,19.1,1005.8,MAM
2023-11-18,26.2,22.6,30.0,19.8,62.1,124.0,17.8,1007.0,BALLE
2023-11-19,25.7,23.1,30.5,7.2,66.0,148.0,16.9,1007.3,JOBO
2023-11-20,24.9,23.4,31.9,5.7,78.0,121.0,23.5,1011.1,BAQ
2023-11-21,26.9,21.8,31.9,13.2,74.5,342.0,10.4,1008.7,CTG
2023-11-22,26.6,23.7,32.0,4.6,64.2,89.0,23.6,1007.9,STM
2023-11-23,26.6,23.7,32.5,9.8,61.3,88.0,5.6,1011.0,SIN
2023-11-24,26.9,22.0,30.7,14.3,58.3,88.0,21.5,1008.2,MTR
2023-11-25,25.7,23.3,30.3,0.7,74.7,288.0,18.3,1005.6,VDP
2023-11-26,25.2,22.0,31.7,16.1,82.5,190.0,22.6,1011.9,RIO
2023-11-27,27.0,23.1,32.6,27.0,63.4,219.0,10.2,1007.0,MAM
2023-11-28,25.4,22.1,30.6,25.8,60.4,157.0,23.7,1008.8,BALLE
2023-11-29,25.3,22.0,31.8,1.6,62.9,4.0,24.5,1005.1,JOBO
2023-11-30,26.2,22.0,31.1,26.1,62.9,152.0,23.4,1008.1,BAQ
2023-12-01,27.5,22.5,32.1,11.8,58.7,354.0,7.9,1010.4,CTG
2023-12-02,27.4,22.3,32.6,21.6,69.9,238.0,22.0,1008.2,STM
2023-12-03,25.5,23.4,31.7,1.5,73.1,144.0,21.4,1010.6,SIN
2023-12-04,26.0,22.9,32.2,17.2,65.7,332.0,14.1,1007.4,MTR
2023-12-05,26.8,22.8,32.8,6.5,70.1,26.0,18.7,1009.2,VDP
2023-12-06,26.4,22.5,32.5,31.6,66.8,233.0,22.5,1007.6,RIO
2023-12-07,26.2,23.1,33.2,4.2,80.8,47.0,14.6,1009.8,MAM
2023-12-08,25.9,22.7,33.2,3.4,77.2,113.0,5.9,1008.2,BALLE
2023-12-09,28.2,23.8,32.2,1.9,63.8,312.0,22.1,1005.2,JOBO
2023-12-10,26.1,24.0,32.5,7.0,58.8,29.0,10.5,1007.6,BAQ
2023-12-11,27.4,22.5,30.9,4.2,62.0,32.0,11.8,1006.1,CTG
2023-12-12,27.1,23.7,32.9,3.5,68.0,193.0,7.4,1010.6,STM
2023-12-13,26.7,23.9,31.8,10.0,79.1,11.0,21.4,1008.7,SIN
2023-12-14,28.0,24.2,31.4,2.2,71.7,336.0,17.6,1004.6,MTR
2023-12-15,27.5,22.7,31.7,1.9,74.5,41.0,5.3,1006.0,VDP
2023-12-16,28.1,23.1,33.7,4.1,64.2,162.0,7.6,1006.0,RIO
2023-12-17,28.1,24.4,31.2,16.1,81.7,66.0,24.4,1008.5,MAM
2023-12-18,26.8,23.6,31.7,4.6,75.3,219.0,7.9,1008.6,BALLE
2023-12-19,26.6,24.3,33.8,5.6,72.4,303.0,7.0,1011.0,JOBO
2023-12-20,26.9,23.5,33.9,0.3,71.3,51.0,21.8,1005.8,BAQ
2023-12-21,28.2,24.6,33.7,19.2,62.0,327.0,10.1,1004.1,CTG
2023-12-22,28.8,23.8,32.1,24.4,64.9,229.0,13.1,1007.2,STM
2023-12-23,26.4,23.0,31.7,9.6,80.9,319.0,11.6,1011.9,SIN
2023-12-24,29.0,24.3,31.3,4.5,64.5,200.0,19.0,1011.2,MTR
2023-12-25,26.9,23.8,31.7,11.2,68.2,59.0,6.8,1007.1,VDP
2023-12-26,28.1,23.1,31.3,1.4,73.7,291.0,22.2,1005.7,RIO
2023-12-27,28.2,24.8,33.9,16.7,72.9,290.0,16.0,1006.0,MAM
2023-12-28,27.6,24.2,31.6,20.8,76.3,223.0,11.5,1008.4,BALLE
2023-12-29,27.2,23.4,32.4,16.7,66.0,221.0,15.9,1008.7,JOBO
2023-12-30,29.4,23.0,33.7,9.4,67.9,93.0,5.5,1009.4,BAQ
2023-12-31,27.1,23.7,33.6,2.6,80.4,277.0,18.4,1007.9,CTG
