fuente,fecha_despacho,dia_semana,remitente,id_unidad,interrumpido,reenrutado,nodo_entrada,ciudad_entrada,franja_horaria,desbalance_entrada,marca_desbalance_entrada,tipo_desbalance_entrada,nodo_salida,ciudad_salida,desbalance_salida,tipo_desbalance_salida,duracion_transito,tipo_tramo,desbalance_operacional,desbalance_clima,desbalance_sistema,desbalance_integridad,desbalance_aguas_arriba
gas_interrupted_1,2023-01-01,1,Efigas,CE4339,false,true,JOBO,"Sahagún, COR",Tarde,-7,false,,SIN,"Sincelejo, SUC",59,,384,troncal norte,10,23,8,4,2
gas_interrupted_1,2023-01-02,2,Efigas,CE4807,true,false,BALLE,"Manaure, LAG",Noche,-9,false,,SIN,"Sincelejo, SUC",32,,306,troncal norte,13,8,3,12,2
gas_interrupted_1,2023-01-03,3,Surtigas,CE4453,true,false,JOBO,"Sahagún, COR",Noche,39,true,,STM,"Santa Marta, MAG",52,,620,Ramal industrial,29,2,0,2,10
gas_interrupted_1,2023-01-04,4,Gases del Caribe,CE9689,true,false,BALLE,"Manaure, LAG",Mañana,-5,false,,RIO,"Riohacha, LAG",14,,253,Ramal industrial,9,3,7,0,0
gas_interrupted_1,2023-01-05,5,Gases de la Guajira,CE6617,true,true,BALLE,"Manaure, LAG",Madrugada,6,true,,CTG,"Cartagena, BOL",26,,307,RAMAL urbano,19,2,0,2,0
gas_interrupted_1,2023-01-06,6,Surtigas,CE8385,true,false,BALLE,"Manaure, LAG",Madrugada,34,true,,MAM,"Cartagena, BOL",38,,293,troncal norte,18,9,5,13,6
gas_interrupted_1,2023-01-07,7,Gases de la Guajira,CE7087,true,false,JOBO,"Sahagún, COR",Tarde,-3,false,,MTR,"Montería, COR",60,,90,troncal norte,3,6,11,0,20
gas_interrupted_1,2023-01-08,1,Efigas,CE6161,false,false,JOBO,"Sahagún, COR",Tarde,32,true,,MTR,"Montería, COR",34,,513,Regional Sabanas,37,0,0,0,10
gas_interrupted_1,2023-01-09,2,Gases del Caribe,CE9384,false,false,BALLE,"Manaure, LAG",Tarde,36,true,,BAQ,"Barranquilla, ATL",34,,526,Troncal principal,3,0,6,29,1
gas_interrupted_1,2023-01-10,3,Gases de la Guajira,CE0779,false,false,BALLE,"Manaure, LAG",Noche,62,true,,BAQ,"Barranquilla, ATL",64,,479,troncal norte,19,24,2,18,21
gas_interrupted_1,2023-01-11,4,Gases del Caribe,CE5535,false,false,BALLE,"Manaure, LAG",Tarde,-6,false,,CTG,"Cartagena, BOL",85,,454,Regional Sabanas,2,20,4,13,19
gas_interrupted_1,2023-01-12,5,Gasnacer,CE6737,true,true,JOBO,"Sahagún, COR",Noche,12,true,,MAM,"Cartagena, BOL",33,,422,regional sur,1,18,15,0,4
gas_interrupted_1,2023-01-13,6,Gasnacer,CE4470,false,true,BALLE,"Manaure, LAG",Madrugada,35,true,,CTG,"Cartagena, BOL",37,,358,Troncal principal,26,9,2,8,4
gas_interrupted_1,2023-01-14,7,Gasnacer,CE3896,true,false,JOBO,"Sahagún, COR",Tarde,0,false,,BAQ,"Barranquilla, ATL",29,,446,RAMAL urbano,0,3,0,22,7
gas_interrupted_1,2023-01-15,1,Efigas,CE7521,false,false,JOBO,"Sahagún, COR",Madrugada,-2,false,,BAQ,"Barranquilla, ATL",42,,184,troncal norte,18,1,1,18,0
gas_interrupted_1,2023-01-16,2,Gasnacer,CE1,true,true,BALLE,"Manaure, LAG",Tarde,-10,false,,CTG,"Cartagena, BOL",71,,295,Ramal industrial,13,6,23,3,34
gas_interrupted_1,2023-01-17,3,Efigas,CE5383,true,false,BALLE,"Manaure, LAG",Noche,23,true,,SIN,"Sincelejo, SUC",53,,614,Troncal principal,13,15,7,2,4
gas_interrupted_1,2023-01-18,4,Gases del Caribe,CE3208,true,false,BALLE,"Manaure, LAG",Madrugada,18,true,,SIN,"Sincelejo, SUC",109,,297,Troncal principal,0,24,12,18,28
gas_interrupted_1,2023-01-19,5,Gases de la Guajira,CE3230,false,false,JOBO,"Sahagún, COR",Tarde,18,true,,SIN,"Sincelejo, SUC",36,,520,RAMAL urbano,10,4,24,2,0
gas_interrupted_1,2023-01-20,6,Gasnacer,CE7753,false,false,BALLE,"Manaure, LAG",Tarde,58,true,,RIO,"Riohacha, LAG",50,,369,troncal norte,22,5,5,9,10
gas_interrupted_1,2023-01-21,7,Efigas,CE8702,true,false,JOBO,"Sahagún, COR",Mañana,30,true,,BAQ,"Barranquilla, ATL",45,,523,regional sur,7,23,5,11,11
gas_interrupted_1,2023-01-22,1,Gases de la Guajira,CE6984,false,false,JOBO,"Sahagún, COR",Noche,-13,false,,BAQ,"Barranquilla, ATL",32,,268,RAMAL urbano,3,4,1,16,0
gas_interrupted_1,2023-01-23,null,Efigas,CE0736,true,false,JOBO,"Sahagún, COR",Madrugada,29,true,,VDP,"Valledupar, CES",48,,544,troncal norte,9,8,10,16,12
gas_interrupted_1,2023-01-24,3,Surtigas,CE6664,true,false,BALLE,"Manaure, LAG",Madrugada,-11,false,,CTG,"Cartagena, BOL",59,,387,Regional Sabanas,1,3,28,33,1
gas_interrupted_1,2023-01-25,4,Efigas,CE7370,true,false,BALLE,"Manaure, LAG",Madrugada,-13,false,,VDP,"Valledupar, CES",59,,530,troncal norte,23,31,0,8,0
gas_interrupted_1,2023-01-26,5,Gases de la Guajira,CE5653,true,false,BALLE,"Manaure, LAG",Noche,32,true,,MTR,"Montería, COR",45,,125,regional sur,2,0,5,16,10
gas_interrupted_1,2023-01-27,6,Gases del Caribe,CE2763,true,true,BALLE,"Manaure, LAG",Mañana,-13,false,,BAQ,"Barranquilla, ATL",37,,215,Ramal industrial,16,0,0,14,9
gas_interrupted_1,2023-01-28,7,Efigas,CE4858,false,false,BALLE,"Manaure, LAG",Tarde,4,true,,BAQ,"Barranquilla, ATL",67,,596,regional sur,28,4,3,0,10
gas_interrupted_1,2023-01-29,1,Efigas,CE1220,false,true,JOBO,"Sahagún, COR",Madrugada,39,true,,BAQ,"Barranquilla, ATL",32,,645,troncal norte,1,15,5,0,2
gas_interrupted_1,2023-01-30,2,Surtigas,CE6233,true,true,JOBO,"Sahagún, COR",Tarde,10,true,,SIN,"Sincelejo, SUC",30,,372,Ramal industrial,1,0,0,17,21
gas_interrupted_1,2023-01-31,3,Surtigas,CE0520,true,false,JOBO,"Sahagún, COR",Madrugada,-14,false,,SIN,"Sincelejo, SUC",23,,190,regional sur,0,0,7,22,1
gas_interrupted_2,2023-02-01,4,Gasnacer,CE3149,false,false,BALLE,"Manaure, LAG",Mañana,1,true,,CTG,"Cartagena, BOL",51,,482,troncal norte,5,6,12,23,18
gas_interrupted_2,2023-02-02,5,Surtigas,CE9006,false,false,JOBO,"Sahagún, COR",Noche,33,true,,MAM,"Cartagena, BOL",38,,218,Troncal principal,1,12,0,19,0
gas_interrupted_2,2023-02-03,6,Gases de la Guajira,CE2698,true,false,BALLE,"Manaure, LAG",Mañana,12,true,,VDP,"Valledupar, CES",33,,235,Ramal industrial,0,18,3,11,5
gas_interrupted_2,2023-02-04,7,Gases del Caribe,CE3511,false,false,BALLE,"Manaure, LAG",Mañana,56,true,,STM,"Santa Marta, MAG",59,,554,Ramal industrial,26,28,0,1,21
gas_interrupted_2,2023-02-05,1,Gases del Caribe,CE9620,true,true,BALLE,"Manaure, LAG",Tarde,20,true,,VDP,"Valledupar, CES",56,,142,Troncal principal,9,5,15,13,0
gas_interrupted_2,2023-02-06,2,Gasnacer,CE1,false,true,JOBO,"Sahagún, COR",Madrugada,25,true,,STM,"Santa Marta, MAG",29,,615,Ramal industrial,11,4,1,2,11
gas_interrupted_2,2023-02-07,3,Gases del Caribe,CE8254,false,false,JOBO,"Sahagún, COR",Madrugada,1,true,,BAQ,"Barranquilla, ATL",60,,535,Ramal industrial,6,11,18,4,1
gas_interrupted_2,2023-02-08,4,Gases de la Guajira,CE2111,true,false,JOBO,"Sahagún, COR",Noche,49,true,,CTG,"Cartagena, BOL",46,,167,troncal norte,4,13,5,10,0
gas_interrupted_2,2023-02-09,5,Gasnacer,CE4665,true,false,BALLE,"Manaure, LAG",Tarde,27,true,,RIO,"Riohacha, LAG",22,,234,regional sur,0,3,7,5,1
gas_interrupted_2,2023-02-10,6,Gases del Caribe,CE3103,true,false,BALLE,"Manaure, LAG",Noche,17,true,,RIO,"Riohacha, LAG",24,,237,regional sur,5,0,5,15,2
gas_interrupted_2,2023-02-11,7,Gasnacer,CE4186,true,false,JOBO,"Sahagún, COR",Noche,56,true,,STM,"Santa Marta, MAG",19,,643,ductos varios,0,7,5,11,4
gas_interrupted_2,2023-02-12,1,Gases de la Guajira,CE8595,false,false,JOBO,"Sahagún, COR",Tarde,20,true,,BAQ,"Barranquilla, ATL",72,,253,regional sur,22,5,16,22,4
gas_interrupted_2,2023-02-13,2,Gases de la Guajira,CE8012,true,true,BALLE,"Manaure, LAG",Noche,-13,false,,BAQ,"Barranquilla, ATL",83,,204,ductos varios,29,5,3,17,4
gas_interrupted_2,2023-02-14,3,Gasnacer,CE1,true,true,JOBO,"Sahagún, COR",Madrugada,20,true,,RIO,"Riohacha, LAG",39,,256,RAMAL urbano,3,17,13,6,3
gas_interrupted_2,2023-02-15,4,Gases del Caribe,CE5634,false,false,JOBO,"Sahagún, COR",Noche,25,true,,SIN,"Sincelejo, SUC",75,,425,Ramal industrial,16,2,23,11,5
gas_interrupted_2,2023-02-16,5,Gases de la Guajira,CE1,true,true,BALLE,"Manaure, LAG",Madrugada,21,true,,SIN,"Sincelejo, SUC",40,,418,Troncal principal,6,13,7,4,15
gas_interrupted_2,2023-02-17,6,Gases del Caribe,CE5412,false,true,JOBO,"Sahagún, COR",Mañana,-1,false,,SIN,"Sincelejo, SUC",67,,636,Ramal industrial,1,0,0,30,14
gas_interrupted_2,2023-02-18,7,Gases de la Guajira,CE1156,false,false,BALLE,"Manaure, LAG",Tarde,-5,false,,SIN,"Sincelejo, SUC",62,,112,Troncal principal,10,11,5,16,19
gas_interrupted_2,2023-02-19,1,Gases de la Guajira,CE4194,true,false,JOBO,"Sahagún, COR",Noche,46,true,,MAM,"Cartagena, BOL",103,,68,RAMAL urbano,24,1,21,28,10
gas_interrupted_2,2023-02-20,2,,CE6181,true,false,JOBO,"Sahagún, COR",Tarde,9,true,,BAQ,"Barranquilla, ATL",40,,639,ductos varios,19,4,19,2,11
gas_interrupted_2,2023-02-21,3,Surtigas,CE0594,true,false,BALLE,"Manaure, LAG",Noche,47,true,,MAM,"Cartagena, BOL",69,,169,ductos varios,0,2,23,35,0
gas_interrupted_2,2023-02-22,4,Gasnacer,CE7859,true,true,JOBO,"Sahagún, COR",Madrugada,19,true,,MAM,"Cartagena, BOL",36,,586,Ramal industrial,3,27,1,3,1
gas_interrupted_2,2023-02-23,5,Gasnacer,CE1102,true,false,BALLE,"Manaure, LAG",Noche,1,true,,BAQ,"Barranquilla, ATL",63,,219,Regional Sabanas,14,3,10,0,15
gas_interrupted_2,2023-02-24,6,Surtigas,CE3129,true,false,BALLE,"Manaure, LAG",Madrugada,3,true,,RIO,"Riohacha, LAG",22,,387,troncal norte,3,0,11,4,2
gas_interrupted_2,2023-02-25,7,Efigas,CE0229,false,false,BALLE,"Manaure, LAG",Madrugada,7,true,,RIO,"Riohacha, LAG",78,,341,RAMAL urbano,17,11,5,10,22
gas_interrupted_2,2023-02-26,1,Gasnacer,CE8022,false,true,BALLE,"Manaure, LAG",Tarde,2,true,,MTR,"Montería, COR",51,,101,ductos varios,19,0,12,1,13
gas_interrupted_2,2023-02-27,2,Efigas,CE8419,false,false,BALLE,"Manaure, LAG",Madrugada,45,true,,BAQ,"Barranquilla, ATL",78,,347,Troncal principal,12,9,24,17,4
gas_interrupted_2,2023-02-28,3,Surtigas,CE3539,true,false,BALLE,"Manaure, LAG",Madrugada,57,true,,CTG,"Cartagena, BOL",52,,647,RAMAL urbano,14,4,4,0,26
gas_interrupted_3,2023-03-01,4,Efigas,CE0611,true,false,JOBO,"Sahagún, COR",Madrugada,41,true,,RIO,"Riohacha, LAG",90,,439,regional sur,20,13,8,12,8
gas_interrupted_3,2023-03-02,5,Gasnacer,CE3068,true,true,JOBO,"Sahagún, COR",Tarde,10,true,,MTR,"Montería, COR",23,,159,Regional Sabanas,8,1,0,6,8
gas_interrupted_3,2023-03-03,6,Gases de la Guajira,CE2822,true,true,BALLE,"Manaure, LAG",Noche,49,true,,CTG,"Cartagena, BOL",71,,68,Ramal industrial,5,13,18,22,0
gas_interrupted_3,2023-03-04,7,Gases del Caribe,CE7786,true,false,JOBO,"Sahagún, COR",Noche,56,true,,MTR,"Montería, COR",39,,60,RAMAL urbano,31,0,9,2,1
gas_interrupted_3,2023-03-05,1,Surtigas,CE6702,true,false,BALLE,"Manaure, LAG",Madrugada,-14,false,,STM,"Santa Marta, MAG",69,,351,RAMAL urbano,15,9,19,14,6
gas_interrupted_3,2023-03-06,2,Surtigas,CE5879,true,false,BALLE,"Manaure, LAG",Madrugada,1,true,,SIN,"Sincelejo, SUC",56,,592,regional sur,0,0,16,15,16
gas_interrupted_3,2023-03-07,3,Surtigas,CE7266,false,false,JOBO,"Sahagún, COR",Mañana,11,true,,VDP,"Valledupar, CES",26,,568,troncal norte,2,17,4,0,0
gas_interrupted_3,2023-03-08,4,Gases de la Guajira,CE0290,false,false,BALLE,"Manaure, LAG",Mañana,34,true,,STM,"Santa Marta, MAG",43,,277,Regional Sabanas,3,24,13,2,15
gas_interrupted_3,2023-03-09,5,Gases del Caribe,CE7933,false,false,JOBO,"Sahagún, COR",Noche,41,true,,CTG,"Cartagena, BOL",23,,287,Ramal industrial,1,0,6,0,12
gas_interrupted_3,2023-03-10,6,Gases de la Guajira,CE1370,true,false,BALLE,"Manaure, LAG",Tarde,34,true,,VDP,"Valledupar, CES",51,,535,Regional Sabanas,28,9,2,14,15
gas_interrupted_3,2023-03-11,7,Gases de la Guajira,CE4574,true,true,JOBO,"Sahagún, COR",Mañana,35,true,,RIO,"Riohacha, LAG",63,,200,regional sur,0,9,23,11,18
gas_interrupted_3,2023-03-12,1,Gases del Caribe,CE7286,true,false,JOBO,"Sahagún, COR",Noche,28,true,,VDP,"Valledupar, CES",60,,636,RAMAL urbano,2,23,6,7,24
gas_interrupted_3,2023-03-13,2,Gases de la Guajira,CE1,false,false,BALLE,"Manaure, LAG",Noche,26,true,,CTG,"Cartagena, BOL",52,,406,Ramal industrial,14,14,15,0,7
gas_interrupted_3,2023-03-14,3,,CE3313,true,false,BALLE,"Manaure, LAG",Mañana,-11,false,,MTR,"Montería, COR",96,,377,RAMAL urbano,18,33,7,3,4
gas_interrupted_3,2023-03-15,4,Gasnacer,CE0970,true,false,JOBO,"Sahagún, COR",Noche,1,true,,BAQ,"Barranquilla, ATL",34,,239,troncal norte,10,0,6,0,14
gas_interrupted_3,2023-03-16,5,,CE0760,true,true,JOBO,"Sahagún, COR",Mañana,56,true,,RIO,"Riohacha, LAG",40,,395,Ramal industrial,1,8,5,5,22
gas_interrupted_3,2023-03-17,6,Surtigas,CE5435,true,false,BALLE,"Manaure, LAG",Tarde,34,true,,BAQ,"Barranquilla, ATL",53,,652,Troncal principal,10,8,1,0,22
gas_interrupted_3,2023-03-18,7,Gases del Caribe,CE7564,true,false,JOBO,"Sahagún, COR",Madrugada,36,true,,MAM,"Cartagena, BOL",63,,152,Ramal industrial,16,18,6,11,1
gas_interrupted_3,2023-03-19,1,Gases de la Guajira,CE0336,true,false,JOBO,"Sahagún, COR",Madrugada,2,true,,MAM,"Cartagena, BOL",70,,325,troncal norte,6,17,6,15,23
gas_interrupted_3,2023-03-20,2,Gases del Caribe,CE4813,true,false,JOBO,"Sahagún, COR",Madrugada,45,true,,CTG,"Cartagena, BOL",90,,417,RAMAL urbano,0,10,20,18,15
gas_interrupted_3,2023-03-21,3,Surtigas,CE3077,true,false,BALLE,"Manaure, LAG",Tarde,31,true,,RIO,"Riohacha, LAG",69,,641,ductos varios,0,13,15,10,9
gas_interrupted_3,2023-03-22,4,Efigas,CE6525,false,false,JOBO,"Sahagún, COR",Tarde,32,true,,MAM,"Cartagena, BOL",71,,625,troncal norte,10,11,10,23,0
gas_interrupted_3,2023-03-23,5,Surtigas,CE5905,true,false,BALLE,"Manaure, LAG",Tarde,18,true,,SIN,"Sincelejo, SUC",30,,428,Regional Sabanas,6,22,0,3,0
gas_interrupted_3,2023-03-24,6,Gasnacer,CE5053,false,false,BALLE,"Manaure, LAG",Madrugada,43,true,,STM,"Santa Marta, MAG",31,,658,RAMAL urbano,6,9,10,8,7
gas_interrupted_3,2023-03-25,7,Surtigas,CE6421,true,false,JOBO,"Sahagún, COR",Noche,3,true,,RIO,"Riohacha, LAG",21,,625,regional sur,10,11,0,2,0
gas_interrupted_3,2023-03-26,1,Gases del Caribe,CE1906,true,true,JOBO,"Sahagún, COR",Tarde,30,true,,CTG,"Cartagena, BOL",74,,326,RAMAL urbano,0,30,1,10,14
gas_interrupted_3,2023-03-27,2,Gases del Caribe,CE4544,true,false,JOBO,"Sahagún, COR",Mañana,60,true,,SIN,"Sincelejo, SUC",21,,574,Ramal industrial,3,8,0,1,12
gas_interrupted_3,2023-03-28,3,Efigas,CE4536,true,false,JOBO,"Sahagún, COR",Noche,62,true,,MTR,"Montería, COR",50,,549,Ramal industrial,13,6,0,14,4
gas_interrupted_3,2023-03-29,4,Gases del Caribe,CE3339,false,false,BALLE,"Manaure, LAG",Tarde,50,true,,BAQ,"Barranquilla, ATL",40,,320,ductos varios,15,16,1,6,1
gas_interrupted_3,2023-03-30,5,Gases del Caribe,CE2081,true,false,JOBO,"Sahagún, COR",Mañana,15,true,,MAM,"Cartagena, BOL",62,,340,Ramal industrial,0,15,20,3,15
gas_interrupted_3,2023-03-31,6,Gases del Caribe,CE4743,false,false,JOBO,"Sahagún, COR",Noche,58,true,,MTR,"Montería, COR",36,,302,ductos varios,7,0,16,2,1
gas_interrupted_4,2023-04-01,7,Surtigas,CE4691,true,false,JOBO,"Sahagún, COR",Noche,49,true,,RIO,"Riohacha, LAG",126,,541,Troncal principal,21,16,9,16,24
gas_interrupted_4,2023-04-02,1,Surtigas,CE3314,false,false,BALLE,"Manaure, LAG",Mañana,39,true,,BAQ,"Barranquilla, ATL",60,,329,ductos varios,12,11,13,7,33
gas_interrupted_4,2023-04-03,2,Surtigas,CE4890,false,false,JOBO,"Sahagún, COR",Mañana,30,true,,VDP,"Valledupar, CES",32,,289,Ramal industrial,1,15,4,14,11
gas_interrupted_4,2023-04-04,3,Efigas,CE2614,true,false,BALLE,"Manaure, LAG",Mañana,50,true,,SIN,"Sincelejo, SUC",83,,123,Ramal industrial,15,29,0,5,28
gas_interrupted_4,2023-04-05,null,Gases de la Guajira,CE1123,false,true,JOBO,"Sahagún, COR",Mañana,-2,false,,MTR,"Montería, COR",51,,388,Ramal industrial,2,8,0,5,35
gas_interrupted_4,2023-04-06,5,Surtigas,CE4268,true,true,BALLE,"Manaure, LAG",Mañana,20,true,,CTG,"Cartagena, BOL",9,,553,troncal norte,2,3,4,0,2
gas_interrupted_4,2023-04-07,6,Gases del Caribe,CE9275,true,true,BALLE,"Manaure, LAG",Noche,52,true,,STM,"Santa Marta, MAG",117,,393,ductos varios,35,19,16,4,6
gas_interrupted_4,2023-04-08,7,Surtigas,CE5142,false,false,JOBO,"Sahagún, COR",Tarde,48,true,,STM,"Santa Marta, MAG",67,,495,ductos varios,6,32,0,37,4
gas_interrupted_4,2023-04-09,1,Gases del Caribe,CE7582,false,false,JOBO,"Sahagún, COR",Noche,43,true,,STM,"Santa Marta, MAG",60,,206,troncal norte,11,22,29,3,10
gas_interrupted_4,2023-04-10,2,Efigas,CE5658,true,true,BALLE,"Manaure, LAG",Madrugada,-12,false,,MTR,"Montería, COR",55,,142,Ramal industrial,14,0,5,2,19
gas_interrupted_4,2023-04-11,3,Gases del Caribe,CE9480,true,false,JOBO,"Sahagún, COR",Noche,23,true,,MTR,"Montería, COR",98,,536,troncal norte,8,17,14,7,20
gas_interrupted_4,2023-04-12,4,Gases de la Guajira,CE3845,true,false,JOBO,"Sahagún, COR",Madrugada,34,true,,BAQ,"Barranquilla, ATL",67,,603,troncal norte,23,8,0,8,6
gas_interrupted_4,2023-04-13,5,Surtigas,CE8393,true,false,BALLE,"Manaure, LAG",Tarde,8,true,,CTG,"Cartagena, BOL",37,,470,troncal norte,29,14,1,2,5
gas_interrupted_4,2023-04-14,6,Gases del Caribe,CE9783,true,true,BALLE,"Manaure, LAG",Tarde,24,true,,STM,"Santa Marta, MAG",43,,63,regional sur,8,16,6,6,7
gas_interrupted_4,2023-04-15,7,Efigas,CE9523,true,false,BALLE,"Manaure, LAG",Tarde,2,true,,BAQ,"Barranquilla, ATL",37,,151,Ramal industrial,4,0,5,1,23
gas_interrupted_4,2023-04-16,1,Gases del Caribe,CE9109,true,false,JOBO,"Sahagún, COR",Tarde,24,true,,STM,"Santa Marta, MAG",32,,534,Ramal industrial,0,3,9,4,9
gas_interrupted_4,2023-04-17,2,Gases del Caribe,CE1436,true,false,BALLE,"Manaure, LAG",Tarde,-11,false,,VDP,"Valledupar, CES",39,,325,ductos varios,10,8,30,1,4
gas_interrupted_4,2023-04-18,3,Gases del Caribe,CE7080,true,false,BALLE,"Manaure, LAG",Noche,21,true,,CTG,"Cartagena, BOL",99,,247,Ramal industrial,31,30,11,0,6
gas_interrupted_4,2023-04-19,4,Gases del Caribe,CE4556,true,false,JOBO,"Sahagún, COR",Tarde,-9,false,,BAQ,"Barranquilla, ATL",34,,537,regional sur,6,6,5,11,0
gas_interrupted_4,2023-04-20,5,Gases del Caribe,CE2328,false,false,BALLE,"Manaure, LAG",Noche,4,true,,BAQ,"Barranquilla, ATL",59,,338,RAMAL urbano,13,0,10,14,32
gas_interrupted_4,2023-04-21,6,Surtigas,CE9947,true,false,JOBO,"Sahagún, COR",Madrugada,5,true,,MTR,"Montería, COR",49,,431,RAMAL urbano,1,23,14,2,0
gas_interrupted_4,2023-04-22,7,Efigas,CE3444,false,true,BALLE,"Manaure, LAG",Tarde,32,true,,MTR,"Montería, COR",129,,384,ductos varios,6,2,30,25,27
gas_interrupted_4,2023-04-23,1,Gasnacer,CE6102,false,false,JOBO,"Sahagún, COR",Noche,50,true,,CTG,"Cartagena, BOL",30,,120,regional sur,9,6,7,1,8
gas_interrupted_4,2023-04-24,2,Gasnacer,CE3559,true,false,BALLE,"Manaure, LAG",Noche,5,true,,CTG,"Cartagena, BOL",46,,461,ductos varios,9,22,12,11,0
gas_interrupted_4,2023-04-25,3,Gases de la Guajira,CE2089,true,false,BALLE,"Manaure, LAG",Tarde,23,true,,MTR,"Montería, COR",59,,419,Troncal principal,19,4,16,6,1
gas_interrupted_4,2023-04-26,4,Efigas,CE7513,true,false,JOBO,"Sahagún, COR",Tarde,5,true,,SIN,"Sincelejo, SUC",44,,369,Ramal industrial,29,4,2,3,11
gas_interrupted_4,2023-04-27,5,Gasnacer,CE7542,false,false,BALLE,"Manaure, LAG",Madrugada,36,true,,RIO,"Riohacha, LAG",72,,325,ductos varios,17,11,6,2,30
gas_interrupted_4,2023-04-28,6,Efigas,CE5918,true,false,BALLE,"Manaure, LAG",Madrugada,8,true,,STM,"Santa Marta, MAG",51,,142,Troncal principal,16,11,2,4,2
gas_interrupted_4,2023-04-29,7,Gases de la Guajira,CE1452,false,false,JOBO,"Sahagún, COR",Mañana,52,true,,VDP,"Valledupar, CES",29,,493,troncal norte,0,4,13,2,1
gas_interrupted_4,2023-04-30,1,Efigas,CE3196,true,false,BALLE,"Manaure, LAG",Noche,36,true,,CTG,"Cartagena, BOL",41,,615,Regional Sabanas,3,6,1,28,2
gas_interrupted_5,2023-05-01,2,Surtigas,CE2100,true,true,BALLE,"Manaure, LAG",Tarde,42,true,,SIN,"Sincelejo, SUC",113,,210,ductos varios,15,35,8,1,18
gas_interrupted_5,2023-05-02,3,Surtigas,CE2384,true,false,BALLE,"Manaure, LAG",Madrugada,38,true,,CTG,"Cartagena, BOL",18,,250,Troncal principal,2,7,4,1,0
gas_interrupted_5,2023-05-03,4,Gasnacer,CE4203,false,true,BALLE,"Manaure, LAG",Madrugada,-15,false,,BAQ,"Barranquilla, ATL",49,,277,troncal norte,10,19,1,3,4
gas_interrupted_5,2023-05-04,5,Efigas,CE2838,true,true,BALLE,"Manaure, LAG",Mañana,37,true,,CTG,"Cartagena, BOL",28,,514,Troncal principal,5,1,1,9,9
gas_interrupted_5,2023-05-05,6,Gases de la Guajira,CE1853,true,false,BALLE,"Manaure, LAG",Tarde,-11,false,,SIN,"Sincelejo, SUC",86,,552,Troncal principal,10,10,0,21,20
gas_interrupted_5,2023-05-06,7,Gases de la Guajira,CE1136,true,true,JOBO,"Sahagún, COR",Noche,-7,false,,MAM,"Cartagena, BOL",43,,158,RAMAL urbano,4,2,4,26,10
gas_interrupted_5,2023-05-07,1,Gasnacer,CE8426,true,false,JOBO,"Sahagún, COR",Madrugada,52,true,,CTG,"Cartagena, BOL",60,,173,troncal norte,26,24,16,0,6
gas_interrupted_5,2023-05-08,2,Gasnacer,CE7085,true,true,BALLE,"Manaure, LAG",Madrugada,13,true,,STM,"Santa Marta, MAG",50,,210,troncal norte,14,29,3,10,8
gas_interrupted_5,2023-05-09,3,Gases del Caribe,CE9871,false,false,JOBO,"Sahagún, COR",Tarde,39,true,,MTR,"Montería, COR",76,,355,ductos varios,4,30,13,5,13
gas_interrupted_5,2023-05-10,4,Gases de la Guajira,CE5987,false,false,BALLE,"Manaure, LAG",Madrugada,36,true,,MAM,"Cartagena, BOL",55,,530,RAMAL urbano,5,0,20,10,16
gas_interrupted_5,2023-05-11,5,Gases del Caribe,CE6404,true,true,JOBO,"Sahagún, COR",Noche,20,true,,SIN,"Sincelejo, SUC",74,,549,Ramal industrial,27,18,16,5,2
gas_interrupted_5,2023-05-12,6,Gasnacer,CE1,true,false,BALLE,"Manaure, LAG",Mañana,7,true,,MTR,"Montería, COR",35,,450,ductos varios,8,7,3,1,5
gas_interrupted_5,2023-05-13,7,Gases de la Guajira,CE7569,false,true,BALLE,"Manaure, LAG",Madrugada,26,true,,BAQ,"Barranquilla, ATL",41,,643,Regional Sabanas,9,3,5,13,12
gas_interrupted_5,2023-05-14,1,Efigas,CE4498,true,true,BALLE,"Manaure, LAG",Tarde,63,true,,MTR,"Montería, COR",40,,64,regional sur,1,11,20,0,0
gas_interrupted_5,2023-05-15,2,Efigas,CE7895,true,true,BALLE,"Manaure, LAG",Mañana,47,true,,RIO,"Riohacha, LAG",49,,520,RAMAL urbano,33,1,1,0,0
gas_interrupted_5,2023-05-16,3,Efigas,CE1509,true,false,BALLE,"Manaure, LAG",Noche,15,true,,SIN,"Sincelejo, SUC",40,,123,Troncal principal,2,10,6,7,14
gas_interrupted_5,2023-05-17,4,Gases de la Guajira,CE8009,false,false,JOBO,"Sahagún, COR",Noche,45,true,,SIN,"Sincelejo, SUC",53,,588,Troncal principal,4,18,0,0,18
gas_interrupted_5,2023-05-18,5,Surtigas,CE0687,true,true,JOBO,"Sahagún, COR",Madrugada,40,true,,MTR,"Montería, COR",35,,130,troncal norte,10,7,20,1,4
gas_interrupted_5,2023-05-19,6,Gases del Caribe,CE2159,true,true,JOBO,"Sahagún, COR",Mañana,-8,false,,SIN,"Sincelejo, SUC",68,,118,Regional Sabanas,1,8,29,8,12
gas_interrupted_5,2023-05-20,7,Efigas,CE2825,true,false,BALLE,"Manaure, LAG",Noche,-10,false,,RIO,"Riohacha, LAG",38,,530,Ramal industrial,14,1,16,11,3
gas_interrupted_5,2023-05-21,1,Gasnacer,CE8345,false,true,JOBO,"Sahagún, COR",Mañana,63,true,,MTR,"Montería, COR",78,,299,RAMAL urbano,12,8,11,19,6
gas_interrupted_5,2023-05-22,2,Surtigas,CE0406,true,true,BALLE,"Manaure, LAG",Tarde,12,true,,RIO,"Riohacha, LAG",35,,253,troncal norte,9,12,15,0,0
gas_interrupted_5,2023-05-23,3,Efigas,CE8941,true,true,JOBO,"Sahagún, COR",Madrugada,43,true,,MAM,"Cartagena, BOL",43,,388,Troncal principal,3,3,24,0,17
gas_interrupted_5,2023-05-24,4,Gases del Caribe,CE1,true,false,BALLE,"Manaure, LAG",Tarde,-15,false,,STM,"Santa Marta, MAG",71,,213,regional sur,4,15,4,7,26
gas_interrupted_5,2023-05-25,5,Gasnacer,CE9376,true,true,BALLE,"Manaure, LAG",Mañana,58,true,,STM,"Santa Marta, MAG",33,,508,Troncal principal,8,5,4,1,7
gas_interrupted_5,2023-05-26,6,Efigas,CE2108,true,true,JOBO,"Sahagún, COR",Noche,42,true,,CTG,"Cartagena, BOL",46,,150,Regional Sabanas,0,16,0,4,11
gas_interrupted_5,2023-05-27,7,Surtigas,CE8577,false,false,JOBO,"Sahagún, COR",Noche,21,true,,SIN,"Sincelejo, SUC",48,,410,regional sur,11,15,19,5,3
gas_interrupted_5,2023-05-28,1,Gases del Caribe,CE7674,true,false,JOBO,"Sahagún, COR",Noche,3,true,,RIO,"Riohacha, LAG",66,,313,troncal norte,25,23,12,3,3
gas_interrupted_5,2023-05-29,2,Gases de la Guajira,CE2492,true,false,JOBO,"Sahagún, COR",Madrugada,-2,false,,BAQ,"Barranquilla, ATL",59,,337,ductos varios,5,10,2,18,27
gas_interrupted_5,2023-05-30,3,Surtigas,CE3903,false,true,BALLE,"Manaure, LAG",Noche,11,true,,VDP,"Valledupar, CES",61,,446,RAMAL urbano,6,10,3,4,31
gas_interrupted_5,2023-05-31,4,Gasnacer,CE7882,true,true,JOBO,"Sahagún, COR",Mañana,47,true,,VDP,"Valledupar, CES",27,,184,Regional Sabanas,0,17,1,3,10
gas_interrupted_6,2023-06-01,5,Surtigas,CE1167,false,true,JOBO,"Sahagún, COR",Tarde,62,true,,MAM,"Cartagena, BOL",38,,65,Troncal principal,0,27,2,10,0
gas_interrupted_6,2023-06-02,6,Gases de la Guajira,CE7015,true,false,JOBO,"Sahagún, COR",Tarde,59,true,,RIO,"Riohacha, LAG",39,,466,troncal norte,15,13,6,7,14
gas_interrupted_6,2023-06-03,7,Surtigas,CE6884,false,false,,"Sahagún, COR",Mañana,-7,false,,STM,"Santa Marta, MAG",109,,657,Troncal principal,24,23,14,7,16
gas_interrupted_6,2023-06-04,1,Efigas,CE9268,false,true,BALLE,"Manaure, LAG",Madrugada,30,true,,CTG,"Cartagena, BOL",46,,271,Ramal industrial,0,3,17,23,6
gas_interrupted_6,2023-06-05,2,Gases de la Guajira,CE4057,true,false,JOBO,"Sahagún, COR",Tarde,40,true,,VDP,"Valledupar, CES",53,,204,Troncal principal,14,13,4,11,0
gas_interrupted_6,2023-06-06,3,Gasnacer,CE4901,true,true,JOBO,"Sahagún, COR",Madrugada,47,true,,MAM,"Cartagena, BOL",74,,283,Troncal principal,0,3,14,22,25
gas_interrupted_6,2023-06-07,4,Gases del Caribe,CE7533,true,false,BALLE,"Manaure, LAG",Mañana,39,true,,RIO,"Riohacha, LAG",56,,207,Troncal principal,4,15,11,6,20
gas_interrupted_6,2023-06-08,5,Efigas,CE9567,true,false,BALLE,"Manaure, LAG",Mañana,16,true,,BAQ,"Barranquilla, ATL",62,,139,ductos varios,6,7,21,21,1
gas_interrupted_6,2023-06-09,6,Efigas,CE5161,true,false,BALLE,"Manaure, LAG",Tarde,-11,false,,VDP,"Valledupar, CES",78,,121,troncal norte,36,0,7,5,7
gas_interrupted_6,2023-06-10,7,Surtigas,CE1,true,true,BALLE,"Manaure, LAG",Tarde,47,true,,VDP,"Valledupar, CES",40,,213,troncal norte,1,0,28,20,4
gas_interrupted_6,2023-06-11,1,Surtigas,CE7674,true,true,JOBO,"Sahagún, COR",Madrugada,30,true,,MAM,"Cartagena, BOL",104,,133,Ramal industrial,26,7,8,14,16
gas_interrupted_6,2023-06-12,2,Efigas,CE9784,true,false,JOBO,"Sahagún, COR",Madrugada,52,true,,CTG,"Cartagena, BOL",52,,378,Ramal industrial,14,10,4,22,0
gas_interrupted_6,2023-06-13,3,Surtigas,CE0462,false,true,JOBO,"Sahagún, COR",Tarde,17,true,,CTG,"Cartagena, BOL",63,,155,troncal norte,11,18,13,3,3
gas_interrupted_6,2023-06-14,4,Efigas,CE7171,true,true,JOBO,"Sahagún, COR",Tarde,-4,false,,SIN,"Sincelejo, SUC",40,,73,regional sur,29,3,2,8,8
gas_interrupted_6,2023-06-15,5,Gasnacer,CE6990,true,true,BALLE,"Manaure, LAG",Madrugada,51,true,,MTR,"Montería, COR",40,,342,regional sur,33,11,0,6,7
gas_interrupted_6,2023-06-16,6,Gases de la Guajira,CE9485,false,false,JOBO,"Sahagún, COR",Mañana,15,true,,RIO,"Riohacha, LAG",67,,367,troncal norte,6,1,5,15,28
gas_interrupted_6,2023-06-17,7,Gases de la Guajira,CE3918,true,false,BALLE,"Manaure, LAG",Noche,25,true,,BAQ,"Barranquilla, ATL",30,,200,Ramal industrial,5,9,8,16,0
gas_interrupted_6,2023-06-18,null,Gases de la Guajira,CE6586,false,false,JOBO,"Sahagún, COR",Madrugada,32,true,,STM,"Santa Marta, MAG",70,,79,Regional Sabanas,1,32,12,0,3
gas_interrupted_6,2023-06-19,2,Efigas,CE1,false,true,JOBO,"Sahagún, COR",Mañana,15,true,,BAQ,"Barranquilla, ATL",106,,418,ductos varios,21,2,24,20,15
gas_interrupted_6,2023-06-20,3,Gasnacer,CE2603,false,true,BALLE,"Manaure, LAG",Mañana,16,true,,STM,"Santa Marta, MAG",49,,109,regional sur,4,16,39,7,0
gas_interrupted_6,2023-06-21,4,Gases del Caribe,CE5711,false,false,JOBO,"Sahagún, COR",Noche,60,true,,RIO,"Riohacha, LAG",50,,591,RAMAL urbano,11,23,0,9,24
gas_interrupted_6,2023-06-22,5,Surtigas,CE4878,true,false,BALLE,"Manaure, LAG",Madrugada,42,true,,STM,"Santa Marta, MAG",69,,156,Troncal principal,32,3,7,15,0
gas_interrupted_6,2023-06-23,6,Gases de la Guajira,CE9035,true,false,BALLE,"Manaure, LAG",Noche,-5,false,,CTG,"Cartagena, BOL",49,,76,Troncal principal,12,16,2,0,23
gas_interrupted_6,2023-06-24,null,Gases de la Guajira,CE7247,true,false,JOBO,"Sahagún, COR",Madrugada,34,true,,CTG,"Cartagena, BOL",58,,189,regional sur,34,2,8,7,9
gas_interrupted_6,2023-06-25,1,Efigas,CE1559,false,true,JOBO,"Sahagún, COR",Madrugada,-13,false,,STM,"Santa Marta, MAG",42,,657,regional sur,13,11,3,2,3
gas_interrupted_6,2023-06-26,2,Gasnacer,CE5324,false,false,JOBO,"Sahagún, COR",Madrugada,32,true,,BAQ,"Barranquilla, ATL",32,,142,Regional Sabanas,10,0,3,4,5
gas_interrupted_6,2023-06-27,3,Gases de la Guajira,CE9290,true,false,BALLE,"Manaure, LAG",Madrugada,3,true,,STM,"Santa Marta, MAG",41,,399,Ramal industrial,4,3,15,12,18
gas_interrupted_6,2023-06-28,4,Gases de la Guajira,CE4852,false,true,JOBO,"Sahagún, COR",Madrugada,26,true,,STM,"Santa Marta, MAG",48,,139,Ramal industrial,7,7,10,17,4
gas_interrupted_6,2023-06-29,5,Efigas,CE4097,true,true,JOBO,"Sahagún, COR",Tarde,17,true,,BAQ,"Barranquilla, ATL",50,,617,ductos varios,12,10,1,11,22
gas_interrupted_6,2023-06-30,6,Gases de la Guajira,CE9479,true,true,BALLE,"Manaure, LAG",Tarde,0,false,,VDP,"Valledupar, CES",47,,409,RAMAL urbano,7,15,2,13,3
gas_interrupted_7,2023-07-01,7,Gases de la Guajira,CE4068,false,true,JOBO,"Sahagún, COR",Tarde,44,true,,STM,"Santa Marta, MAG",91,,636,Ramal industrial,17,15,18,8,22
gas_interrupted_7,2023-07-02,1,Gasnacer,CE2134,true,false,JOBO,"Sahagún, COR",Madrugada,19,true,,STM,"Santa Marta, MAG",94,,267,ductos varios,19,9,6,26,5
gas_interrupted_7,2023-07-03,2,Gases del Caribe,CE2056,true,false,JOBO,"Sahagún, COR",Madrugada,0,false,,SIN,"Sincelejo, SUC",58,,278,Regional Sabanas,5,19,12,13,10
gas_interrupted_7,2023-07-04,3,Efigas,CE6948,true,true,BALLE,"Manaure, LAG",Madrugada,44,true,,SIN,"Sincelejo, SUC",66,,78,RAMAL urbano,37,15,3,4,0
gas_interrupted_7,2023-07-05,4,Efigas,CE7054,false,true,BALLE,"Manaure, LAG",Madrugada,7,true,,BAQ,"Barranquilla, ATL",89,,354,troncal norte,0,1,31,15,23
gas_interrupted_7,2023-07-06,5,Gases del Caribe,CE6546,true,false,BALLE,"Manaure, LAG",Mañana,10,true,,STM,"Santa Marta, MAG",40,,253,ductos varios,3,1,20,18,12
gas_interrupted_7,2023-07-07,null,Surtigas,CE2145,true,true,BALLE,"Manaure, LAG",Mañana,-13,false,,RIO,"Riohacha, LAG",42,,116,regional sur,1,11,11,12,15
gas_interrupted_7,2023-07-08,7,Gases de la Guajira,CE0845,true,false,BALLE,"Manaure, LAG",Madrugada,47,true,,MAM,"Cartagena, BOL",32,,282,Troncal principal,0,12,5,3,4
gas_interrupted_7,2023-07-09,1,Surtigas,CE3591,true,false,JOBO,"Sahagún, COR",Madrugada,50,true,,MAM,"Cartagena, BOL",28,,544,troncal norte,21,12,5,0,0
gas_interrupted_7,2023-07-10,2,Gases del Caribe,CE5936,false,true,JOBO,"Sahagún, COR",Noche,58,true,,SIN,"Sincelejo, SUC",39,,239,Ramal industrial,1,8,2,23,9
gas_interrupted_7,2023-07-11,3,Efigas,CE5598,false,false,JOBO,"Sahagún, COR",Madrugada,32,true,,MTR,"Montería, COR",66,,128,Troncal principal,6,31,12,1,0
gas_interrupted_7,2023-07-12,4,Gases del Caribe,CE0580,true,false,BALLE,"Manaure, LAG",Tarde,-5,false,,VDP,"Valledupar, CES",27,,498,troncal norte,22,8,0,0,0
gas_interrupted_7,2023-07-13,5,Gases de la Guajira,CE9583,true,false,BALLE,"Manaure, LAG",Noche,22,true,,MTR,"Montería, COR",57,,279,Regional Sabanas,9,13,9,15,15
gas_interrupted_7,2023-07-14,6,Efigas,CE2542,false,true,JOBO,"Sahagún, COR",Tarde,43,true,,MAM,"Cartagena, BOL",32,,558,Ramal industrial,16,12,8,2,6
gas_interrupted_7,2023-07-15,7,Surtigas,CE8662,true,false,BALLE,"Manaure, LAG",Madrugada,4,true,,RIO,"Riohacha, LAG",81,,326,Ramal industrial,5,18,20,7,4
gas_interrupted_7,2023-07-16,1,Gasnacer,CE0493,false,true,BALLE,"Manaure, LAG",Tarde,-5,false,,MTR,"Montería, COR",87,,545,ductos varios,20,11,13,25,20
gas_interrupted_7,2023-07-17,2,Efigas,CE6301,true,true,BALLE,"Manaure, LAG",Mañana,28,true,,MAM,"Cartagena, BOL",54,,258,troncal norte,0,1,1,10,28
gas_interrupted_7,2023-07-18,3,Gases de la Guajira,CE0376,true,false,JOBO,"Sahagún, COR",Noche,51,true,,VDP,"Valledupar, CES",39,,581,regional sur,1,16,25,0,0
gas_interrupted_7,2023-07-19,4,Gases de la Guajira,CE6365,true,false,BALLE,"Manaure, LAG",Noche,9,true,,CTG,"Cartagena, BOL",51,,175,troncal norte,13,0,29,4,0
gas_interrupted_7,2023-07-20,5,Gasnacer,CE2421,false,true,BALLE,"Manaure, LAG",Tarde,12,true,,MTR,"Montería, COR",26,,423,RAMAL urbano,1,7,0,9,16
gas_interrupted_7,2023-07-21,6,Gases de la Guajira,CE0401,true,false,JOBO,"Sahagún, COR",Noche,56,true,,SIN,"Sincelejo, SUC",66,,460,Regional Sabanas,14,30,23,16,0
gas_interrupted_7,2023-07-22,7,Surtigas,CE3958,true,false,JOBO,"Sahagún, COR",Madrugada,7,true,,RIO,"Riohacha, LAG",64,,432,troncal norte,5,13,7,15,8
gas_interrupted_7,2023-07-23,1,Gasnacer,CE1,true,true,BALLE,"Manaure, LAG",Madrugada,18,true,,STM,"Santa Marta, MAG",59,,390,Troncal principal,19,8,11,1,10
gas_interrupted_7,2023-07-24,2,Gasnacer,CE1,true,false,BALLE,"Manaure, LAG",Mañana,62,true,,BAQ,"Barranquilla, ATL",33,,182,Troncal principal,0,19,7,2,17
gas_interrupted_7,2023-07-25,3,Gasnacer,CE4637,true,true,JOBO,"Sahagún, COR",Mañana,24,true,,MAM,"Cartagena, BOL",81,,460,Troncal principal,0,22,11,7,20
gas_interrupted_7,2023-07-26,4,Surtigas,CE3996,false,false,BALLE,"Manaure, LAG",Tarde,27,true,,STM,"Santa Marta, MAG",9,,604,Troncal principal,4,4,0,1,3
gas_interrupted_7,2023-07-27,5,Surtigas,CE4794,true,false,BALLE,"Manaure, LAG",Mañana,43,true,,RIO,"Riohacha, LAG",71,,289,ductos varios,3,6,11,33,23
gas_interrupted_7,2023-07-28,6,Gasnacer,CE9203,true,false,JOBO,"Sahagún, COR",Noche,39,true,,BAQ,"Barranquilla, ATL",51,,212,troncal norte,4,20,22,0,4
gas_interrupted_7,2023-07-29,7,Gases de la Guajira,CE3196,true,false,JOBO,"Sahagún, COR",Mañana,57,true,,RIO,"Riohacha, LAG",17,,619,regional sur,0,11,1,0,6
gas_interrupted_7,2023-07-30,1,Gases del Caribe,CE6573,true,false,BALLE,"Manaure, LAG",Madrugada,59,true,,MTR,"Montería, COR",33,,520,Ramal industrial,3,2,11,5,13
gas_interrupted_7,2023-07-31,2,Surtigas,CE9863,true,false,BALLE,"Manaure, LAG",Tarde,63,true,,BAQ,"Barranquilla, ATL",39,,222,Ramal industrial,31,0,0,1,14
gas_interrupted_8,2023-08-01,3,Gases de la Guajira,CE5983,true,false,BALLE,"Manaure, LAG",Mañana,32,true,,VDP,"Valledupar, CES",29,,449,RAMAL urbano,2,3,9,0,6
gas_interrupted_8,2023-08-02,4,Surtigas,CE7081,true,true,BALLE,"Manaure, LAG",Tarde,-12,false,,SIN,"Sincelejo, SUC",33,,82,regional sur,2,15,5,12,7
gas_interrupted_8,2023-08-03,5,Gases del Caribe,CE8528,true,false,JOBO,"Sahagún, COR",Noche,24,true,,RIO,"Riohacha, LAG",30,,98,RAMAL urbano,5,13,2,13,9
gas_interrupted_8,2023-08-04,6,Surtigas,CE5239,true,false,JOBO,"Sahagún, COR",Madrugada,63,true,,BAQ,"Barranquilla, ATL",93,,108,troncal norte,8,2,23,21,20
gas_interrupted_8,2023-08-05,7,Efigas,CE6700,true,false,JOBO,"Sahagún, COR",Noche,31,true,,BAQ,"Barranquilla, ATL",39,,262,Regional Sabanas,22,9,17,2,1
gas_interrupted_8,2023-08-06,1,Gases de la Guajira,CE0141,true,false,JOBO,"Sahagún, COR",Tarde,27,true,,MAM,"Cartagena, BOL",29,,306,troncal norte,23,3,3,0,2
gas_interrupted_8,2023-08-07,2,Efigas,CE5336,false,false,BALLE,"Manaure, LAG",Noche,17,true,,SIN,"Sincelejo, SUC",61,,166,RAMAL urbano,6,9,0,33,15
gas_interrupted_8,2023-08-08,3,Surtigas,CE0519,false,true,JOBO,"Sahagún, COR",Madrugada,59,true,,STM,"Santa Marta, MAG",29,,139,Troncal principal,9,2,1,8,4
gas_interrupted_8,2023-08-09,4,Efigas,CE3500,true,false,JOBO,"Sahagún, COR",Madrugada,24,true,,MAM,"Cartagena, BOL",73,,525,Troncal principal,23,28,2,3,7
gas_interrupted_8,2023-08-10,5,Gases del Caribe,CE2346,true,true,BALLE,"Manaure, LAG",Mañana,41,true,,CTG,"Cartagena, BOL",76,,172,ductos varios,5,26,38,9,0
gas_interrupted_8,2023-08-11,6,Surtigas,CE2298,false,false,BALLE,"Manaure, LAG",Madrugada,25,true,,RIO,"Riohacha, LAG",20,,514,troncal norte,0,0,1,14,10
gas_interrupted_8,2023-08-12,7,Efigas,CE9950,false,false,BALLE,"Manaure, LAG",Mañana,1,true,,RIO,"Riohacha, LAG",34,,528,Regional Sabanas,1,0,3,8,22
gas_interrupted_8,2023-08-13,1,Gases de la Guajira,CE5783,true,false,BALLE,"Manaure, LAG",Noche,-8,false,,RIO,"Riohacha, LAG",31,,641,RAMAL urbano,3,16,1,4,0
gas_interrupted_8,2023-08-14,2,Gases del Caribe,CE9113,true,false,JOBO,"Sahagún, COR",Noche,3,true,,MAM,"Cartagena, BOL",135,,456,Regional Sabanas,19,29,15,27,8
gas_interrupted_8,2023-08-15,3,Gasnacer,CE6234,true,true,JOBO,"Sahagún, COR",Madrugada,35,true,,SIN,"Sincelejo, SUC",87,,531,troncal norte,0,14,31,20,12
gas_interrupted_8,2023-08-16,4,Gases de la Guajira,CE7398,true,true,JOBO,"Sahagún, COR",Mañana,37,true,,STM,"Santa Marta, MAG",14,,543,regional sur,5,4,0,3,0
gas_interrupted_8,2023-08-17,5,Gases del Caribe,CE3364,true,false,JOBO,"Sahagún, COR",Noche,30,true,,BAQ,"Barranquilla, ATL",103,,193,RAMAL urbano,10,7,17,13,28
gas_interrupted_8,2023-08-18,6,Gases de la Guajira,CE7494,true,true,JOBO,"Sahagún, COR",Madrugada,-2,false,,VDP,"Valledupar, CES",49,,445,troncal norte,9,7,18,12,9
gas_interrupted_8,2023-08-19,7,Efigas,CE6888,false,false,BALLE,"Manaure, LAG",Noche,-4,false,,BAQ,"Barranquilla, ATL",68,,608,regional sur,10,24,0,4,36
gas_interrupted_8,2023-08-20,1,Gases de la Guajira,CE4770,true,false,BALLE,"Manaure, LAG",Mañana,8,true,,MTR,"Montería, COR",28,,114,RAMAL urbano,7,0,7,9,6
gas_interrupted_8,2023-08-21,2,Gases del Caribe,CE1429,true,false,BALLE,"Manaure, LAG",Madrugada,36,true,,CTG,"Cartagena, BOL",30,,318,Regional Sabanas,0,0,1,27,8
gas_interrupted_8,2023-08-22,3,Gasnacer,CE5090,true,true,JOBO,"Sahagún, COR",Noche,48,true,,SIN,"Sincelejo, SUC",39,,404,troncal norte,4,7,11,7,6
gas_interrupted_8,2023-08-23,4,Gasnacer,CE1,false,false,JOBO,"Sahagún, COR",Noche,22,true,,CTG,"Cartagena, BOL",50,,226,troncal norte,15,4,3,7,8
gas_interrupted_8,2023-08-24,5,Surtigas,CE3399,true,false,BALLE,"Manaure, LAG",Madrugada,63,true,,SIN,"Sincelejo, SUC",32,,409,Troncal principal,5,6,7,5,3
gas_interrupted_8,2023-08-25,6,Gasnacer,CE7039,true,false,BALLE,"Manaure, LAG",Mañana,63,true,,VDP,"Valledupar, CES",13,,422,Regional Sabanas,2,1,0,6,3
gas_interrupted_8,2023-08-26,7,Efigas,CE9955,false,false,BALLE,"Manaure, LAG",Tarde,56,true,,STM,"Santa Marta, MAG",82,,86,Ramal industrial,20,17,14,6,25
gas_interrupted_8,2023-08-27,1,Surtigas,CE4512,false,true,BALLE,"Manaure, LAG",Madrugada,0,false,,VDP,"Valledupar, CES",109,,297,Troncal principal,28,9,0,27,11
gas_interrupted_8,2023-08-28,2,Gases de la Guajira,CE4037,true,false,BALLE,"Manaure, LAG",Madrugada,61,true,,BAQ,"Barranquilla, ATL",49,,293,Ramal industrial,35,6,2,1,0
gas_interrupted_8,2023-08-29,3,Surtigas,CE6528,true,true,BALLE,"Manaure, LAG",Mañana,14,true,,SIN,"Sincelejo, SUC",42,,468,troncal norte,5,5,7,0,12
gas_interrupted_8,2023-08-30,4,Efigas,CE8470,false,false,BALLE,"Manaure, LAG",Mañana,16,true,,MTR,"Montería, COR",26,,227,troncal norte,13,0,9,2,2
gas_interrupted_8,2023-08-31,5,Surtigas,CE7194,true,false,BALLE,"Manaure, LAG",Tarde,9,true,,VDP,"Valledupar, CES",66,,313,Ramal industrial,0,20,9,20,3
gas_interrupted_9,2023-09-01,6,Gases de la Guajira,CE1167,true,true,BALLE,"Manaure, LAG",Noche,35,true,,VDP,"Valledupar, CES",53,,435,Regional Sabanas,4,18,5,18,8
gas_interrupted_9,2023-09-02,7,Gasnacer,CE0385,true,true,JOBO,"Sahagún, COR",Mañana,60,true,,,"Sincelejo, SUC",40,,235,ductos varios,11,2,2,13,5
gas_interrupted_9,2023-09-03,1,Surtigas,CE5409,true,false,BALLE,"Manaure, LAG",Madrugada,34,true,,RIO,"Riohacha, LAG",50,,222,Troncal principal,19,0,13,2,6
gas_interrupted_9,2023-09-04,2,Surtigas,CE7507,true,false,JOBO,"Sahagún, COR",Mañana,25,true,,STM,"Santa Marta, MAG",61,,481,Troncal principal,0,11,5,30,1
gas_interrupted_9,2023-09-05,3,Gasnacer,CE4133,true,false,BALLE,"Manaure, LAG",Tarde,38,true,,RIO,"Riohacha, LAG",105,,350,regional sur,23,8,1,12,35
gas_interrupted_9,2023-09-06,4,Surtigas,CE4540,false,true,BALLE,"Manaure, LAG",Mañana,-5,false,,RIO,"Riohacha, LAG",32,,182,ductos varios,7,5,2,7,11
gas_interrupted_9,2023-09-07,5,Efigas,CE0123,false,false,BALLE,"Manaure, LAG",Mañana,28,true,,MTR,"Montería, COR",30,,128,RAMAL urbano,2,18,0,0,6
gas_interrupted_9,2023-09-08,6,Gases de la Guajira,CE5247,false,false,JOBO,"Sahagún, COR",Mañana,-8,false,,BAQ,"Barranquilla, ATL",43,,101,Ramal industrial,3,15,0,3,32
gas_interrupted_9,2023-09-09,7,Gases del Caribe,CE2107,true,true,BALLE,"Manaure, LAG",Mañana,4,true,,VDP,"Valledupar, CES",91,,93,Ramal industrial,16,33,4,25,2
gas_interrupted_9,2023-09-10,1,Gases de la Guajira,CE7239,true,false,BALLE,"Manaure, LAG",Noche,30,true,,MTR,"Montería, COR",50,,209,troncal norte,23,26,1,8,0
gas_interrupted_9,2023-09-11,2,Gasnacer,CE2356,true,false,BALLE,"Manaure, LAG",Noche,59,true,,BAQ,"Barranquilla, ATL",110,,331,Regional Sabanas,35,33,6,4,2
gas_interrupted_9,2023-09-12,3,Gasnacer,CE1146,true,true,BALLE,"Manaure, LAG",Noche,60,true,,VDP,"Valledupar, CES",69,,325,regional sur,2,23,31,3,22
gas_interrupted_9,2023-09-13,4,Efigas,CE4199,false,false,BALLE,"Manaure, LAG",Mañana,-1,false,,CTG,"Cartagena, BOL",17,,190,RAMAL urbano,2,5,8,4,0
gas_interrupted_9,2023-09-14,5,Gasnacer,CE7659,true,false,JOBO,"Sahagún, COR",Tarde,61,true,,STM,"Santa Marta, MAG",59,,547,RAMAL urbano,30,0,4,2,10
gas_interrupted_9,2023-09-15,6,Gasnacer,CE5796,false,false,JOBO,"Sahagún, COR",Tarde,26,true,,CTG,"Cartagena, BOL",34,,250,Ramal industrial,22,1,1,3,1
gas_interrupted_9,2023-09-16,7,Surtigas,CE8082,false,true,BALLE,"Manaure, LAG",Mañana,45,true,,MTR,"Montería, COR",45,,625,Ramal industrial,23,1,0,8,8
gas_interrupted_9,2023-09-17,1,Gases del Caribe,CE8216,true,false,BALLE,"Manaure, LAG",Madrugada,62,true,,VDP,"Valledupar, CES",55,,527,troncal norte,14,4,3,16,2
gas_interrupted_9,2023-09-18,2,Gasnacer,CE4951,true,false,BALLE,"Manaure, LAG",Mañana,0,false,,SIN,"Sincelejo, SUC",22,,221,Regional Sabanas,10,6,3,4,0
gas_interrupted_9,2023-09-19,3,Gases de la Guajira,CE2596,true,false,BALLE,"Manaure, LAG",Madrugada,44,true,,RIO,"Riohacha, LAG",64,,293,RAMAL urbano,26,28,14,0,8
gas_interrupted_9,2023-09-20,4,Gases de la Guajira,CE4430,true,false,JOBO,"Sahagún, COR",Tarde,44,true,,STM,"Santa Marta, MAG",64,,203,regional sur,24,20,3,1,10
gas_interrupted_9,2023-09-21,5,Gases de la Guajira,CE7617,false,true,BALLE,"Manaure, LAG",Mañana,47,true,,STM,"Santa Marta, MAG",95,,604,Troncal principal,4,32,16,21,22
gas_interrupted_9,2023-09-22,6,Gases del Caribe,CE6631,true,true,BALLE,"Manaure, LAG",Mañana,42,true,,RIO,"Riohacha, LAG",68,,482,troncal norte,14,4,36,2,3
gas_interrupted_9,2023-09-23,7,Efigas,CE5330,false,false,JOBO,"Sahagún, COR",Madrugada,59,true,,BAQ,"Barranquilla, ATL",55,,483,Regional Sabanas,4,7,19,0,8
gas_interrupted_9,2023-09-24,1,Gasnacer,CE3672,true,false,JOBO,"Sahagún, COR",Mañana,22,true,,STM,"Santa Marta, MAG",66,,81,RAMAL urbano,12,6,0,6,30
gas_interrupted_9,2023-09-25,2,Surtigas,CE0790,true,true,JOBO,"Sahagún, COR",Tarde,44,true,,MTR,"Montería, COR",53,,557,Troncal principal,11,3,14,19,7
gas_interrupted_9,2023-09-26,3,Gases de la Guajira,CE9682,false,false,,"Manaure, LAG",Madrugada,62,true,,CTG,"Cartagena, BOL",42,,76,RAMAL urbano,11,2,3,14,6
gas_interrupted_9,2023-09-27,4,Gases del Caribe,CE6646,false,false,JOBO,"Sahagún, COR",Mañana,-3,false,,CTG,"Cartagena, BOL",64,,236,regional sur,5,11,3,25,18
gas_interrupted_9,2023-09-28,5,Efigas,CE4591,false,false,JOBO,"Sahagún, COR",Noche,23,true,,RIO,"Riohacha, LAG",94,,575,Ramal industrial,17,20,3,17,19
gas_interrupted_9,2023-09-29,6,Surtigas,CE0758,true,false,BALLE,"Manaure, LAG",Noche,35,true,,BAQ,"Barranquilla, ATL",49,,571,regional sur,0,2,1,0,32
gas_interrupted_9,2023-09-30,7,Gases del Caribe,CE3707,true,false,BALLE,"Manaure, LAG",Noche,48,true,,MTR,"Montería, COR",81,,179,Ramal industrial,13,19,33,23,22
gas_interrupted_10,2023-10-01,1,Efigas,CE6148,true,false,JOBO,"Sahagún, COR",Tarde,64,true,,BAQ,"Barranquilla, ATL",31,,88,troncal norte,0,14,16,2,8
gas_interrupted_10,2023-10-02,2,Gases del Caribe,CE2820,true,false,JOBO,"Sahagún, COR",Tarde,-1,false,,SIN,"Sincelejo, SUC",41,,140,ductos varios,14,5,6,3,17
gas_interrupted_10,2023-10-03,3,Surtigas,CE2355,true,false,JOBO,"Sahagún, COR",Noche,58,true,,VDP,"Valledupar, CES",46,,307,RAMAL urbano,0,3,19,17,1
gas_interrupted_10,2023-10-04,4,Surtigas,CE4596,true,true,BALLE,"Manaure, LAG",Mañana,-2,false,,MAM,"Cartagena, BOL",71,,645,Regional Sabanas,4,12,21,15,30
gas_interrupted_10,2023-10-05,5,Gases de la Guajira,CE0231,true,false,BALLE,"Manaure, LAG",Noche,49,true,,MTR,"Montería, COR",108,,188,Regional Sabanas,14,15,33,5,8
gas_interrupted_10,2023-10-06,6,Gases de la Guajira,CE1803,true,false,JOBO,"Sahagún, COR",Madrugada,44,true,,SIN,"Sincelejo, SUC",44,,527,Troncal principal,4,0,8,14,7
gas_interrupted_10,2023-10-07,7,Gases del Caribe,CE2235,true,false,JOBO,"Sahagún, COR",Madrugada,41,true,,BAQ,"Barranquilla, ATL",52,,646,ductos varios,27,18,2,1,4
gas_interrupted_10,2023-10-08,1,Gasnacer,CE2142,true,true,JOBO,"Sahagún, COR",Tarde,48,true,,CTG,"Cartagena, BOL",73,,95,Regional Sabanas,4,4,7,33,11
gas_interrupted_10,2023-10-09,2,Efigas,CE1691,true,true,JOBO,"Sahagún, COR",Noche,15,true,,SIN,"Sincelejo, SUC",79,,123,RAMAL urbano,7,20,20,8,6
gas_interrupted_10,2023-10-10,3,Efigas,CE3401,true,false,BALLE,"Manaure, LAG",Mañana,-15,false,,SIN,"Sincelejo, SUC",46,,151,RAMAL urbano,11,6,10,9,13
gas_interrupted_10,2023-10-11,4,Gasnacer,CE6525,true,true,JOBO,"Sahagún, COR",Tarde,-1,false,,SIN,"Sincelejo, SUC",34,,465,regional sur,4,6,7,15,8
gas_interrupted_10,2023-10-12,5,Gases del Caribe,CE2296,true,false,JOBO,"Sahagún, COR",Noche,50,true,,BAQ,"Barranquilla, ATL",48,,652,Regional Sabanas,2,5,16,6,7
gas_interrupted_10,2023-10-13,6,Surtigas,CE7729,true,false,BALLE,"Manaure, LAG",Mañana,44,true,,BAQ,"Barranquilla, ATL",66,,440,regional sur,4,21,6,11,17
gas_interrupted_10,2023-10-14,7,Gases de la Guajira,CE8305,false,false,JOBO,"Sahagún, COR",Mañana,26,true,,SIN,"Sincelejo, SUC",79,,635,ductos varios,5,9,28,14,0
gas_interrupted_10,2023-10-15,1,Surtigas,CE5604,true,true,BALLE,"Manaure, LAG",Mañana,13,true,,VDP,"Valledupar, CES",20,,313,regional sur,15,5,0,0,3
gas_interrupted_10,2023-10-16,2,Surtigas,CE2395,true,false,BALLE,"Manaure, LAG",Madrugada,-4,false,,CTG,"Cartagena, BOL",51,,459,ductos varios,3,34,2,0,16
gas_interrupted_10,2023-10-17,3,Efigas,CE4318,true,false,JOBO,"Sahagún, COR",Madrugada,35,true,,SIN,"Sincelejo, SUC",33,,223,Troncal principal,0,2,3,20,14
gas_interrupted_10,2023-10-18,4,Gases del Caribe,CE3111,true,false,BALLE,"Manaure, LAG",Madrugada,30,true,,MTR,"Montería, COR",122,,551,troncal norte,2,28,2,25,30
gas_interrupted_10,2023-10-19,5,,CE3352,true,true,BALLE,"Manaure, LAG",Mañana,-6,false,,MAM,"Cartagena, BOL",90,,140,Troncal principal,36,11,18,7,0
gas_interrupted_10,2023-10-20,6,Gasnacer,CE5876,true,false,BALLE,"Manaure, LAG",Madrugada,-13,false,,BAQ,"Barranquilla, ATL",41,,632,troncal norte,21,8,0,25,0
gas_interrupted_10,2023-10-21,7,Gases de la Guajira,CE8653,false,false,BALLE,"Manaure, LAG",Mañana,-15,false,,MAM,"Cartagena, BOL",52,,257,Regional Sabanas,9,1,11,12,2
gas_interrupted_10,2023-10-22,1,Gases de la Guajira,CE0876,false,false,JOBO,"Sahagún, COR",Madrugada,8,true,,MTR,"Montería, COR",71,,297,troncal norte,3,9,15,29,9
gas_interrupted_10,2023-10-23,2,Gases del Caribe,CE8017,true,false,BALLE,"Manaure, LAG",Madrugada,50,true,,VDP,"Valledupar, CES",113,,645,Ramal industrial,13,6,34,12,13
gas_interrupted_10,2023-10-24,3,Surtigas,CE8595,true,false,BALLE,"Manaure, LAG",Tarde,33,true,,STM,"Santa Marta, MAG",62,,142,regional sur,23,29,5,4,10
gas_interrupted_10,2023-10-25,4,Gases de la Guajira,CE8958,true,true,JOBO,"Sahagún, COR",Madrugada,23,true,,SIN,"Sincelejo, SUC",30,,447,regional sur,3,2,20,8,8
gas_interrupted_10,2023-10-26,5,Gases de la Guajira,CE9925,false,false,BALLE,"Manaure, LAG",Tarde,23,true,,BAQ,"Barranquilla, ATL",39,,361,troncal norte,2,1,3,22,1
gas_interrupted_10,2023-10-27,6,Gasnacer,CE3037,true,false,BALLE,"Manaure, LAG",Tarde,59,true,,BAQ,"Barranquilla, ATL",99,,79,ductos varios,37,26,10,11,17
gas_interrupted_10,2023-10-28,null,Surtigas,CE6971,true,true,BALLE,"Manaure, LAG",Madrugada,62,true,,MTR,"Montería, COR",57,,478,troncal norte,5,17,3,13,16
gas_interrupted_10,2023-10-29,1,Gasnacer,CE8820,false,false,JOBO,"Sahagún, COR",Mañana,45,true,,RIO,"Riohacha, LAG",25,,496,ductos varios,0,1,2,2,19
gas_interrupted_10,2023-10-30,2,Gases de la Guajira,CE9056,true,false,JOBO,"Sahagún, COR",Madrugada,-10,false,,RIO,"Riohacha, LAG",36,,610,RAMAL urbano,5,15,14,1,14
gas_interrupted_10,2023-10-31,3,Gasnacer,CE1944,false,true,JOBO,"Sahagún, COR",Mañana,48,true,,VDP,"Valledupar, CES",43,,70,ductos varios,1,12,12,4,25
gas_interrupted_11,2023-11-01,4,Gases de la Guajira,CE7193,false,true,BALLE,"Manaure, LAG",Mañana,41,true,,STM,"Santa Marta, MAG",112,,136,ductos varios,29,21,8,30,13
gas_interrupted_11,2023-11-02,5,Gasnacer,CE9189,false,false,BALLE,"Manaure, LAG",Noche,-7,false,,RIO,"Riohacha, LAG",72,,401,regional sur,13,1,18,7,10
gas_interrupted_11,2023-11-03,6,Gases de la Guajira,CE1,true,false,JOBO,"Sahagún, COR",Noche,60,true,,SIN,"Sincelejo, SUC",100,,153,RAMAL urbano,23,21,30,8,24
gas_interrupted_11,2023-11-04,7,Gasnacer,CE0987,false,true,BALLE,"Manaure, LAG",Noche,-13,false,,SIN,"Sincelejo, SUC",48,,421,Regional Sabanas,2,14,17,6,5
gas_interrupted_11,2023-11-05,1,Gases de la Guajira,CE9309,true,true,BALLE,"Manaure, LAG",Tarde,14,true,,VDP,"Valledupar, CES",126,,639,Ramal industrial,15,17,15,28,19
gas_interrupted_11,2023-11-06,2,Gases del Caribe,CE7195,true,false,JOBO,"Sahagún, COR",Noche,41,true,,BAQ,"Barranquilla, ATL",25,,208,Troncal principal,6,11,9,1,2
gas_interrupted_11,2023-11-07,3,Gases de la Guajira,CE2587,true,true,JOBO,"Sahagún, COR",Mañana,-12,false,,SIN,"Sincelejo, SUC",43,,413,Ramal industrial,1,7,3,15,17
gas_interrupted_11,2023-11-08,4,Gasnacer,CE7763,true,false,BALLE,"Manaure, LAG",Tarde,33,true,,CTG,"Cartagena, BOL",34,,560,Troncal principal,11,10,7,3,6
gas_interrupted_11,2023-11-09,5,Gases del Caribe,CE5521,true,false,BALLE,"Manaure, LAG",Mañana,-8,false,,RIO,"Riohacha, LAG",55,,347,RAMAL urbano,14,1,0,0,25
gas_interrupted_11,2023-11-10,6,Gases del Caribe,CE1324,true,false,BALLE,"Manaure, LAG",Tarde,-9,false,,MTR,"Montería, COR",66,,570,Troncal principal,1,2,5,13,26
gas_interrupted_11,2023-11-11,7,Efigas,CE6466,true,false,JOBO,"Sahagún, COR",Madrugada,21,true,,CTG,"Cartagena, BOL",24,,628,Regional Sabanas,1,4,1,2,9
gas_interrupted_11,2023-11-12,1,Gases de la Guajira,CE2368,false,true,BALLE,"Manaure, LAG",Tarde,48,true,,CTG,"Cartagena, BOL",27,,261,ductos varios,11,0,4,5,4
gas_interrupted_11,2023-11-13,2,Gasnacer,CE9565,false,true,JOBO,"Sahagún, COR",Noche,52,true,,BAQ,"Barranquilla, ATL",58,,542,Troncal principal,21,17,8,10,1
gas_interrupted_11,2023-11-14,3,Gases de la Guajira,CE8154,true,true,BALLE,"Manaure, LAG",Mañana,2,true,,STM,"Santa Marta, MAG",12,,80,Regional Sabanas,4,2,0,0,2
gas_interrupted_11,2023-11-15,4,Efigas,CE4832,true,false,BALLE,"Manaure, LAG",Tarde,42,true,,CTG,"Cartagena, BOL",36,,321,RAMAL urbano,1,0,17,10,16
gas_interrupted_11,2023-11-16,5,Gases de la Guajira,CE6249,true,true,BALLE,"Manaure, LAG",Noche,42,true,,CTG,"Cartagena, BOL",73,,419,Regional Sabanas,27,21,8,22,1
gas_interrupted_11,2023-11-17,6,Surtigas,CE9750,false,true,JOBO,"Sahagún, COR",Noche,-5,false,,VDP,"Valledupar, CES",42,,597,Troncal principal,37,1,3,8,0
gas_interrupted_11,2023-11-18,7,Gases de la Guajira,CE2581,true,false,JOBO,"Sahagún, COR",Noche,41,true,,VDP,"Valledupar, CES",13,,519,Troncal principal,4,1,3,2,9
gas_interrupted_11,2023-11-19,1,Surtigas,CE9558,true,false,JOBO,"Sahagún, COR",Noche,4,true,,MTR,"Montería, COR",27,,516,Troncal principal,2,11,0,24,0
gas_interrupted_11,2023-11-20,2,Gases de la Guajira,CE1338,true,true,JOBO,"Sahagún, COR",Noche,14,true,,BAQ,"Barranquilla, ATL",50,,161,RAMAL urbano,15,5,25,24,1
gas_interrupted_11,2023-11-21,3,Surtigas,CE2731,true,false,JOBO,"Sahagún, COR",Tarde,-13,false,,SIN,"Sincelejo, SUC",56,,127,Ramal industrial,4,8,17,31,3
gas_interrupted_11,2023-11-22,4,Gases del Caribe,CE4882,false,false,JOBO,"Sahagún, COR",Noche,44,true,,BAQ,"Barranquilla, ATL",57,,280,troncal norte,13,13,8,22,11
gas_interrupted_11,2023-11-23,5,Surtigas,CE3061,false,true,JOBO,"Sahagún, COR",Madrugada,63,true,,CTG,"Cartagena, BOL",55,,84,Troncal principal,29,16,0,4,6
gas_interrupted_11,2023-11-24,6,Surtigas,CE9205,false,false,BALLE,"Manaure, LAG",Madrugada,56,true,,SIN,"Sincelejo, SUC",50,,630,troncal norte,4,8,15,13,1
gas_interrupted_11,2023-11-25,7,Gases del Caribe,CE3943,true,false,BALLE,"Manaure, LAG",Tarde,46,true,,MAM,"Cartagena, BOL",52,,89,Regional Sabanas,22,5,2,13,1
gas_interrupted_11,2023-11-26,1,Gases de la Guajira,CE7636,true,false,BALLE,"Manaure, LAG",Noche,22,true,,MTR,"Montería, COR",49,,659,regional sur,23,0,14,0,4
gas_interrupted_11,2023-11-27,2,Surtigas,CE1719,true,false,JOBO,"Sahagún, COR",Madrugada,36,true,,MTR,"Montería, COR",93,,651,Troncal principal,27,6,28,17,11
gas_interrupted_11,2023-11-28,3,Efigas,CE4432,true,true,JOBO,"Sahagún, COR",Mañana,33,true,,BAQ,"Barranquilla, ATL",33,,161,RAMAL urbano,6,25,4,5,5
gas_interrupted_11,2023-11-29,4,Gases de la Guajira,CE5922,true,true,BALLE,"Manaure, LAG",Tarde,2,true,,STM,"Santa Marta, MAG",81,,96,troncal norte,22,23,8,3,5
gas_interrupted_11,2023-11-30,5,Gasnacer,CE1122,false,false,JOBO,"Sahagún, COR",Mañana,39,true,,MAM,"Cartagena, BOL",30,,477,RAMAL urbano,11,3,13,10,3
gas_interrupted_12,2023-12-01,6,Gasnacer,CE2824,true,false,BALLE,"Manaure, LAG",Noche,24,true,,MTR,"Montería, COR",66,,509,Troncal principal,18,7,4,34,13
gas_interrupted_12,2023-12-02,7,Surtigas,CE1786,false,false,JOBO,"Sahagún, COR",Tarde,55,true,,SIN,"Sincelejo, SUC",49,,325,troncal norte,17,23,10,4,5
gas_interrupted_12,2023-12-03,1,Gasnacer,CE7989,true,false,JOBO,"Sahagún, COR",Noche,-9,false,,MTR,"Montería, COR",46,,588,RAMAL urbano,4,28,4,3,2
gas_interrupted_12,2023-12-04,2,Gasnacer,CE3937,true,true,JOBO,"Sahagún, COR",Mañana,-11,false,,BAQ,"Barranquilla, ATL",43,,61,regional sur,18,4,6,2,8
gas_interrupted_12,2023-12-05,3,Gases del Caribe,CE6450,true,false,BALLE,"Manaure, LAG",Noche,50,true,,CTG,"Cartagena, BOL",40,,648,Ramal industrial,3,14,19,8,5
gas_interrupted_12,2023-12-06,4,Gases de la Guajira,CE3566,false,false,BALLE,"Manaure, LAG",Madrugada,13,true,,MAM,"Cartagena, BOL",70,,403,Ramal industrial,6,8,14,14,14
gas_interrupted_12,2023-12-07,5,Gases de la Guajira,CE1201,false,false,BALLE,"Manaure, LAG",Mañana,22,true,,BAQ,"Barranquilla, ATL",60,,218,Regional Sabanas,1,23,1,13,10
gas_interrupted_12,2023-12-08,6,Gases de la Guajira,CE6878,true,true,JOBO,"Sahagún, COR",Tarde,63,true,,BAQ,"Barranquilla, ATL",45,,239,Troncal principal,25,2,0,4,2
gas_interrupted_12,2023-12-09,7,Gases de la Guajira,CE1551,true,false,JOBO,"Sahagún, COR",Tarde,45,true,,BAQ,"Barranquilla, ATL",24,,455,Ramal industrial,0,13,1,5,6
gas_interrupted_12,2023-12-10,1,Surtigas,CE1892,false,false,JOBO,"Sahagún, COR",Tarde,6,true,,MTR,"Montería, COR",53,,67,Troncal principal,0,8,33,12,2
gas_interrupted_12,2023-12-11,2,Gasnacer,CE2656,false,false,BALLE,"Manaure, LAG",Tarde,-1,false,,RIO,"Riohacha, LAG",44,,626,RAMAL urbano,1,4,3,27,10
gas_interrupted_12,2023-12-12,3,Gases del Caribe,CE7259,true,false,JOBO,"Sahagún, COR",Madrugada,-2,false,,CTG,"Cartagena, BOL",27,,551,Regional Sabanas,3,5,5,0,9
gas_interrupted_12,2023-12-13,4,,CE0604,true,true,BALLE,"Manaure, LAG",Tarde,58,true,,MAM,"Cartagena, BOL",43,,160,troncal norte,6,21,1,14,18
gas_interrupted_12,2023-12-14,5,Efigas,CE3526,false,false,BALLE,"Manaure, LAG",Madrugada,63,true,,MAM,"Cartagena, BOL",61,,639,Ramal industrial,32,22,7,0,0
gas_interrupted_12,2023-12-15,6,Gases del Caribe,CE6951,true,false,JOBO,"Sahagún, COR",Tarde,30,true,,MAM,"Cartagena, BOL",38,,479,ductos varios,3,3,37,7,3
gas_interrupted_12,2023-12-16,7,Gasnacer,CE4963,false,false,BALLE,"Manaure, LAG",Noche,0,false,,VDP,"Valledupar, CES",72,,397,regional sur,6,30,13,24,12
gas_interrupted_12,2023-12-17,1,Surtigas,CE0051,false,false,JOBO,"Sahagún, COR",Madrugada,63,true,,RIO,"Riohacha, LAG",60,,325,RAMAL urbano,11,9,9,4,10
gas_interrupted_12,2023-12-18,2,Gases de la Guajira,CE0410,true,true,BALLE,"Manaure, LAG",Noche,33,true,,CTG,"Cartagena, BOL",156,,313,regional sur,39,13,19,15,18
gas_interrupted_12,2023-12-19,3,Gases de la Guajira,CE9075,false,false,JOBO,"Sahagún, COR",Madrugada,56,true,,STM,"Santa Marta, MAG",96,,505,regional sur,1,5,25,18,21
gas_interrupted_12,2023-12-20,4,Surtigas,CE3671,true,false,JOBO,"Sahagún, COR",Noche,13,true,,BAQ,"Barranquilla, ATL",62,,425,regional sur,14,7,28,9,20
gas_interrupted_12,2023-12-21,5,Gases del Caribe,CE2754,true,false,BALLE,"Manaure, LAG",Mañana,-8,false,,MAM,"Cartagena, BOL",59,,612,Regional Sabanas,3,1,0,12,24
gas_interrupted_12,2023-12-22,6,Gases del Caribe,CE6331,true,false,BALLE,"Manaure, LAG",Mañana,20,true,,CTG,"Cartagena, BOL",14,,254,Troncal principal,0,7,0,3,1
gas_interrupted_12,2023-12-23,7,Gases de la Guajira,CE8950,true,false,JOBO,"Sahagún, COR",Madrugada,35,true,,MAM,"Cartagena, BOL",56,,426,ductos varios,17,0,11,7,5
gas_interrupted_12,2023-12-24,1,Gases del Caribe,CE0046,false,false,BALLE,"Manaure, LAG",Madrugada,20,true,,SIN,"Sincelejo, SUC",47,,140,RAMAL urbano,8,4,4,20,0
gas_interrupted_12,2023-12-25,2,Efigas,CE3673,true,false,BALLE,"Manaure, LAG",Mañana,-10,false,,MAM,"Cartagena, BOL",79,,169,ductos varios,11,7,4,3,29
gas_interrupted_12,2023-12-26,3,Gases de la Guajira,CE9958,true,false,BALLE,"Manaure, LAG",Mañana,59,true,,MAM,"Cartagena, BOL",44,,438,RAMAL urbano,4,7,7,4,14
gas_interrupted_12,2023-12-27,4,Efigas,CE4143,true,true,JOBO,"Sahagún, COR",Noche,18,true,,STM,"Santa Marta, MAG",40,,429,Regional Sabanas,16,6,7,0,6
gas_interrupted_12,2023-12-28,5,Gases del Caribe,CE6418,true,false,BALLE,"Manaure, LAG",Madrugada,32,true,,MAM,"Cartagena, BOL",43,,358,troncal norte,12,8,23,1,5
gas_interrupted_12,2023-12-29,6,Surtigas,CE2235,false,true,JOBO,"Sahagún, COR",Madrugada,46,true,,RIO,"Riohacha, LAG",18,,399,ductos varios,4,6,0,0,12
gas_interrupted_12,2023-12-30,7,Surtigas,CE8573,false,false,BALLE,"Manaure, LAG",Noche,40,true,,STM,"Santa Marta, MAG",59,,103,Troncal principal,4,32,14,8,15
gas_interrupted_12,2023-12-31,1,Gases de la Guajira,CE2848,false,true,JOBO,"Sahagún, COR",Madrugada,5,true,,,"Santa Marta, MAG",57,,175,Troncal principal,22,1,14,4,1
gas_interrupted_1,2023-01-01,1,Gases del Caribe,CE2266,true,false,JOBO,"Sahagún, COR",Noche,52,true,,STM,"Santa Marta, MAG",50,,470,regional sur,11,3,23,1,1
gas_interrupted_1,2023-01-02,2,Gases del Caribe,CE1591,true,false,JOBO,"Sahagún, COR",Mañana,-15,false,,MTR,"Montería, COR",48,,221,troncal norte,1,26,0,23,6
gas_interrupted_1,2023-01-03,3,Gases del Caribe,CE2380,true,true,JOBO,"Sahagún, COR",Mañana,62,true,,VDP,"Valledupar, CES",64,,364,ductos varios,16,23,10,14,2
gas_interrupted_1,2023-01-04,4,Gases del Caribe,CE4940,false,false,BALLE,"Manaure, LAG",Madrugada,49,true,,VDP,"Valledupar, CES",27,,155,troncal norte,0,25,1,0,0
gas_interrupted_1,2023-01-05,5,Efigas,CE3796,true,false,JOBO,"Sahagún, COR",Tarde,11,true,,RIO,"Riohacha, LAG",60,,532,Troncal principal,19,2,32,2,0
gas_interrupted_1,2023-01-06,6,Efigas,CE7888,false,false,JOBO,"Sahagún, COR",Madrugada,27,true,,STM,"Santa Marta, MAG",55,,289,RAMAL urbano,1,26,11,8,3
gas_interrupted_1,2023-01-07,7,Gases de la Guajira,CE4271,true,false,BALLE,"Manaure, LAG",Mañana,-5,false,,VDP,"Valledupar, CES",66,,594,regional sur,16,2,25,6,10
gas_interrupted_1,2023-01-08,1,Gasnacer,CE1084,true,false,JOBO,"Sahagún, COR",Noche,30,true,,BAQ,"Barranquilla, ATL",40,,205,troncal norte,11,6,0,7,7
gas_interrupted_1,2023-01-09,2,Gases del Caribe,CE6686,true,false,JOBO,"Sahagún, COR",Madrugada,56,true,,VDP,"Valledupar, CES",70,,557,Regional Sabanas,8,4,6,10,25
gas_interrupted_1,2023-01-10,3,Gases de la Guajira,CE8569,true,true,BALLE,"Manaure, LAG",Tarde,9,true,,MAM,"Cartagena, BOL",20,,619,Troncal principal,2,16,1,0,9
gas_interrupted_1,2023-01-11,4,Gases de la Guajira,CE7653,false,false,BALLE,"Manaure, LAG",Mañana,56,true,,MTR,"Montería, COR",45,,72,troncal norte,12,1,16,2,1
gas_interrupted_1,2023-01-12,5,Efigas,CE4376,false,false,JOBO,"Sahagún, COR",Madrugada,34,true,,SIN,"Sincelejo, SUC",45,,435,Regional Sabanas,12,0,14,5,4
gas_interrupted_1,2023-01-13,6,Gases de la Guajira,CE3549,false,true,BALLE,"Manaure, LAG",Mañana,54,true,,VDP,"Valledupar, CES",57,,194,troncal norte,1,30,4,36,0
gas_interrupted_1,2023-01-14,7,Gases del Caribe,CE9678,false,false,BALLE,"Manaure, LAG",Mañana,57,true,,RIO,"Riohacha, LAG",38,,623,troncal norte,1,7,15,1,18
gas_interrupted_1,2023-01-15,1,Gases del Caribe,CE5595,true,false,BALLE,"Manaure, LAG",Madrugada,45,true,,VDP,"Valledupar, CES",90,,168,RAMAL urbano,14,8,20,0,19
gas_interrupted_1,2023-01-16,2,Efigas,CE2426,true,false,BALLE,"Manaure, LAG",Tarde,24,true,,RIO,"Riohacha, LAG",73,,284,RAMAL urbano,8,1,31,5,12
gas_interrupted_1,2023-01-17,3,Efigas,CE7735,false,false,JOBO,"Sahagún, COR",Noche,43,true,,MAM,"Cartagena, BOL",53,,85,regional sur,14,19,8,8,4
gas_interrupted_1,2023-01-18,4,Gases del Caribe,CE2513,true,true,BALLE,"Manaure, LAG",Madrugada,47,true,,VDP,"Valledupar, CES",37,,443,regional sur,3,11,22,3,1
gas_interrupted_1,2023-01-19,5,Surtigas,CE8906,false,false,JOBO,"Sahagún, COR",Tarde,38,true,,STM,"Santa Marta, MAG",17,,611,regional sur,8,8,0,4,2
gas_interrupted_1,2023-01-20,6,Gases del Caribe,CE9243,true,true,JOBO,"Sahagún, COR",Noche,30,true,,BAQ,"Barranquilla, ATL",27,,476,troncal norte,2,0,3,6,9
gas_interrupted_1,2023-01-21,7,Surtigas,CE0802,true,true,JOBO,"Sahagún, COR",Noche,14,true,,MTR,"Montería, COR",56,,576,Ramal industrial,6,21,4,14,0
gas_interrupted_1,2023-01-22,1,Gases del Caribe,CE5772,false,true,JOBO,"Sahagún, COR",Mañana,39,true,,RIO,"Riohacha, LAG",61,,95,Troncal principal,0,9,1,25,18
gas_interrupted_1,2023-01-23,2,Gases del Caribe,CE9124,true,true,BALLE,"Manaure, LAG",Noche,14,true,,RIO,"Riohacha, LAG",46,,104,Troncal principal,9,18,10,4,22
gas_interrupted_1,2023-01-24,3,Gasnacer,CE1656,true,false,JOBO,"Sahagún, COR",Mañana,28,true,,MTR,"Montería, COR",52,,345,regional sur,21,6,8,17,2
gas_interrupted_1,2023-01-25,4,Surtigas,CE2166,true,false,JOBO,"Sahagún, COR",Mañana,4,true,,BAQ,"Barranquilla, ATL",11,,301,troncal norte,5,0,2,0,4
gas_interrupted_1,2023-01-26,5,Gasnacer,CE4277,true,false,JOBO,"Sahagún, COR",Tarde,10,true,,STM,"Santa Marta, MAG",42,,158,Ramal industrial,12,3,12,11,2
gas_interrupted_1,2023-01-27,6,Gases del Caribe,CE1734,true,false,BALLE,"Manaure, LAG",Noche,-15,false,,MTR,"Montería, COR",63,,656,Troncal principal,19,23,1,1,4
gas_interrupted_1,2023-01-28,7,Gases de la Guajira,CE8465,false,true,JOBO,"Sahagún, COR",Tarde,15,true,,VDP,"Valledupar, CES",31,,646,Regional Sabanas,6,1,6,21,3
gas_interrupted_1,2023-01-29,1,Efigas,CE7628,true,false,BALLE,"Manaure, LAG",Madrugada,-8,false,,VDP,"Valledupar, CES",21,,211,Ramal industrial,21,0,5,2,1
gas_interrupted_1,2023-01-30,2,Gases del Caribe,CE1426,true,false,BALLE,"Manaure, LAG",Tarde,60,true,,CTG,"Cartagena, BOL",72,,203,troncal norte,8,2,17,4,24
gas_interrupted_1,2023-01-31,3,Surtigas,CE8094,false,false,JOBO,"Sahagún, COR",Mañana,-14,false,,MAM,"Cartagena, BOL",41,,292,Troncal principal,7,22,24,0,2
gas_interrupted_2,2023-02-01,4,Surtigas,CE4318,true,false,BALLE,"Manaure, LAG",Madrugada,-1,false,,CTG,"Cartagena, BOL",35,,619,ductos varios,13,0,4,16,0
gas_interrupted_2,2023-02-02,5,Gases de la Guajira,CE1917,true,true,BALLE,"Manaure, LAG",Madrugada,43,true,,SIN,"Sincelejo, SUC",58,,536,troncal norte,2,16,13,20,8
gas_interrupted_2,2023-02-03,6,Gases del Caribe,CE5827,true,false,JOBO,"Sahagún, COR",Noche,11,true,,BAQ,"Barranquilla, ATL",47,,229,troncal norte,26,1,1,18,16
gas_interrupted_2,2023-02-04,7,Gases de la Guajira,CE2403,true,false,JOBO,"Sahagún, COR",Mañana,-1,false,,STM,"Santa Marta, MAG",48,,179,regional sur,9,7,7,5,12
gas_interrupted_2,2023-02-05,1,Gases de la Guajira,CE9512,true,false,BALLE,"Manaure, LAG",Noche,24,true,,MAM,"Cartagena, BOL",39,,78,regional sur,11,0,12,30,0
gas_interrupted_2,2023-02-06,2,Gases de la Guajira,CE8479,true,false,JOBO,"Sahagún, COR",Noche,-7,false,,CTG,"Cartagena, BOL",67,,567,regional sur,19,0,12,12,5
gas_interrupted_2,2023-02-07,3,Gases del Caribe,CE5560,true,true,JOBO,"Sahagún, COR",Madrugada,28,true,,MAM,"Cartagena, BOL",90,,548,Regional Sabanas,25,1,21,0,22
gas_interrupted_2,2023-02-08,4,Gases del Caribe,CE5999,false,false,BALLE,"Manaure, LAG",Mañana,31,true,,BAQ,"Barranquilla, ATL",18,,78,Troncal principal,4,7,0,3,4
gas_interrupted_2,2023-02-09,5,Efigas,CE0675,true,true,BALLE,"Manaure, LAG",Noche,52,true,,SIN,"Sincelejo, SUC",40,,464,Ramal industrial,8,1,9,20,2
gas_interrupted_2,2023-02-10,6,Gases de la Guajira,CE2238,true,false,BALLE,"Manaure, LAG",Noche,59,true,,STM,"Santa Marta, MAG",19,,544,Regional Sabanas,17,1,2,0,0
gas_interrupted_2,2023-02-11,7,Gases de la Guajira,CE6252,true,false,BALLE,"Manaure, LAG",Noche,44,true,,STM,"Santa Marta, MAG",80,,649,troncal norte,5,19,2,32,12
gas_interrupted_2,2023-02-12,1,Gases del Caribe,CE0072,true,false,JOBO,"Sahagún, COR",Mañana,4,true,,BAQ,"Barranquilla, ATL",62,,103,troncal norte,3,1,20,8,19
gas_interrupted_2,2023-02-13,2,Gases de la Guajira,CE1289,false,false,JOBO,"Sahagún, COR",Madrugada,-12,false,,STM,"Santa Marta, MAG",25,,513,Regional Sabanas,3,7,4,2,6
gas_interrupted_2,2023-02-14,3,Efigas,CE3842,false,false,BALLE,"Manaure, LAG",Madrugada,16,true,,MTR,"Montería, COR",63,,470,Regional Sabanas,17,21,0,0,12
gas_interrupted_2,2023-02-15,4,Gases de la Guajira,CE6537,true,true,JOBO,"Sahagún, COR",Mañana,-8,false,,BAQ,"Barranquilla, ATL",50,,371,regional sur,14,28,8,0,11
gas_interrupted_2,2023-02-16,5,Gases del Caribe,CE9160,true,true,BALLE,"Manaure, LAG",Noche,8,true,,MAM,"Cartagena, BOL",37,,241,Ramal industrial,13,3,10,3,15
gas_interrupted_2,2023-02-17,6,Gases del Caribe,CE4858,true,false,JOBO,"Sahagún, COR",Mañana,40,true,,MTR,"Montería, COR",60,,169,Regional Sabanas,10,20,0,8,9
gas_interrupted_2,2023-02-18,7,Gasnacer,CE8273,true,false,JOBO,"Sahagún, COR",Madrugada,25,true,,VDP,"Valledupar, CES",58,,363,RAMAL urbano,3,2,21,3,18
gas_interrupted_2,2023-02-19,1,Gasnacer,CE7348,true,true,BALLE,"Manaure, LAG",Mañana,50,true,,CTG,"Cartagena, BOL",9,,200,Troncal principal,2,1,0,0,8
gas_interrupted_2,2023-02-20,2,Surtigas,CE7047,false,false,BALLE,"Manaure, LAG",Mañana,32,true,,CTG,"Cartagena, BOL",46,,367,ductos varios,1,7,0,26,1
gas_interrupted_2,2023-02-21,3,Gases del Caribe,CE3649,false,true,JOBO,"Sahagún, COR",Mañana,15,true,,SIN,"Sincelejo, SUC",86,,391,Ramal industrial,9,5,27,3,32
gas_interrupted_2,2023-02-22,4,Gases de la Guajira,CE1369,true,true,JOBO,"Sahagún, COR",Noche,-5,false,,MTR,"Montería, COR",102,,332,troncal norte,30,31,8,0,13
gas_interrupted_2,2023-02-23,5,Gases del Caribe,CE3209,true,false,JOBO,"Sahagún, COR",Madrugada,37,true,,STM,"Santa Marta, MAG",34,,215,RAMAL urbano,2,0,23,5,12
gas_interrupted_2,2023-02-24,6,Gases de la Guajira,CE6086,false,false,BALLE,"Manaure, LAG",Tarde,61,true,,MTR,"Montería, COR",55,,362,Ramal industrial,33,2,7,9,8
gas_interrupted_2,2023-02-25,7,Gases de la Guajira,CE9789,true,false,JOBO,"Sahagún, COR",Madrugada,60,true,,CTG,"Cartagena, BOL",80,,359,troncal norte,0,14,3,11,27
gas_interrupted_2,2023-02-26,1,Gases del Caribe,CE5668,true,false,BALLE,"Manaure, LAG",Mañana,13,true,,STM,"Santa Marta, MAG",74,,217,Ramal industrial,10,24,0,1,20
gas_interrupted_2,2023-02-27,2,Surtigas,CE6884,false,true,BALLE,"Manaure, LAG",Noche,2,true,,SIN,"Sincelejo, SUC",52,,509,Regional Sabanas,3,13,6,17,16
gas_interrupted_2,2023-02-28,3,Gases de la Guajira,CE3456,true,false,BALLE,"Manaure, LAG",Mañana,10,true,,MTR,"Montería, COR",62,,560,Ramal industrial,3,31,9,3,14
gas_interrupted_3,2023-03-01,4,Gases del Caribe,CE7752,false,true,JOBO,"Sahagún, COR",Mañana,-4,false,,CTG,"Cartagena, BOL",48,,365,Troncal principal,10,5,1,9,11
gas_interrupted_3,2023-03-02,5,Surtigas,CE7070,false,true,BALLE,"Manaure, LAG",Madrugada,0,false,,RIO,"Riohacha, LAG",64,,102,troncal norte,13,5,25,0,4
gas_interrupted_3,2023-03-03,6,Gases de la Guajira,CE0500,false,false,BALLE,"Manaure, LAG",Madrugada,64,true,,SIN,"Sincelejo, SUC",59,,369,Troncal principal,7,6,14,8,5
gas_interrupted_3,2023-03-04,7,Gasnacer,CE4484,true,false,BALLE,"Manaure, LAG",Noche,-2,false,,STM,"Santa Marta, MAG",89,,576,RAMAL urbano,13,12,7,10,28
gas_interrupted_3,2023-03-05,1,Surtigas,CE9384,true,false,JOBO,"Sahagún, COR",Noche,-15,false,,STM,"Santa Marta, MAG",24,,318,Ramal industrial,4,3,0,7,4
gas_interrupted_3,2023-03-06,2,Gases del Caribe,CE8306,false,false,JOBO,"Sahagún, COR",Mañana,57,true,,SIN,"Sincelejo, SUC",62,,552,regional sur,0,21,1,10,31
gas_interrupted_3,2023-03-07,3,Gases de la Guajira,CE6992,false,false,BALLE,"Manaure, LAG",Noche,9,true,,STM,"Santa Marta, MAG",39,,179,Ramal industrial,24,0,4,0,6
gas_interrupted_3,2023-03-08,4,Surtigas,CE9473,true,false,BALLE,"Manaure, LAG",Noche,29,true,,VDP,"Valledupar, CES",41,,282,RAMAL urbano,14,2,7,28,7
gas_interrupted_3,2023-03-09,5,Efigas,CE8461,true,false,BALLE,"Manaure, LAG",Madrugada,36,true,,VDP,"Valledupar, CES",72,,129,RAMAL urbano,9,5,16,21,2
gas_interrupted_3,2023-03-10,6,Gasnacer,CE5987,true,false,JOBO,"Sahagún, COR",Tarde,49,true,,MTR,"Montería, COR",99,,134,Troncal principal,14,24,7,16,13
gas_interrupted_3,2023-03-11,7,Gasnacer,CE2428,false,false,JOBO,"Sahagún, COR",Mañana,33,true,,MAM,"Cartagena, BOL",48,,469,RAMAL urbano,2,6,2,17,9
gas_interrupted_3,2023-03-12,1,Efigas,CE2457,true,false,JOBO,"Sahagún, COR",Mañana,62,true,,CTG,"Cartagena, BOL",60,,496,RAMAL urbano,0,0,4,19,34
gas_interrupted_3,2023-03-13,2,Gasnacer,CE8375,true,false,JOBO,"Sahagún, COR",Madrugada,17,true,,VDP,"Valledupar, CES",34,,312,troncal norte,13,13,4,0,7
gas_interrupted_3,2023-03-14,3,Surtigas,CE0900,true,true,BALLE,"Manaure, LAG",Noche,49,true,,BAQ,"Barranquilla, ATL",52,,556,Regional Sabanas,10,8,7,5,20
gas_interrupted_3,2023-03-15,4,Gases del Caribe,CE1918,false,true,JOBO,"Sahagún, COR",Tarde,23,true,,BAQ,"Barranquilla, ATL",14,,442,ductos varios,4,1,3,3,2
gas_interrupted_3,2023-03-16,5,Gasnacer,CE3978,true,false,BALLE,"Manaure, LAG",Noche,-5,false,,MTR,"Montería, COR",36,,511,Ramal industrial,6,22,2,6,5
gas_interrupted_3,2023-03-17,6,Gasnacer,CE0239,true,false,BALLE,"Manaure, LAG",Noche,15,true,,VDP,"Valledupar, CES",64,,208,Troncal principal,5,18,7,29,0
gas_interrupted_3,2023-03-18,7,Surtigas,CE6196,true,false,JOBO,"Sahagún, COR",Mañana,22,true,,MTR,"Montería, COR",18,,234,Regional Sabanas,0,4,1,0,12
gas_interrupted_3,2023-03-19,1,Gases de la Guajira,CE4763,true,false,JOBO,"Sahagún, COR",Tarde,43,true,,RIO,"Riohacha, LAG",52,,533,Ramal industrial,1,20,7,11,11
gas_interrupted_3,2023-03-20,2,Gasnacer,CE5009,true,false,JOBO,"Sahagún, COR",Madrugada,34,true,,VDP,"Valledupar, CES",68,,600,regional sur,21,6,12,8,2
gas_interrupted_3,2023-03-21,3,Gases de la Guajira,CE6347,true,false,BALLE,"Manaure, LAG",Tarde,52,true,,SIN,"Sincelejo, SUC",37,,515,Ramal industrial,16,16,4,10,0
gas_interrupted_3,2023-03-22,4,Gases de la Guajira,CE9278,false,false,BALLE,"Manaure, LAG",Madrugada,53,true,,MTR,"Montería, COR",24,,71,Troncal principal,5,11,2,1,0
gas_interrupted_3,2023-03-23,5,Surtigas,CE2579,false,true,BALLE,"Manaure, LAG",Mañana,47,true,,MTR,"Montería, COR",45,,618,regional sur,3,0,5,29,2
gas_interrupted_3,2023-03-24,6,Gases de la Guajira,CE0662,true,false,BALLE,"Manaure, LAG",Madrugada,-10,false,,BAQ,"Barranquilla, ATL",37,,489,troncal norte,10,0,8,4,3
gas_interrupted_3,2023-03-25,7,Efigas,CE2933,false,false,JOBO,"Sahagún, COR",Mañana,36,true,,STM,"Santa Marta, MAG",27,,434,Regional Sabanas,4,4,11,3,6
gas_interrupted_3,2023-03-26,1,Gases del Caribe,CE5539,true,false,JOBO,"Sahagún, COR",Tarde,43,true,,RIO,"Riohacha, LAG",27,,78,Troncal principal,11,7,3,6,2
gas_interrupted_3,2023-03-27,2,Efigas,CE5916,false,false,JOBO,"Sahagún, COR",Mañana,-3,false,,MAM,"Cartagena, BOL",26,,115,troncal norte,10,0,8,1,6
gas_interrupted_3,2023-03-28,null,Gases del Caribe,CE2718,false,false,JOBO,"Sahagún, COR",Mañana,8,true,,MTR,"Montería, COR",29,,120,troncal norte,14,2,6,3,2
gas_interrupted_3,2023-03-29,4,Surtigas,CE9481,true,false,BALLE,"Manaure, LAG",Madrugada,27,true,,RIO,"Riohacha, LAG",81,,414,Regional Sabanas,26,34,0,5,16
gas_interrupted_3,2023-03-30,5,Gases de la Guajira,CE8688,true,false,,"Manaure, LAG",Mañana,10,true,,STM,"Santa Marta, MAG",91,,403,troncal norte,28,1,12,6,16
gas_interrupted_3,2023-03-31,6,Gasnacer,CE5258,true,false,BALLE,"Manaure, LAG",Mañana,60,true,,CTG,"Cartagena, BOL",59,,243,Regional Sabanas,15,13,14,2,9
gas_interrupted_4,2023-04-01,7,Gasnacer,CE1,true,false,JOBO,"Sahagún, COR",Noche,-6,false,,RIO,"Riohacha, LAG",31,,207,troncal norte,4,3,0,1,18
gas_interrupted_4,2023-04-02,1,Efigas,CE8913,false,true,JOBO,"Sahagún, COR",Noche,1,true,,RIO,"Riohacha, LAG",131,,182,RAMAL urbano,30,6,25,6,25
gas_interrupted_4,2023-04-03,2,,CE3281,false,false,JOBO,"Sahagún, COR",Mañana,49,true,,MTR,"Montería, COR",29,,109,Regional Sabanas,5,0,6,1,12
gas_interrupted_4,2023-04-04,3,Gasnacer,CE7082,true,true,BALLE,"Manaure, LAG",Mañana,6,true,,CTG,"Cartagena, BOL",24,,399,Troncal principal,2,0,8,2,8
gas_interrupted_4,2023-04-05,4,Surtigas,CE6749,true,false,JOBO,"Sahagún, COR",Mañana,61,true,,BAQ,"Barranquilla, ATL",185,,266,Troncal principal,17,31,21,36,24
gas_interrupted_4,2023-04-06,5,Gasnacer,CE5276,false,false,JOBO,"Sahagún, COR",Noche,43,true,,MTR,"Montería, COR",59,,335,troncal norte,6,2,27,4,5
gas_interrupted_4,2023-04-07,6,Gasnacer,CE5962,true,true,BALLE,"Manaure, LAG",Madrugada,31,true,,CTG,"Cartagena, BOL",45,,393,ductos varios,8,13,21,1,9
gas_interrupted_4,2023-04-08,7,Efigas,CE5936,true,false,JOBO,"Sahagún, COR",Madrugada,61,true,,CTG,"Cartagena, BOL",91,,312,Ramal industrial,21,20,25,1,2
gas_interrupted_4,2023-04-09,1,Efigas,CE7567,false,false,JOBO,"Sahagún, COR",Mañana,1,true,,VDP,"Valledupar, CES",10,,97,Ramal industrial,3,2,0,3,1
gas_interrupted_4,2023-04-10,2,Surtigas,CE5356,true,false,JOBO,"Sahagún, COR",Noche,23,true,,MAM,"Cartagena, BOL",34,,142,regional sur,1,2,8,8,10
gas_interrupted_4,2023-04-11,3,Gases de la Guajira,CE2189,true,false,BALLE,"Manaure, LAG",Noche,15,true,,MTR,"Montería, COR",126,,580,troncal norte,29,3,35,20,9
gas_interrupted_4,2023-04-12,4,Gases de la Guajira,CE0219,false,false,BALLE,"Manaure, LAG",Noche,11,true,,SIN,"Sincelejo, SUC",32,,374,ductos varios,3,12,2,2,3
gas_interrupted_4,2023-04-13,5,Efigas,CE2953,true,false,BALLE,"Manaure, LAG",Madrugada,11,true,,MAM,"Cartagena, BOL",38,,325,regional sur,4,7,9,16,3
gas_interrupted_4,2023-04-14,6,Gases del Caribe,CE3165,true,false,JOBO,"Sahagún, COR",Mañana,-3,false,,VDP,"Valledupar, CES",39,,67,Ramal industrial,0,17,0,19,2
gas_interrupted_4,2023-04-15,7,Efigas,CE3206,true,true,BALLE,"Manaure, LAG",Tarde,-11,false,,MTR,"Montería, COR",28,,623,troncal norte,7,7,1,0,6
gas_interrupted_4,2023-04-16,1,Efigas,CE6380,true,false,JOBO,"Sahagún, COR",Noche,54,true,,MTR,"Montería, COR",8,,139,regional sur,0,1,1,2,3
gas_interrupted_4,2023-04-17,2,Gasnacer,CE7300,false,false,BALLE,"Manaure, LAG",Mañana,60,true,,BAQ,"Barranquilla, ATL",36,,477,Regional Sabanas,12,10,4,13,8
gas_interrupted_4,2023-04-18,3,Gasnacer,CE1791,false,false,JOBO,"Sahagún, COR",Noche,61,true,,BAQ,"Barranquilla, ATL",26,,225,ductos varios,3,3,0,12,9
gas_interrupted_4,2023-04-19,4,Gases de la Guajira,CE5155,true,true,JOBO,"Sahagún, COR",Mañana,27,true,,MAM,"Cartagena, BOL",43,,398,Ramal industrial,2,22,2,2,27
gas_interrupted_4,2023-04-20,5,Gases del Caribe,CE7551,true,false,BALLE,"Manaure, LAG",Madrugada,60,true,,RIO,"Riohacha, LAG",79,,138,Troncal principal,22,0,2,30,22
gas_interrupted_4,2023-04-21,6,Surtigas,CE0528,true,false,JOBO,"Sahagún, COR",Tarde,-12,false,,MTR,"Montería, COR",40,,363,Ramal industrial,4,0,8,25,4
gas_interrupted_4,2023-04-22,7,Efigas,CE4125,true,false,JOBO,"Sahagún, COR",Tarde,22,true,,MAM,"Cartagena, BOL",25,,76,ductos varios,15,0,3,9,0
gas_interrupted_4,2023-04-23,1,Gases del Caribe,CE2926,false,false,BALLE,"Manaure, LAG",Tarde,50,true,,STM,"Santa Marta, MAG",21,,381,Ramal industrial,0,5,1,0,18
gas_interrupted_4,2023-04-24,2,Gases del Caribe,CE1002,false,true,JOBO,"Sahagún, COR",Mañana,64,true,,CTG,"Cartagena, BOL",37,,402,troncal norte,16,0,21,5,5
gas_interrupted_4,2023-04-25,3,Gases de la Guajira,CE4534,true,false,JOBO,"Sahagún, COR",Madrugada,13,true,,SIN,"Sincelejo, SUC",25,,240,Regional Sabanas,8,3,5,0,1
gas_interrupted_4,2023-04-26,4,Gases del Caribe,CE0817,false,false,JOBO,"Sahagún, COR",Tarde,34,true,,STM,"Santa Marta, MAG",68,,616,Regional Sabanas,14,8,1,4,30
gas_interrupted_4,2023-04-27,5,Gases del Caribe,CE1727,true,false,BALLE,"Manaure, LAG",Tarde,5,true,,MTR,"Montería, COR",55,,173,Troncal principal,1,28,8,1,13
gas_interrupted_4,2023-04-28,6,Gases del Caribe,CE3651,true,false,BALLE,"Manaure, LAG",Mañana,46,true,,STM,"Santa Marta, MAG",80,,359,Ramal industrial,19,28,5,4,8
gas_interrupted_4,2023-04-29,7,Gases del Caribe,CE0878,false,false,BALLE,"Manaure, LAG",Madrugada,3,true,,RIO,"Riohacha, LAG",21,,617,Regional Sabanas,8,0,6,1,4
gas_interrupted_4,2023-04-30,1,Gases de la Guajira,CE5795,false,false,JOBO,"Sahagún, COR",Madrugada,57,true,,VDP,"Valledupar, CES",31,,148,RAMAL urbano,3,0,5,4,14
gas_interrupted_5,2023-05-01,2,Surtigas,CE1,true,true,JOBO,"Sahagún, COR",Mañana,26,true,,STM,"Santa Marta, MAG",6,,138,Ramal industrial,2,0,1,5,0
gas_interrupted_5,2023-05-02,3,Gasnacer,CE1843,true,false,BALLE,"Manaure, LAG",Tarde,-9,false,,RIO,"Riohacha, LAG",12,,164,RAMAL urbano,7,2,0,1,0
gas_interrupted_5,2023-05-03,4,Surtigas,CE4572,true,false,JOBO,"Sahagún, COR",Noche,57,true,,CTG,"Cartagena, BOL",24,,462,ductos varios,9,1,11,3,1
gas_interrupted_5,2023-05-04,5,Efigas,CE5330,true,false,JOBO,"Sahagún, COR",Mañana,-6,false,,SIN,"Sincelejo, SUC",47,,402,Regional Sabanas,0,11,8,9,12
gas_interrupted_5,2023-05-05,6,Gases de la Guajira,CE6447,false,true,BALLE,"Manaure, LAG",Mañana,5,true,,STM,"Santa Marta, MAG",79,,484,Ramal industrial,0,27,14,23,20
gas_interrupted_5,2023-05-06,7,Gases del Caribe,CE2254,false,false,BALLE,"Manaure, LAG",Noche,34,true,,RIO,"Riohacha, LAG",57,,482,regional sur,0,8,22,0,13
gas_interrupted_5,2023-05-07,1,Efigas,CE0258,false,false,BALLE,"Manaure, LAG",Noche,27,true,,RIO,"Riohacha, LAG",76,,187,Troncal principal,9,12,36,10,3
gas_interrupted_5,2023-05-08,2,Gases de la Guajira,CE4303,true,true,JOBO,"Sahagún, COR",Tarde,62,true,,CTG,"Cartagena, BOL",29,,374,troncal norte,0,2,27,3,8
gas_interrupted_5,2023-05-09,3,Gases de la Guajira,CE4637,false,false,BALLE,"Manaure, LAG",Noche,58,true,,SIN,"Sincelejo, SUC",80,,564,Troncal principal,33,19,7,2,8
gas_interrupted_5,2023-05-10,4,Surtigas,CE4050,false,false,BALLE,"Manaure, LAG",Mañana,41,true,,MTR,"Montería, COR",51,,215,troncal norte,2,16,23,5,3
gas_interrupted_5,2023-05-11,5,Gasnacer,CE1262,false,false,JOBO,"Sahagún, COR",Mañana,40,true,,BAQ,"Barranquilla, ATL",67,,61,ductos varios,13,12,8,7,21
gas_interrupted_5,2023-05-12,6,Efigas,CE7716,true,true,JOBO,"Sahagún, COR",Noche,3,true,,MTR,"Montería, COR",53,,611,Ramal industrial,9,20,30,9,5
gas_interrupted_5,2023-05-13,7,Efigas,CE9630,true,false,BALLE,"Manaure, LAG",Madrugada,11,true,,SIN,"Sincelejo, SUC",39,,559,RAMAL urbano,9,17,2,1,7
gas_interrupted_5,2023-05-14,1,Gases de la Guajira,CE5874,true,true,BALLE,"Manaure, LAG",Madrugada,21,true,,VDP,"Valledupar, CES",57,,158,Ramal industrial,0,4,17,17,23
gas_interrupted_5,2023-05-15,2,Gases de la Guajira,CE7280,true,false,BALLE,"Manaure, LAG",Madrugada,-2,false,,VDP,"Valledupar, CES",46,,561,Ramal industrial,2,0,3,21,11
gas_interrupted_5,2023-05-16,3,Gasnacer,CE3132,true,false,JOBO,"Sahagún, COR",Mañana,33,true,,VDP,"Valledupar, CES",92,,345,Ramal industrial,22,10,0,35,3
gas_interrupted_5,2023-05-17,4,Gasnacer,CE0870,true,false,JOBO,"Sahagún, COR",Madrugada,-2,false,,SIN,"Sincelejo, SUC",24,,486,Troncal principal,2,0,14,9,7
gas_interrupted_5,2023-05-18,5,Efigas,CE1443,true,false,JOBO,"Sahagún, COR",Madrugada,41,true,,CTG,"Cartagena, BOL",82,,260,regional sur,3,21,15,10,10
gas_interrupted_5,2023-05-19,6,Efigas,CE1479,true,false,BALLE,"Manaure, LAG",Madrugada,-8,false,,SIN,"Sincelejo, SUC",84,,412,Ramal industrial,12,2,2,25,23
gas_interrupted_5,2023-05-20,7,Gases de la Guajira,CE7671,true,false,JOBO,"Sahagún, COR",Madrugada,51,true,,MAM,"Cartagena, BOL",45,,98,Troncal principal,8,3,9,11,7
gas_interrupted_5,2023-05-21,1,Gases del Caribe,CE5198,true,false,BALLE,"Manaure, LAG",Noche,58,true,,MTR,"Montería, COR",58,,155,troncal norte,11,5,10,12,1
gas_interrupted_5,2023-05-22,2,Gases del Caribe,CE2135,true,false,JOBO,"Sahagún, COR",Mañana,28,true,,SIN,"Sincelejo, SUC",74,,303,regional sur,1,31,16,18,13
gas_interrupted_5,2023-05-23,3,Surtigas,CE5591,false,false,JOBO,"Sahagún, COR",Tarde,10,true,,MTR,"Montería, COR",12,,638,RAMAL urbano,2,3,3,0,1
gas_interrupted_5,2023-05-24,4,Gases de la Guajira,CE9428,true,false,JOBO,"Sahagún, COR",Tarde,55,true,,BAQ,"Barranquilla, ATL",58,,481,Troncal principal,0,20,7,27,2
gas_interrupted_5,2023-05-25,5,Surtigas,CE9457,true,false,BALLE,"Manaure, LAG",Mañana,42,true,,RIO,"Riohacha, LAG",35,,470,RAMAL urbano,2,0,17,23,4
gas_interrupted_5,2023-05-26,6,Efigas,CE3435,true,false,JOBO,"Sahagún, COR",Tarde,7,true,,MAM,"Cartagena, BOL",28,,645,Regional Sabanas,10,7,1,2,0
gas_interrupted_5,2023-05-27,7,Efigas,CE4272,true,true,JOBO,"Sahagún, COR",Madrugada,36,true,,VDP,"Valledupar, CES",39,,581,Ramal industrial,9,0,2,19,1
gas_interrupted_5,2023-05-28,1,Surtigas,CE1124,true,false,JOBO,"Sahagún, COR",Madrugada,4,true,,CTG,"Cartagena, BOL",40,,90,regional sur,2,0,36,2,16
gas_interrupted_5,2023-05-29,2,Gases del Caribe,CE0660,false,false,BALLE,"Manaure, LAG",Madrugada,28,true,,BAQ,"Barranquilla, ATL",55,,235,troncal norte,1,11,22,5,19
gas_interrupted_5,2023-05-30,3,Gases de la Guajira,CE7083,true,true,BALLE,"Manaure, LAG",Madrugada,11,true,,STM,"Santa Marta, MAG",65,,365,troncal norte,1,14,22,12,0
gas_interrupted_5,2023-05-31,4,Gases del Caribe,CE4408,true,false,JOBO,"Sahagún, COR",Madrugada,59,true,,MTR,"Montería, COR",43,,427,troncal norte,5,9,2,1,23
gas_interrupted_6,2023-06-01,5,Gases del Caribe,CE6437,false,false,JOBO,"Sahagún, COR",Mañana,28,true,,BAQ,"Barranquilla, ATL",54,,103,Regional Sabanas,0,13,2,17,11
gas_interrupted_6,2023-06-02,6,Gases del Caribe,CE1290,true,false,BALLE,"Manaure, LAG",Tarde,12,true,,BAQ,"Barranquilla, ATL",31,,155,Troncal principal,7,16,2,13,3
gas_interrupted_6,2023-06-03,7,Gases de la Guajira,CE1,false,false,BALLE,"Manaure, LAG",Madrugada,-9,false,,MTR,"Montería, COR",60,,171,RAMAL urbano,1,9,24,2,5
gas_interrupted_6,2023-06-04,1,Surtigas,CE9964,true,false,JOBO,"Sahagún, COR",Tarde,-12,false,,RIO,"Riohacha, LAG",16,,113,Ramal industrial,1,3,0,5,2
gas_interrupted_6,2023-06-05,2,Efigas,CE1244,false,true,BALLE,"Manaure, LAG",Mañana,-6,false,,MTR,"Montería, COR",56,,653,ductos varios,14,7,11,24,0
gas_interrupted_6,2023-06-06,3,Gases del Caribe,CE1,true,false,JOBO,"Sahagún, COR",Tarde,36,true,,MTR,"Montería, COR",40,,465,Troncal principal,3,2,4,5,23
gas_interrupted_6,2023-06-07,4,Efigas,CE8876,true,false,JOBO,"Sahagún, COR",Noche,2,true,,MAM,"Cartagena, BOL",30,,414,ductos varios,2,11,1,1,14
gas_interrupted_6,2023-06-08,5,Gasnacer,CE1920,false,false,BALLE,"Manaure, LAG",Tarde,55,true,,RIO,"Riohacha, LAG",54,,343,Ramal industrial,1,18,19,5,0
gas_interrupted_6,2023-06-09,6,Gasnacer,CE2517,false,false,JOBO,"Sahagún, COR",Noche,21,true,,MTR,"Montería, COR",61,,400,Ramal industrial,3,17,10,2,9
gas_interrupted_6,2023-06-10,7,Efigas,CE8733,true,false,JOBO,"Sahagún, COR",Noche,64,true,,CTG,"Cartagena, BOL",54,,114,RAMAL urbano,0,6,2,17,12
gas_interrupted_6,2023-06-11,1,Efigas,CE8419,true,true,BALLE,"Manaure, LAG",Madrugada,12,true,,RIO,"Riohacha, LAG",28,,332,ductos varios,0,3,1,6,24
gas_interrupted_6,2023-06-12,2,Gases del Caribe,CE1147,false,true,BALLE,"Manaure, LAG",Tarde,47,true,,BAQ,"Barranquilla, ATL",25,,476,troncal norte,5,2,19,0,2
gas_interrupted_6,2023-06-13,3,Surtigas,CE6348,false,false,BALLE,"Manaure, LAG",Tarde,30,true,,CTG,"Cartagena, BOL",57,,594,ductos varios,4,0,26,8,3
gas_interrupted_6,2023-06-14,4,Efigas,CE2552,true,false,BALLE,"Manaure, LAG",Mañana,36,true,,SIN,"Sincelejo, SUC",43,,88,Ramal industrial,11,2,7,26,3
gas_interrupted_6,2023-06-15,5,Surtigas,CE5423,true,true,BALLE,"Manaure, LAG",Tarde,33,true,,RIO,"Riohacha, LAG",25,,569,ductos varios,6,2,7,3,3
gas_interrupted_6,2023-06-16,6,Gasnacer,CE4888,true,true,BALLE,"Manaure, LAG",Mañana,27,true,,SIN,"Sincelejo, SUC",14,,252,ductos varios,4,2,1,0,4
gas_interrupted_6,2023-06-17,7,Gasnacer,CE5504,true,false,JOBO,"Sahagún, COR",Tarde,34,true,,MAM,"Cartagena, BOL",93,,316,regional sur,0,6,28,0,32
gas_interrupted_6,2023-06-18,1,Gases del Caribe,CE2923,false,false,JOBO,"Sahagún, COR",Mañana,56,true,,RIO,"Riohacha, LAG",73,,636,Ramal industrial,31,0,14,1,13
gas_interrupted_6,2023-06-19,2,Gasnacer,CE6572,true,true,BALLE,"Manaure, LAG",Noche,36,true,,STM,"Santa Marta, MAG",55,,620,ductos varios,21,0,7,12,0
gas_interrupted_6,2023-06-20,3,Gases de la Guajira,CE9802,false,false,BALLE,"Manaure, LAG",Madrugada,-15,false,,STM,"Santa Marta, MAG",97,,467,RAMAL urbano,7,6,21,36,19
gas_interrupted_6,2023-06-21,4,Gases de la Guajira,CE8716,true,false,JOBO,"Sahagún, COR",Tarde,51,true,,MTR,"Montería, COR",92,,71,Ramal industrial,9,21,24,10,0
gas_interrupted_6,2023-06-22,5,Gases de la Guajira,CE1849,false,false,JOBO,"Sahagún, COR",Mañana,27,true,,CTG,"Cartagena, BOL",63,,347,RAMAL urbano,1,29,12,1,1
gas_interrupted_6,2023-06-23,6,Surtigas,CE7099,false,false,JOBO,"Sahagún, COR",Tarde,52,true,,VDP,"Valledupar, CES",31,,314,regional sur,2,0,6,25,2
gas_interrupted_6,2023-06-24,7,Gasnacer,CE8486,false,false,JOBO,"Sahagún, COR",Madrugada,-5,false,,RIO,"Riohacha, LAG",38,,332,Ramal industrial,19,1,22,1,8
gas_interrupted_6,2023-06-25,1,Gases del Caribe,CE2670,true,true,JOBO,"Sahagún, COR",Madrugada,12,true,,STM,"Santa Marta, MAG",36,,194,Regional Sabanas,4,17,16,0,6
gas_interrupted_6,2023-06-26,2,Gases de la Guajira,CE9440,false,true,JOBO,"Sahagún, COR",Madrugada,62,true,,STM,"Santa Marta, MAG",115,,186,Ramal industrial,22,27,34,5,5
gas_interrupted_6,2023-06-27,3,Gasnacer,CE9376,true,true,JOBO,"Sahagún, COR",Noche,32,true,,STM,"Santa Marta, MAG",71,,637,ductos varios,12,8,13,2,16
gas_interrupted_6,2023-06-28,4,Gasnacer,CE5616,true,false,JOBO,"Sahagún, COR",Madrugada,53,true,,CTG,"Cartagena, BOL",48,,503,regional sur,4,3,3,0,31
gas_interrupted_6,2023-06-29,5,Efigas,CE4896,true,false,BALLE,"Manaure, LAG",Madrugada,50,true,,STM,"Santa Marta, MAG",55,,458,Troncal principal,3,24,17,19,2
gas_interrupted_6,2023-06-30,6,Surtigas,CE9137,true,false,JOBO,"Sahagún, COR",Mañana,-7,false,,VDP,"Valledupar, CES",51,,280,Regional Sabanas,3,4,9,9,20
gas_interrupted_7,2023-07-01,7,Efigas,CE4522,true,false,BALLE,"Manaure, LAG",Noche,48,true,,MTR,"Montería, COR",42,,249,RAMAL urbano,0,0,9,31,2
gas_interrupted_7,2023-07-02,1,Gases de la Guajira,CE2779,true,false,BALLE,"Manaure, LAG",Tarde,18,true,,BAQ,"Barranquilla, ATL",39,,154,Ramal industrial,0,5,4,1,16
gas_interrupted_7,2023-07-03,2,Gases del Caribe,CE1242,true,false,JOBO,"Sahagún, COR",Madrugada,5,true,,STM,"Santa Marta, MAG",45,,310,RAMAL urbano,33,4,9,6,5
gas_interrupted_7,2023-07-04,3,Efigas,CE4743,false,true,JOBO,"Sahagún, COR",Noche,42,true,,CTG,"Cartagena, BOL",42,,243,Troncal principal,21,4,7,0,2
gas_interrupted_7,2023-07-05,4,Gases de la Guajira,CE2524,false,false,JOBO,"Sahagún, COR",Tarde,12,true,,MAM,"Cartagena, BOL",43,,325,RAMAL urbano,0,2,17,13,0
gas_interrupted_7,2023-07-06,5,Gasnacer,CE5376,true,true,JOBO,"Sahagún, COR",Mañana,10,true,,VDP,"Valledupar, CES",14,,460,Ramal industrial,0,11,4,0,2
gas_interrupted_7,2023-07-07,6,Efigas,CE6329,true,false,BALLE,"Manaure, LAG",Mañana,-2,false,,BAQ,"Barranquilla, ATL",43,,489,RAMAL urbano,19,5,12,16,0
gas_interrupted_7,2023-07-08,7,Gasnacer,CE5868,false,false,JOBO,"Sahagún, COR",Noche,-6,false,,SIN,"Sincelejo, SUC",55,,572,ductos varios,5,1,22,2,7
gas_interrupted_7,2023-07-09,1,Efigas,CE7961,true,false,JOBO,"Sahagún, COR",Madrugada,63,true,,VDP,"Valledupar, CES",47,,411,RAMAL urbano,16,8,1,20,2
gas_interrupted_7,2023-07-10,2,Surtigas,CE0179,true,true,JOBO,"Sahagún, COR",Madrugada,64,true,,STM,"Santa Marta, MAG",53,,431,Regional Sabanas,0,18,12,4,6
gas_interrupted_7,2023-07-11,3,Gases de la Guajira,CE9012,true,false,BALLE,"Manaure, LAG",Noche,2,true,,STM,"Santa Marta, MAG",70,,540,Ramal industrial,0,26,16,2,10
gas_interrupted_7,2023-07-12,4,Gasnacer,CE3776,true,true,BALLE,"Manaure, LAG",Mañana,11,true,,CTG,"Cartagena, BOL",58,,74,Ramal industrial,3,0,34,17,7
gas_interrupted_7,2023-07-13,5,Gases del Caribe,CE7526,true,true,BALLE,"Manaure, LAG",Tarde,-9,false,,MTR,"Montería, COR",37,,540,Ramal industrial,9,12,12,10,0
gas_interrupted_7,2023-07-14,6,Surtigas,CE6376,true,true,JOBO,"Sahagún, COR",Tarde,11,true,,MAM,"Cartagena, BOL",29,,630,ductos varios,9,0,2,11,1
gas_interrupted_7,2023-07-15,7,Gasnacer,CE0483,false,false,BALLE,"Manaure, LAG",Tarde,4,true,,SIN,"Sincelejo, SUC",60,,619,Ramal industrial,1,17,8,24,3
gas_interrupted_7,2023-07-16,1,Efigas,CE7014,false,true,JOBO,"Sahagún, COR",Noche,63,true,,CTG,"Cartagena, BOL",53,,582,Ramal industrial,6,11,6,8,22
gas_interrupted_7,2023-07-17,2,Gasnacer,CE2033,true,false,JOBO,"Sahagún, COR",Noche,29,true,,RIO,"Riohacha, LAG",43,,512,regional sur,0,0,22,1,6
gas_interrupted_7,2023-07-18,3,Surtigas,CE8975,false,false,BALLE,"Manaure, LAG",Mañana,13,true,,SIN,"Sincelejo, SUC",90,,70,troncal norte,4,8,4,19,29
gas_interrupted_7,2023-07-19,4,Surtigas,CE6019,true,false,BALLE,"Manaure, LAG",Madrugada,58,true,,VDP,"Valledupar, CES",11,,366,Troncal principal,1,3,2,7,0
gas_interrupted_7,2023-07-20,5,Efigas,CE1645,true,true,JOBO,"Sahagún, COR",Madrugada,52,true,,VDP,"Valledupar, CES",44,,159,Regional Sabanas,12,2,8,0,9
gas_interrupted_7,2023-07-21,6,Gasnacer,CE1582,true,true,JOBO,"Sahagún, COR",Noche,15,true,,RIO,"Riohacha, LAG",44,,162,Troncal principal,5,0,31,6,19
gas_interrupted_7,2023-07-22,7,Gases del Caribe,CE6215,false,false,BALLE,"Manaure, LAG",Mañana,32,true,,STM,"Santa Marta, MAG",80,,201,RAMAL urbano,11,7,23,13,0
gas_interrupted_7,2023-07-23,1,Gases de la Guajira,CE1025,false,false,JOBO,"Sahagún, COR",Tarde,48,true,,STM,"Santa Marta, MAG",56,,77,troncal norte,8,26,17,3,3
gas_interrupted_7,2023-07-24,2,Gases del Caribe,CE2875,true,false,JOBO,"Sahagún, COR",Noche,44,true,,VDP,"Valledupar, CES",39,,573,RAMAL urbano,16,9,11,1,10
gas_interrupted_7,2023-07-25,3,Gasnacer,CE4676,true,false,JOBO,"Sahagún, COR",Mañana,3,true,,MTR,"Montería, COR",27,,657,ductos varios,4,0,5,6,3
gas_interrupted_7,2023-07-26,4,Efigas,CE1267,true,false,BALLE,"Manaure, LAG",Madrugada,17,true,,RIO,"Riohacha, LAG",68,,246,ductos varios,10,3,5,25,4
gas_interrupted_7,2023-07-27,5,Gases de la Guajira,CE4676,true,false,BALLE,"Manaure, LAG",Noche,38,true,,VDP,"Valledupar, CES",91,,267,troncal norte,13,28,22,3,18
gas_interrupted_7,2023-07-28,6,Efigas,CE7589,true,true,JOBO,"Sahagún, COR",Noche,60,true,,BAQ,"Barranquilla, ATL",68,,429,Troncal principal,23,20,13,3,12
gas_interrupted_7,2023-07-29,7,Gasnacer,CE1118,true,false,JOBO,"Sahagún, COR",Noche,2,true,,VDP,"Valledupar, CES",132,,234,troncal norte,16,36,18,21,0
gas_interrupted_7,2023-07-30,1,Efigas,CE1909,false,false,JOBO,"Sahagún, COR",Madrugada,48,true,,MTR,"Montería, COR",33,,349,Regional Sabanas,11,14,5,5,2
gas_interrupted_7,2023-07-31,2,Gasnacer,CE0276,false,true,BALLE,"Manaure, LAG",Madrugada,14,true,,RIO,"Riohacha, LAG",55,,213,Regional Sabanas,5,21,3,7,19
gas_interrupted_8,2023-08-01,3,Gases del Caribe,CE6623,true,false,,"Manaure, LAG",Noche,37,true,,MAM,"Cartagena, BOL",37,,545,regional sur,2,9,9,24,0
gas_interrupted_8,2023-08-02,4,Gasnacer,CE8515,true,false,JOBO,"Sahagún, COR",Tarde,-7,false,,CTG,"Cartagena, BOL",38,,502,Troncal principal,8,11,13,1,4
gas_interrupted_8,2023-08-03,5,Gases del Caribe,CE9654,true,false,JOBO,"Sahagún, COR",Madrugada,1,true,,BAQ,"Barranquilla, ATL",93,,425,RAMAL urbano,34,16,0,12,6
gas_interrupted_8,2023-08-04,6,Gases de la Guajira,CE8543,true,false,BALLE,"Manaure, LAG",Madrugada,-5,false,,MTR,"Montería, COR",67,,443,Regional Sabanas,1,19,22,7,1
gas_interrupted_8,2023-08-05,7,Surtigas,CE4960,false,true,JOBO,"Sahagún, COR",Mañana,-2,false,,MTR,"Montería, COR",102,,81,ductos varios,30,26,14,18,0
gas_interrupted_8,2023-08-06,1,Gases de la Guajira,CE4062,true,true,BALLE,"Manaure, LAG",Noche,26,true,,MAM,"Cartagena, BOL",15,,321,Regional Sabanas,2,4,4,6,4
gas_interrupted_8,2023-08-07,2,Gasnacer,CE0568,true,false,BALLE,"Manaure, LAG",Madrugada,43,true,,SIN,"Sincelejo, SUC",36,,217,Ramal industrial,2,11,3,8,6
gas_interrupted_8,2023-08-08,3,Surtigas,CE6047,true,false,BALLE,"Manaure, LAG",Tarde,51,true,,RIO,"Riohacha, LAG",71,,502,regional sur,1,14,5,25,24
gas_interrupted_8,2023-08-09,4,Efigas,CE4103,false,true,BALLE,"Manaure, LAG",Madrugada,46,true,,MAM,"Cartagena, BOL",36,,463,Ramal industrial,13,7,2,14,1
gas_interrupted_8,2023-08-10,5,Efigas,CE7814,true,false,BALLE,"Manaure, LAG",Tarde,3,true,,MTR,"Montería, COR",31,,550,regional sur,13,13,5,2,2
gas_interrupted_8,2023-08-11,6,Gases de la Guajira,CE3179,false,false,JOBO,"Sahagún, COR",Tarde,56,true,,BAQ,"Barranquilla, ATL",38,,531,RAMAL urbano,0,7,0,22,13
gas_interrupted_8,2023-08-12,7,Surtigas,CE1272,false,false,BALLE,"Manaure, LAG",Mañana,48,true,,STM,"Santa Marta, MAG",92,,335,Ramal industrial,23,22,5,12,5
gas_interrupted_8,2023-08-13,1,Surtigas,CE4626,false,false,JOBO,"Sahagún, COR",Mañana,20,true,,SIN,"Sincelejo, SUC",42,,577,ductos varios,17,0,4,11,17
gas_interrupted_8,2023-08-14,2,Gasnacer,CE1475,true,false,BALLE,"Manaure, LAG",Noche,1,true,,SIN,"Sincelejo, SUC",51,,501,troncal norte,21,5,0,0,13
gas_interrupted_8,2023-08-15,3,Gasnacer,CE8608,true,true,BALLE,"Manaure, LAG",Noche,40,true,,VDP,"Valledupar, CES",38,,624,RAMAL urbano,8,0,16,0,9
gas_interrupted_8,2023-08-16,4,Surtigas,CE3252,false,true,BALLE,"Manaure, LAG",Noche,31,true,,MAM,"Cartagena, BOL",55,,426,Regional Sabanas,2,0,17,17,15
gas_interrupted_8,2023-08-17,5,Gases de la Guajira,CE3554,false,false,BALLE,"Manaure, LAG",Madrugada,18,true,,RIO,"Riohacha, LAG",73,,625,Ramal industrial,9,29,2,1,25
gas_interrupted_8,2023-08-18,6,Gases de la Guajira,CE2313,true,false,JOBO,"Sahagún, COR",Madrugada,23,true,,CTG,"Cartagena, BOL",41,,144,Ramal industrial,0,7,1,9,24
gas_interrupted_8,2023-08-19,7,Gases del Caribe,CE7510,true,true,BALLE,"Manaure, LAG",Noche,3,true,,BAQ,"Barranquilla, ATL",111,,651,regional sur,2,29,3,39,7
gas_interrupted_8,2023-08-20,1,Gases de la Guajira,CE7524,false,false,JOBO,"Sahagún, COR",Mañana,35,true,,MAM,"Cartagena, BOL",47,,278,ductos varios,10,19,4,15,5
gas_interrupted_8,2023-08-21,2,Surtigas,CE4754,true,true,BALLE,"Manaure, LAG",Tarde,-6,false,,MTR,"Montería, COR",49,,582,regional sur,2,11,24,19,2
gas_interrupted_8,2023-08-22,3,Surtigas,CE3533,true,true,JOBO,"Sahagún, COR",Noche,-10,false,,SIN,"Sincelejo, SUC",72,,390,Regional Sabanas,25,17,12,4,7
gas_interrupted_8,2023-08-23,4,Gases de la Guajira,CE4421,true,false,JOBO,"Sahagún, COR",Mañana,18,true,,MTR,"Montería, COR",47,,140,ductos varios,1,16,25,3,0
gas_interrupted_8,2023-08-24,5,Gases del Caribe,CE5926,false,true,JOBO,"Sahagún, COR",Mañana,35,true,,STM,"Santa Marta, MAG",24,,461,Ramal industrial,0,10,3,0,7
gas_interrupted_8,2023-08-25,6,Gases de la Guajira,CE5136,false,false,BALLE,"Manaure, LAG",Noche,46,true,,CTG,"Cartagena, BOL",26,,593,Ramal industrial,8,1,10,3,4
gas_interrupted_8,2023-08-26,7,Gases de la Guajira,CE1217,true,true,BALLE,"Manaure, LAG",Tarde,19,true,,RIO,"Riohacha, LAG",14,,105,Troncal principal,7,0,3,0,1
gas_interrupted_8,2023-08-27,1,Gases de la Guajira,CE1191,true,false,BALLE,"Manaure, LAG",Noche,49,true,,BAQ,"Barranquilla, ATL",55,,485,ductos varios,11,10,17,6,8
gas_interrupted_8,2023-08-28,2,Gasnacer,CE4459,false,false,JOBO,"Sahagún, COR",Madrugada,26,true,,MTR,"Montería, COR",39,,567,ductos varios,5,6,8,18,1
gas_interrupted_8,2023-08-29,3,Surtigas,CE8209,true,false,JOBO,"Sahagún, COR",Madrugada,13,true,,VDP,"Valledupar, CES",14,,597,RAMAL urbano,9,0,5,0,4
gas_interrupted_8,2023-08-30,4,Surtigas,CE6418,false,false,BALLE,"Manaure, LAG",Madrugada,9,true,,BAQ,"Barranquilla, ATL",25,,136,RAMAL urbano,4,0,20,4,0
gas_interrupted_8,2023-08-31,5,Gases del Caribe,CE7635,false,false,JOBO,"Sahagún, COR",Noche,12,true,,SIN,"Sincelejo, SUC",21,,87,Ramal industrial,4,13,0,0,0
gas_interrupted_9,2023-09-01,6,Surtigas,CE7955,true,false,BALLE,"Manaure, LAG",Tarde,0,false,,CTG,"Cartagena, BOL",44,,281,Regional Sabanas,0,1,35,0,18
gas_interrupted_9,2023-09-02,7,Gases del Caribe,CE8899,false,false,BALLE,"Manaure, LAG",Noche,43,true,,MAM,"Cartagena, BOL",22,,562,regional sur,0,9,0,7,1
gas_interrupted_9,2023-09-03,1,Gasnacer,CE6864,true,false,JOBO,"Sahagún, COR",Madrugada,48,true,,CTG,"Cartagena, BOL",22,,107,Ramal industrial,0,15,10,0,1
gas_interrupted_9,2023-09-04,2,Gases de la Guajira,CE9209,false,false,BALLE,"Manaure, LAG",Mañana,39,true,,CTG,"Cartagena, BOL",52,,615,Ramal industrial,7,5,13,16,8
gas_interrupted_9,2023-09-05,3,Efigas,CE1152,false,true,BALLE,"Manaure, LAG",Tarde,45,true,,MTR,"Montería, COR",53,,508,Regional Sabanas,5,12,5,2,32
gas_interrupted_9,2023-09-06,4,Surtigas,CE6895,false,false,JOBO,"Sahagún, COR",Mañana,23,true,,VDP,"Valledupar, CES",51,,81,Troncal principal,5,9,17,2,1
gas_interrupted_9,2023-09-07,5,Gasnacer,CE4727,false,true,BALLE,"Manaure, LAG",Noche,-3,false,,MTR,"Montería, COR",22,,164,Troncal principal,1,6,1,16,0
gas_interrupted_9,2023-09-08,6,Gases de la Guajira,CE7143,true,false,JOBO,"Sahagún, COR",Mañana,60,true,,SIN,"Sincelejo, SUC",51,,242,Troncal principal,3,33,7,2,16
gas_interrupted_9,2023-09-09,7,Efigas,CE8602,true,false,BALLE,"Manaure, LAG",Noche,38,true,,CTG,"Cartagena, BOL",53,,290,ductos varios,9,10,10,0,13
gas_interrupted_9,2023-09-10,1,Gases del Caribe,CE8333,false,false,BALLE,"Manaure, LAG",Noche,6,true,,VDP,"Valledupar, CES",27,,639,RAMAL urbano,3,0,7,14,5
gas_interrupted_9,2023-09-11,2,Efigas,CE5457,false,true,BALLE,"Manaure, LAG",Noche,59,true,,STM,"Santa Marta, MAG",14,,629,Regional Sabanas,0,2,8,3,1
gas_interrupted_9,2023-09-12,3,Efigas,CE3944,false,false,BALLE,"Manaure, LAG",Madrugada,8,true,,CTG,"Cartagena, BOL",69,,615,RAMAL urbano,3,14,20,0,17
gas_interrupted_9,2023-09-13,4,Gases del Caribe,CE1415,true,true,JOBO,"Sahagún, COR",Madrugada,18,true,,STM,"Santa Marta, MAG",60,,599,Ramal industrial,16,2,7,16,5
gas_interrupted_9,2023-09-14,5,Gases del Caribe,CE5594,true,true,JOBO,"Sahagún, COR",Madrugada,31,true,,RIO,"Riohacha, LAG",66,,272,regional sur,17,10,2,17,29
gas_interrupted_9,2023-09-15,6,Gasnacer,CE3452,true,false,JOBO,"Sahagún, COR",Tarde,48,true,,SIN,"Sincelejo, SUC",74,,167,ductos varios,20,1,20,8,5
gas_interrupted_9,2023-09-16,7,Surtigas,CE1370,false,false,JOBO,"Sahagún, COR",Mañana,30,true,,RIO,"Riohacha, LAG",46,,279,ductos varios,20,18,2,7,4
gas_interrupted_9,2023-09-17,1,Gases del Caribe,CE6342,false,false,BALLE,"Manaure, LAG",Tarde,29,true,,STM,"Santa Marta, MAG",98,,363,troncal norte,5,12,14,16,20
gas_interrupted_9,2023-09-18,2,Efigas,CE7229,true,false,JOBO,"Sahagún, COR",Mañana,42,true,,STM,"Santa Marta, MAG",88,,544,Ramal industrial,10,27,21,1,0
gas_interrupted_9,2023-09-19,3,Gasnacer,CE2454,false,true,JOBO,"Sahagún, COR",Madrugada,17,true,,MTR,"Montería, COR",4,,100,troncal norte,0,0,3,2,0
gas_interrupted_9,2023-09-20,4,Surtigas,CE5574,true,false,BALLE,"Manaure, LAG",Mañana,20,true,,SIN,"Sincelejo, SUC",38,,470,Regional Sabanas,1,12,13,1,1
gas_interrupted_9,2023-09-21,5,Surtigas,CE0476,false,false,BALLE,"Manaure, LAG",Tarde,-4,false,,STM,"Santa Marta, MAG",98,,473,Troncal principal,32,5,24,6,1
gas_interrupted_9,2023-09-22,null,Surtigas,CE1564,true,false,JOBO,"Sahagún, COR",Tarde,43,true,,STM,"Santa Marta, MAG",48,,629,troncal norte,32,0,20,0,8
gas_interrupted_9,2023-09-23,7,Surtigas,CE0249,true,true,BALLE,"Manaure, LAG",Noche,64,true,,SIN,"Sincelejo, SUC",86,,293,ductos varios,31,2,19,32,0
gas_interrupted_9,2023-09-24,1,Gases de la Guajira,CE0855,true,true,BALLE,"Manaure, LAG",Noche,-14,false,,BAQ,"Barranquilla, ATL",51,,578,troncal norte,16,11,4,7,2
gas_interrupted_9,2023-09-25,2,Gasnacer,CE5450,true,false,JOBO,"Sahagún, COR",Mañana,15,true,,BAQ,"Barranquilla, ATL",45,,524,regional sur,0,4,29,1,6
gas_interrupted_9,2023-09-26,3,Gasnacer,CE3669,true,true,JOBO,"Sahagún, COR",Madrugada,58,true,,STM,"Santa Marta, MAG",81,,525,Regional Sabanas,12,20,30,19,3
gas_interrupted_9,2023-09-27,4,Gases del Caribe,CE3842,false,false,JOBO,"Sahagún, COR",Madrugada,-3,false,,STM,"Santa Marta, MAG",30,,472,RAMAL urbano,7,14,2,11,1
gas_interrupted_9,2023-09-28,5,Efigas,CE4848,false,false,BALLE,"Manaure, LAG",Madrugada,-9,false,,BAQ,"Barranquilla, ATL",33,,556,troncal norte,11,1,8,19,8
gas_interrupted_9,2023-09-29,6,Gases del Caribe,CE7076,false,true,BALLE,"Manaure, LAG",Mañana,23,true,,MAM,"Cartagena, BOL",60,,435,regional sur,3,12,11,3,18
gas_interrupted_9,2023-09-30,7,Surtigas,CE8508,true,false,BALLE,"Manaure, LAG",Mañana,13,true,,CTG,"Cartagena, BOL",69,,482,Regional Sabanas,0,1,26,8,20
gas_interrupted_10,2023-10-01,1,Gases del Caribe,CE0099,true,false,BALLE,"Manaure, LAG",Tarde,23,true,,MTR,"Montería, COR",45,,500,ductos varios,8,2,22,4,13
gas_interrupted_10,2023-10-02,2,Gases de la Guajira,CE0918,true,false,JOBO,"Sahagún, COR",Tarde,15,true,,MTR,"Montería, COR",71,,189,Troncal principal,16,16,27,6,14
gas_interrupted_10,2023-10-03,3,Gases del Caribe,CE6615,true,false,JOBO,"Sahagún, COR",Noche,63,true,,MTR,"Montería, COR",48,,94,Ramal industrial,12,6,21,13,0
gas_interrupted_10,2023-10-04,4,Gases del Caribe,CE9219,true,false,BALLE,"Manaure, LAG",Tarde,16,true,,MTR,"Montería, COR",66,,576,RAMAL urbano,1,5,11,6,28
gas_interrupted_10,2023-10-05,5,Efigas,CE6362,true,false,JOBO,"Sahagún, COR",Mañana,-6,false,,BAQ,"Barranquilla, ATL",29,,585,troncal norte,2,12,3,17,2
gas_interrupted_10,2023-10-06,6,Gases del Caribe,CE8444,true,true,JOBO,"Sahagún, COR",Madrugada,33,true,,VDP,"Valledupar, CES",64,,616,troncal norte,33,14,5,6,15
gas_interrupted_10,2023-10-07,7,Surtigas,CE2018,true,false,BALLE,"Manaure, LAG",Mañana,59,true,,BAQ,"Barranquilla, ATL",63,,196,regional sur,12,8,34,4,6
gas_interrupted_10,2023-10-08,1,Gases de la Guajira,CE1,true,false,JOBO,"Sahagún, COR",Mañana,49,true,,CTG,"Cartagena, BOL",66,,458,Regional Sabanas,0,21,20,0,22
gas_interrupted_10,2023-10-09,2,Efigas,CE4369,true,false,JOBO,"Sahagún, COR",Tarde,50,true,,SIN,"Sincelejo, SUC",35,,533,Troncal principal,1,0,19,12,8
gas_interrupted_10,2023-10-10,3,Surtigas,CE4550,true,false,JOBO,"Sahagún, COR",Noche,49,true,,VDP,"Valledupar, CES",58,,188,troncal norte,23,0,2,19,9
gas_interrupted_10,2023-10-11,4,Gasnacer,CE9253,false,false,BALLE,"Manaure, LAG",Mañana,38,true,,RIO,"Riohacha, LAG",60,,494,RAMAL urbano,12,0,9,2,21
gas_interrupted_10,2023-10-12,5,Surtigas,CE5465,true,true,BALLE,"Manaure, LAG",Mañana,17,true,,CTG,"Cartagena, BOL",22,,503,troncal norte,9,0,13,1,3
gas_interrupted_10,2023-10-13,6,Efigas,CE7658,true,false,JOBO,"Sahagún, COR",Madrugada,-11,false,,CTG,"Cartagena, BOL",63,,210,RAMAL urbano,20,28,0,13,2
gas_interrupted_10,2023-10-14,7,Gasnacer,CE2356,true,false,JOBO,"Sahagún, COR",Noche,47,true,,RIO,"Riohacha, LAG",79,,362,ductos varios,18,9,4,30,9
gas_interrupted_10,2023-10-15,1,Gases de la Guajira,CE6413,true,false,JOBO,"Sahagún, COR",Tarde,1,true,,BAQ,"Barranquilla, ATL",72,,473,Regional Sabanas,1,7,5,14,23
gas_interrupted_10,2023-10-16,2,Gases del Caribe,CE5895,true,false,BALLE,"Manaure, LAG",Tarde,26,true,,CTG,"Cartagena, BOL",74,,535,Regional Sabanas,1,15,22,23,1
gas_interrupted_10,2023-10-17,3,Surtigas,CE0784,true,true,JOBO,"Sahagún, COR",Noche,16,true,,BAQ,"Barranquilla, ATL",103,,91,Regional Sabanas,6,24,4,26,23
gas_interrupted_10,2023-10-18,4,Gases del Caribe,CE2569,false,false,JOBO,"Sahagún, COR",Noche,3,true,,,"Montería, COR",76,,71,Troncal principal,11,6,3,28,8
gas_interrupted_10,2023-10-19,5,Surtigas,CE1719,true,false,JOBO,"Sahagún, COR",Tarde,60,true,,MTR,"Montería, COR",99,,122,troncal norte,5,29,21,17,7
gas_interrupted_10,2023-10-20,6,Gases de la Guajira,CE3078,false,false,JOBO,"Sahagún, COR",Tarde,-13,false,,BAQ,"Barranquilla, ATL",60,,376,troncal norte,10,18,3,4,18
gas_interrupted_10,2023-10-21,7,Gases de la Guajira,CE6497,true,true,BALLE,"Manaure, LAG",Mañana,4,true,,VDP,"Valledupar, CES",70,,418,Regional Sabanas,3,19,3,5,25
gas_interrupted_10,2023-10-22,1,Gasnacer,CE5936,true,false,BALLE,"Manaure, LAG",Tarde,60,true,,RIO,"Riohacha, LAG",21,,244,ductos varios,2,0,14,6,3
gas_interrupted_10,2023-10-23,2,Surtigas,CE1,false,false,BALLE,"Manaure, LAG",Noche,27,true,,STM,"Santa Marta, MAG",38,,118,ductos varios,2,1,3,19,1
gas_interrupted_10,2023-10-24,3,Gasnacer,CE6006,false,false,JOBO,"Sahagún, COR",Madrugada,8,true,,RIO,"Riohacha, LAG",68,,632,ductos varios,8,27,16,1,5
gas_interrupted_10,2023-10-25,4,Gases de la Guajira,CE0207,true,false,BALLE,"Manaure, LAG",Noche,31,true,,MAM,"Cartagena, BOL",25,,368,Ramal industrial,3,6,0,7,10
gas_interrupted_10,2023-10-26,5,Efigas,CE9541,true,false,BALLE,"Manaure, LAG",Tarde,-1,false,,SIN,"Sincelejo, SUC",84,,533,regional sur,0,22,18,8,25
gas_interrupted_10,2023-10-27,6,Gases del Caribe,CE9023,true,false,JOBO,"Sahagún, COR",Mañana,7,true,,MTR,"Montería, COR",92,,482,regional sur,15,2,0,30,19
gas_interrupted_10,2023-10-28,7,Surtigas,CE7785,true,true,JOBO,"Sahagún, COR",Tarde,29,true,,BAQ,"Barranquilla, ATL",35,,136,ductos varios,5,10,0,3,26
gas_interrupted_10,2023-10-29,1,Gases de la Guajira,CE8878,true,false,JOBO,"Sahagún, COR",Noche,-7,false,,CTG,"Cartagena, BOL",72,,374,RAMAL urbano,6,21,5,8,14
gas_interrupted_10,2023-10-30,2,Surtigas,CE7728,true,false,BALLE,"Manaure, LAG",Madrugada,27,true,,SIN,"Sincelejo, SUC",51,,397,troncal norte,1,7,9,6,13
gas_interrupted_10,2023-10-31,3,Gases de la Guajira,CE3747,true,false,JOBO,"Sahagún, COR",Tarde,56,true,,VDP,"Valledupar, CES",58,,579,Regional Sabanas,7,0,7,12,18
gas_interrupted_11,2023-11-01,null,Surtigas,CE9951,true,false,JOBO,"Sahagún, COR",Noche,-7,false,,RIO,"Riohacha, LAG",57,,644,ductos varios,22,11,1,5,21
gas_interrupted_11,2023-11-02,5,Gasnacer,CE1504,true,false,JOBO,"Sahagún, COR",Tarde,-6,false,,MTR,"Montería, COR",76,,407,regional sur,8,5,20,24,7
gas_interrupted_11,2023-11-03,6,Gases de la Guajira,CE4542,true,false,JOBO,"Sahagún, COR",Noche,-10,false,,BAQ,"Barranquilla, ATL",87,,467,ductos varios,0,0,30,15,20
gas_interrupted_11,2023-11-04,7,Surtigas,CE9728,false,false,BALLE,"Manaure, LAG",Noche,11,true,,MAM,"Cartagena, BOL",83,,540,troncal norte,15,15,4,33,0
gas_interrupted_11,2023-11-05,1,Gasnacer,CE7569,true,true,JOBO,"Sahagún, COR",Tarde,64,true,,MTR,"Montería, COR",17,,243,Regional Sabanas,15,0,0,2,0
gas_interrupted_11,2023-11-06,2,Gasnacer,CE6910,true,true,BALLE,"Manaure, LAG",Noche,42,true,,RIO,"Riohacha, LAG",69,,452,RAMAL urbano,5,36,8,25,13
gas_interrupted_11,2023-11-07,3,Gases de la Guajira,CE4687,true,true,JOBO,"Sahagún, COR",Madrugada,1,true,,RIO,"Riohacha, LAG",67,,564,ductos varios,21,21,7,2,6
gas_interrupted_11,2023-11-08,4,Gasnacer,CE7237,false,true,JOBO,"Sahagún, COR",Madrugada,48,true,,STM,"Santa Marta, MAG",143,,631,Troncal principal,29,26,33,12,0
gas_interrupted_11,2023-11-09,5,Efigas,CE7349,true,false,JOBO,"Sahagún, COR",Mañana,27,true,,BAQ,"Barranquilla, ATL",107,,95,Troncal principal,36,6,0,5,30
gas_interrupted_11,2023-11-10,6,Gasnacer,CE1282,true,true,JOBO,"Sahagún, COR",Madrugada,43,true,,MTR,"Montería, COR",23,,199,Ramal industrial,3,12,0,2,11
gas_interrupted_11,2023-11-11,7,Gases de la Guajira,CE6452,true,true,JOBO,"Sahagún, COR",Madrugada,23,true,,MAM,"Cartagena, BOL",96,,296,regional sur,11,6,34,5,9
gas_interrupted_11,2023-11-12,1,Efigas,CE1,true,true,BALLE,"Manaure, LAG",Noche,21,true,,BAQ,"Barranquilla, ATL",51,,466,Ramal industrial,7,12,17,11,22
gas_interrupted_11,2023-11-13,2,Surtigas,CE3174,true,false,BALLE,"Manaure, LAG",Tarde,0,false,,VDP,"Valledupar, CES",79,,366,ductos varios,8,10,10,12,17
gas_interrupted_11,2023-11-14,3,Gases del Caribe,CE3372,true,false,JOBO,"Sahagún, COR",Noche,25,true,,SIN,"Sincelejo, SUC",25,,646,RAMAL urbano,4,4,9,1,0
gas_interrupted_11,2023-11-15,4,Surtigas,CE4983,true,false,JOBO,"Sahagún, COR",Tarde,53,true,,MTR,"Montería, COR",17,,598,ductos varios,1,3,3,1,5
gas_interrupted_11,2023-11-16,5,Efigas,CE6850,false,false,JOBO,"Sahagún, COR",Mañana,-13,false,,BAQ,"Barranquilla, ATL",41,,134,Regional Sabanas,20,1,3,24,10
gas_interrupted_11,2023-11-17,6,Gases del Caribe,CE9716,true,false,JOBO,"Sahagún, COR",Noche,-12,false,,CTG,"Cartagena, BOL",39,,110,RAMAL urbano,7,3,10,30,0
gas_interrupted_11,2023-11-18,7,Gases de la Guajira,CE9010,true,false,BALLE,"Manaure, LAG",Madrugada,28,true,,MAM,"Cartagena, BOL",51,,304,RAMAL urbano,8,1,6,3,25
gas_interrupted_11,2023-11-19,1,Efigas,CE2190,true,false,JOBO,"Sahagún, COR",Tarde,49,true,,CTG,"Cartagena, BOL",80,,446,Ramal industrial,16,24,3,0,31
gas_interrupted_11,2023-11-20,2,Surtigas,CE5777,false,true,BALLE,"Manaure, LAG",Madrugada,57,true,,MAM,"Cartagena, BOL",51,,201,RAMAL urbano,1,9,5,6,24
gas_interrupted_11,2023-11-21,3,Gases de la Guajira,CE3160,false,false,BALLE,"Manaure, LAG",Mañana,16,true,,CTG,"Cartagena, BOL",8,,108,ductos varios,2,1,1,1,5
gas_interrupted_11,2023-11-22,4,Gases de la Guajira,CE1464,false,false,BALLE,"Manaure, LAG",Madrugada,54,true,,MTR,"Montería, COR",39,,405,ductos varios,16,3,2,0,22
gas_interrupted_11,2023-11-23,5,Efigas,CE2180,true,true,JOBO,"Sahagún, COR",Tarde,21,true,,RIO,"Riohacha, LAG",37,,321,Ramal industrial,18,6,15,9,3
gas_interrupted_11,2023-11-24,6,Efigas,CE5100,true,false,BALLE,"Manaure, LAG",Mañana,18,true,,VDP,"Valledupar, CES",117,,597,troncal norte,28,30,15,27,8
gas_interrupted_11,2023-11-25,7,Efigas,CE0142,true,false,JOBO,"Sahagún, COR",Tarde,57,true,,STM,"Santa Marta, MAG",75,,545,RAMAL urbano,16,0,18,29,6
gas_interrupted_11,2023-11-26,1,Gases de la Guajira,CE3554,true,false,BALLE,"Manaure, LAG",Tarde,18,true,,RIO,"Riohacha, LAG",66,,338,Ramal industrial,16,6,24,15,5
gas_interrupted_11,2023-11-27,2,Gasnacer,CE5174,false,false,BALLE,"Manaure, LAG",Madrugada,25,true,,MTR,"Montería, COR",23,,236,Regional Sabanas,0,13,2,0,1
gas_interrupted_11,2023-11-28,3,Gases del Caribe,CE9219,true,true,BALLE,"Manaure, LAG",Madrugada,-9,false,,BAQ,"Barranquilla, ATL",75,,290,RAMAL urbano,3,11,23,1,19
gas_interrupted_11,2023-11-29,4,Gases de la Guajira,CE1476,false,false,JOBO,"Sahagún, COR",Noche,4,true,,BAQ,"Barranquilla, ATL",84,,567,troncal norte,5,18,20,32,30
gas_interrupted_11,2023-11-30,5,Gases de la Guajira,CE2956,true,false,BALLE,"Manaure, LAG",Mañana,37,true,,MAM,"Cartagena, BOL",81,,462,RAMAL urbano,15,10,21,7,17
gas_interrupted_12,2023-12-01,6,Gasnacer,CE3119,true,true,BALLE,"Manaure, LAG",Mañana,43,true,,BAQ,"Barranquilla, ATL",75,,62,regional sur,7,22,6,30,0
gas_interrupted_12,2023-12-02,7,Efigas,CE4161,false,false,JOBO,"Sahagún, COR",Noche,47,true,,CTG,"Cartagena, BOL",37,,317,Regional Sabanas,2,3,6,16,0
gas_interrupted_12,2023-12-03,1,Efigas,CE9789,true,true,BALLE,"Manaure, LAG",Tarde,-7,false,,RIO,"Riohacha, LAG",27,,607,Troncal principal,15,0,0,2,8
gas_interrupted_12,2023-12-04,2,Efigas,CE3605,true,false,JOBO,"Sahagún, COR",Noche,30,true,,BAQ,"Barranquilla, ATL",50,,230,Ramal industrial,9,2,15,9,10
gas_interrupted_12,2023-12-05,3,Gases del Caribe,CE2701,true,false,JOBO,"Sahagún, COR",Mañana,43,true,,MAM,"Cartagena, BOL",73,,627,RAMAL urbano,21,11,3,24,0
gas_interrupted_12,2023-12-06,4,Efigas,CE7954,true,false,BALLE,"Manaure, LAG",Madrugada,42,true,,SIN,"Sincelejo, SUC",75,,215,Regional Sabanas,26,11,8,7,9
gas_interrupted_12,2023-12-07,5,Gasnacer,CE9749,true,false,JOBO,"Sahagún, COR",Mañana,39,true,,MAM,"Cartagena, BOL",46,,635,RAMAL urbano,11,28,1,9,1
gas_interrupted_12,2023-12-08,6,Gasnacer,CE7106,true,false,JOBO,"Sahagún, COR",Mañana,31,true,,CTG,"Cartagena, BOL",37,,631,ductos varios,7,3,10,13,12
gas_interrupted_12,2023-12-09,7,Gasnacer,CE1255,true,false,JOBO,"Sahagún, COR",Noche,55,true,,SIN,"Sincelejo, SUC",50,,142,regional sur,5,0,1,32,2
gas_interrupted_12,2023-12-10,1,Gasnacer,CE5408,true,false,BALLE,"Manaure, LAG",Noche,23,true,,RIO,"Riohacha, LAG",29,,398,regional sur,0,5,8,5,4
gas_interrupted_12,2023-12-11,2,Gasnacer,CE8873,false,false,BALLE,"Manaure, LAG",Mañana,11,true,,CTG,"Cartagena, BOL",50,,375,Regional Sabanas,23,0,17,13,1
gas_interrupted_12,2023-12-12,3,Surtigas,CE6256,false,false,JOBO,"Sahagún, COR",Mañana,38,true,,CTG,"Cartagena, BOL",45,,200,ductos varios,2,6,2,5,24
gas_interrupted_12,2023-12-13,4,Surtigas,CE8522,true,true,JOBO,"Sahagún, COR",Tarde,23,true,,BAQ,"Barranquilla, ATL",40,,225,Regional Sabanas,6,23,0,12,3
gas_interrupted_12,2023-12-14,5,Efigas,CE9220,true,false,JOBO,"Sahagún, COR",Madrugada,-4,false,,MAM,"Cartagena, BOL",70,,206,Troncal principal,6,14,18,5,25
gas_interrupted_12,2023-12-15,6,Gases del Caribe,CE9920,false,true,BALLE,"Manaure, LAG",Noche,-6,false,,RIO,"Riohacha, LAG",39,,331,regional sur,6,15,6,16,4
gas_interrupted_12,2023-12-16,7,Gasnacer,CE3348,false,false,JOBO,"Sahagún, COR",Madrugada,54,true,,RIO,"Riohacha, LAG",54,,650,ductos varios,3,10,21,17,3
gas_interrupted_12,2023-12-17,1,Gases del Caribe,CE7201,true,false,JOBO,"Sahagún, COR",Madrugada,45,true,,MTR,"Montería, COR",62,,273,Regional Sabanas,0,3,33,5,3
gas_interrupted_12,2023-12-18,2,Gases del Caribe,CE4194,false,false,BALLE,"Manaure, LAG",Tarde,13,true,,RIO,"Riohacha, LAG",50,,71,troncal norte,8,9,0,12,23
gas_interrupted_12,2023-12-19,3,Efigas,CE6791,true,true,BALLE,"Manaure, LAG",Tarde,52,true,,SIN,"Sincelejo, SUC",46,,604,troncal norte,8,18,0,1,15
gas_interrupted_12,2023-12-20,4,Surtigas,CE3236,false,false,JOBO,"Sahagún, COR",Noche,-12,false,,VDP,"Valledupar, CES",44,,221,Ramal industrial,13,10,8,10,2
gas_interrupted_12,2023-12-21,5,Gases del Caribe,CE5441,true,true,BALLE,"Manaure, LAG",Mañana,31,true,,MTR,"Montería, COR",90,,587,regional sur,26,10,30,13,4
gas_interrupted_12,2023-12-22,6,Gases de la Guajira,CE5410,true,false,BALLE,"Manaure, LAG",Tarde,-7,false,,CTG,"Cartagena, BOL",43,,134,Troncal principal,9,3,21,2,7
gas_interrupted_12,2023-12-23,7,Gases del Caribe,CE3737,false,false,BALLE,"Manaure, LAG",Mañana,61,true,,SIN,"Sincelejo, SUC",44,,569,regional sur,5,2,3,19,15
gas_interrupted_12,2023-12-24,1,Surtigas,CE7016,true,true,BALLE,"Manaure, LAG",Mañana,50,true,,MAM,"Cartagena, BOL",42,,305,Troncal principal,4,15,0,29,1
gas_interrupted_12,2023-12-25,2,Gasnacer,CE9404,true,false,BALLE,"Manaure, LAG",Madrugada,56,true,,STM,"Santa Marta, MAG",22,,558,Regional Sabanas,4,3,12,0,5
gas_interrupted_12,2023-12-26,3,Efigas,CE3554,true,false,BALLE,"Manaure, LAG",Madrugada,27,true,,RIO,"Riohacha, LAG",52,,131,troncal norte,10,4,1,0,26
gas_interrupted_12,2023-12-27,4,Gases de la Guajira,CE7401,true,false,BALLE,"Manaure, LAG",Tarde,12,true,,STM,"Santa Marta, MAG",34,,430,Ramal industrial,7,11,4,16,6
gas_interrupted_12,2023-12-28,5,Gases de la Guajira,CE0388,true,false,JOBO,"Sahagún, COR",Noche,-8,false,,VDP,"Valledupar, CES",82,,290,Ramal industrial,22,30,3,7,6
gas_interrupted_12,2023-12-29,6,Gases del Caribe,CE1947,true,true,JOBO,"Sahagún, COR",Tarde,33,true,,STM,"Santa Marta, MAG",26,,511,ductos varios,0,16,0,18,1
gas_interrupted_12,2023-12-30,7,Gasnacer,CE8273,true,false,BALLE,"Manaure, LAG",Tarde,22,true,,STM,"Santa Marta, MAG",35,,155,Troncal principal,0,7,14,9,9
gas_interrupted_12,2023-12-31,1,Gases de la Guajira,CE5686,false,false,BALLE,"Manaure, LAG",Noche,0,false,,MAM,"Cartagena, BOL",69,,443,Ramal industrial,15,17,18,0,0
gas_interrupted_1,2023-01-01,1,Gasnacer,CE0642,false,true,JOBO,"Sahagún, COR",Mañana,15,true,,MAM,"Cartagena, BOL",45,,218,RAMAL urbano,13,23,0,1,1
gas_interrupted_1,2023-01-02,2,Gases del Caribe,CE8191,true,false,BALLE,"Manaure, LAG",Madrugada,9,true,,BAQ,"Barranquilla, ATL",30,,310,regional sur,2,6,17,2,1
gas_interrupted_1,2023-01-03,3,Gasnacer,CE0300,true,false,JOBO,"Sahagún, COR",Noche,10,true,,MTR,"Montería, COR",22,,125,Ramal industrial,8,3,4,15,0
gas_interrupted_1,2023-01-04,4,Surtigas,CE9019,true,false,BALLE,"Manaure, LAG",Tarde,59,true,,STM,"Santa Marta, MAG",72,,573,troncal norte,2,5,29,19,11
gas_interrupted_1,2023-01-05,5,Gases del Caribe,CE7635,true,false,JOBO,"Sahagún, COR",Tarde,13,true,,MAM,"Cartagena, BOL",53,,281,troncal norte,1,15,32,0,5
gas_interrupted_1,2023-01-06,6,Surtigas,CE8108,true,false,JOBO,"Sahagún, COR",Madrugada,6,true,,CTG,"Cartagena, BOL",82,,235,RAMAL urbano,10,7,15,11,12
gas_interrupted_1,2023-01-07,7,Surtigas,CE9774,true,true,BALLE,"Manaure, LAG",Mañana,56,true,,SIN,"Sincelejo, SUC",74,,274,regional sur,11,17,15,3,4
gas_interrupted_1,2023-01-08,1,Gases de la Guajira,CE9992,true,false,JOBO,"Sahagún, COR",Noche,45,true,,MAM,"Cartagena, BOL",27,,451,troncal norte,25,3,2,0,2
gas_interrupted_1,2023-01-09,2,Efigas,CE0606,true,false,BALLE,"Manaure, LAG",Noche,22,true,,SIN,"Sincelejo, SUC",60,,275,troncal norte,3,9,11,18,6
gas_interrupted_1,2023-01-10,3,Gasnacer,CE7492,true,false,BALLE,"Manaure, LAG",Noche,54,true,,MTR,"Montería, COR",29,,644,Regional Sabanas,10,2,5,2,3
gas_interrupted_1,2023-01-11,4,Surtigas,CE1340,false,false,JOBO,"Sahagún, COR",Tarde,61,true,,STM,"Santa Marta, MAG",85,,289,regional sur,22,12,17,1,7
gas_interrupted_1,2023-01-12,5,Efigas,CE9424,true,false,JOBO,"Sahagún, COR",Madrugada,4,true,,MTR,"Montería, COR",103,,543,Ramal industrial,2,24,27,0,33
gas_interrupted_1,2023-01-13,6,Gases del Caribe,CE8997,true,true,JOBO,"Sahagún, COR",Tarde,21,true,,MTR,"Montería, COR",67,,220,Ramal industrial,18,27,11,14,11
gas_interrupted_1,2023-01-14,7,Efigas,CE9224,false,false,JOBO,"Sahagún, COR",Madrugada,62,true,,CTG,"Cartagena, BOL",28,,597,Troncal principal,3,22,1,0,2
gas_interrupted_1,2023-01-15,1,Surtigas,CE2786,false,true,BALLE,"Manaure, LAG",Noche,32,true,,STM,"Santa Marta, MAG",41,,207,regional sur,5,3,6,8,11
gas_interrupted_1,2023-01-16,2,Surtigas,CE3253,true,false,JOBO,"Sahagún, COR",Madrugada,15,true,,MAM,"Cartagena, BOL",41,,311,regional sur,2,8,4,16,15
gas_interrupted_1,2023-01-17,3,Gases de la Guajira,CE4041,true,false,JOBO,"Sahagún, COR",Madrugada,-14,false,,STM,"Santa Marta, MAG",19,,511,RAMAL urbano,1,4,1,2,11
gas_interrupted_1,2023-01-18,4,Efigas,CE2131,true,false,JOBO,"Sahagún, COR",Mañana,40,true,,MAM,"Cartagena, BOL",35,,231,RAMAL urbano,1,6,1,27,0
gas_interrupted_1,2023-01-19,5,Gases de la Guajira,CE8950,false,false,BALLE,"Manaure, LAG",Mañana,64,true,,MAM,"Cartagena, BOL",44,,203,Ramal industrial,14,8,11,12,4
gas_interrupted_1,2023-01-20,6,Gases del Caribe,CE3406,false,true,JOBO,"Sahagún, COR",Noche,27,true,,MTR,"Montería, COR",130,,507,RAMAL urbano,14,16,9,28,22
gas_interrupted_1,2023-01-21,7,Efigas,CE5718,true,false,BALLE,"Manaure, LAG",Tarde,-6,false,,CTG,"Cartagena, BOL",76,,268,troncal norte,7,0,15,12,25
gas_interrupted_1,2023-01-22,1,Gasnacer,CE6669,true,false,JOBO,"Sahagún, COR",Mañana,-12,false,,STM,"Santa Marta, MAG",27,,579,troncal norte,9,3,0,10,0
gas_interrupted_1,2023-01-23,2,Efigas,CE3895,true,false,BALLE,"Manaure, LAG",Madrugada,61,true,,STM,"Santa Marta, MAG",56,,493,Troncal principal,17,3,18,3,0
gas_interrupted_1,2023-01-24,3,Gases del Caribe,CE0991,true,true,BALLE,"Manaure, LAG",Mañana,23,true,,MTR,"Montería, COR",70,,294,RAMAL urbano,7,0,12,24,9
gas_interrupted_1,2023-01-25,4,Efigas,CE4211,true,false,BALLE,"Manaure, LAG",Tarde,3,true,,RIO,"Riohacha, LAG",7,,487,regional sur,2,3,0,1,2
gas_interrupted_1,2023-01-26,5,Gases del Caribe,CE6249,true,false,JOBO,"Sahagún, COR",Mañana,20,true,,CTG,"Cartagena, BOL",86,,433,Ramal industrial,27,10,0,0,26
gas_interrupted_1,2023-01-27,6,Efigas,CE1350,true,true,JOBO,"Sahagún, COR",Noche,26,true,,RIO,"Riohacha, LAG",73,,472,Troncal principal,1,14,7,3,28
gas_interrupted_1,2023-01-28,7,Gases del Caribe,CE6411,false,false,BALLE,"Manaure, LAG",Madrugada,42,true,,BAQ,"Barranquilla, ATL",19,,521,Troncal principal,1,2,1,1,16
gas_interrupted_1,2023-01-29,1,Surtigas,CE8744,true,false,BALLE,"Manaure, LAG",Mañana,-2,false,,MTR,"Montería, COR",78,,167,ductos varios,2,6,10,34,25
gas_interrupted_1,2023-01-30,2,Gases del Caribe,CE6606,true,false,BALLE,"Manaure, LAG",Noche,9,true,,BAQ,"Barranquilla, ATL",12,,617,troncal norte,5,0,1,7,0
gas_interrupted_1,2023-01-31,3,Gases del Caribe,CE7436,false,false,JOBO,"Sahagún, COR",Madrugada,63,true,,RIO,"Riohacha, LAG",41,,572,Troncal principal,12,23,1,3,12
gas_interrupted_2,2023-02-01,4,Efigas,CE3941,true,false,BALLE,"Manaure, LAG",Madrugada,-8,false,,MTR,"Montería, COR",70,,404,ductos varios,15,4,6,23,6
gas_interrupted_2,2023-02-02,5,Surtigas,CE3719,true,false,JOBO,"Sahagún, COR",Mañana,33,true,,MTR,"Montería, COR",61,,522,regional sur,1,6,10,1,24
gas_interrupted_2,2023-02-03,6,Gasnacer,CE5109,true,true,JOBO,"Sahagún, COR",Madrugada,37,true,,SIN,"Sincelejo, SUC",28,,331,troncal norte,1,0,21,17,0
gas_interrupted_2,2023-02-04,7,Gases del Caribe,CE1452,true,false,JOBO,"Sahagún, COR",Noche,17,true,,SIN,"Sincelejo, SUC",49,,440,troncal norte,22,9,1,1,0
gas_interrupted_2,2023-02-05,1,Gasnacer,CE6350,false,true,BALLE,"Manaure, LAG",Madrugada,52,true,,VDP,"Valledupar, CES",41,,495,Troncal principal,10,0,11,1,6
gas_interrupted_2,2023-02-06,2,Gasnacer,CE7768,false,false,JOBO,"Sahagún, COR",Mañana,37,true,,MTR,"Montería, COR",56,,594,Ramal industrial,13,3,1,16,16
gas_interrupted_2,2023-02-07,3,,CE5221,false,true,JOBO,"Sahagún, COR",Tarde,18,true,,MAM,"Cartagena, BOL",46,,483,ductos varios,10,9,22,1,2
gas_interrupted_2,2023-02-08,4,Efigas,CE3750,false,false,JOBO,"Sahagún, COR",Noche,61,true,,VDP,"Valledupar, CES",57,,590,Troncal principal,16,0,9,19,28
gas_interrupted_2,2023-02-09,5,Gasnacer,CE9694,true,false,BALLE,"Manaure, LAG",Mañana,34,true,,MTR,"Montería, COR",31,,403,Ramal industrial,18,3,2,1,12
gas_interrupted_2,2023-02-10,6,Efigas,CE1966,true,false,JOBO,"Sahagún, COR",Madrugada,9,true,,MTR,"Montería, COR",12,,298,Troncal principal,6,1,3,6,1
gas_interrupted_2,2023-02-11,7,Efigas,CE8115,true,false,JOBO,"Sahagún, COR",Tarde,-12,false,,RIO,"Riohacha, LAG",40,,441,ductos varios,18,18,3,14,3
gas_interrupted_2,2023-02-12,1,Gases de la Guajira,CE5830,true,false,BALLE,"Manaure, LAG",Mañana,14,true,,VDP,"Valledupar, CES",38,,423,regional sur,0,20,1,17,0
gas_interrupted_2,2023-02-13,2,Gasnacer,CE2022,false,true,BALLE,"Manaure, LAG",Tarde,29,true,,SIN,"Sincelejo, SUC",87,,248,Troncal principal,17,9,7,20,17
gas_interrupted_2,2023-02-14,3,Efigas,CE9753,false,false,BALLE,"Manaure, LAG",Tarde,5,true,,CTG,"Cartagena, BOL",104,,425,Regional Sabanas,20,17,13,10,24
gas_interrupted_2,2023-02-15,4,Gasnacer,CE4977,false,false,BALLE,"Manaure, LAG",Tarde,27,true,,SIN,"Sincelejo, SUC",33,,132,regional sur,6,0,14,16,3
gas_interrupted_2,2023-02-16,5,Surtigas,CE8888,false,false,JOBO,"Sahagún, COR",Mañana,-6,false,,SIN,"Sincelejo, SUC",36,,582,RAMAL urbano,1,11,2,0,11
gas_interrupted_2,2023-02-17,6,Gasnacer,CE5763,true,false,JOBO,"Sahagún, COR",Mañana,6,true,,BAQ,"Barranquilla, ATL",82,,426,Regional Sabanas,32,9,11,2,5
gas_interrupted_2,2023-02-18,7,Gases de la Guajira,CE0563,true,false,BALLE,"Manaure, LAG",Tarde,-2,false,,MAM,"Cartagena, BOL",81,,512,troncal norte,16,0,4,33,30
gas_interrupted_2,2023-02-19,1,Gasnacer,CE8477,true,false,BALLE,"Manaure, LAG",Noche,29,true,,RIO,"Riohacha, LAG",51,,534,troncal norte,5,25,2,7,15
gas_interrupted_2,2023-02-20,2,Gases del Caribe,CE7020,false,false,BALLE,"Manaure, LAG",Mañana,-7,false,,BAQ,"Barranquilla, ATL",71,,370,troncal norte,7,30,3,3,8
gas_interrupted_2,2023-02-21,3,Gasnacer,CE0435,false,false,BALLE,"Manaure, LAG",Mañana,-12,false,,MAM,"Cartagena, BOL",28,,529,troncal norte,1,0,0,11,19
gas_interrupted_2,2023-02-22,4,Surtigas,CE6310,true,false,BALLE,"Manaure, LAG",Madrugada,38,true,,VDP,"Valledupar, CES",43,,566,RAMAL urbano,24,9,15,2,4
gas_interrupted_2,2023-02-23,5,Surtigas,CE9518,true,true,BALLE,"Manaure, LAG",Mañana,40,true,,STM,"Santa Marta, MAG",64,,191,troncal norte,4,23,19,1,0
gas_interrupted_2,2023-02-24,6,Surtigas,CE7465,true,false,BALLE,"Manaure, LAG",Madrugada,-5,false,,CTG,"Cartagena, BOL",67,,189,Troncal principal,36,0,1,14,5
gas_interrupted_2,2023-02-25,7,Gases de la Guajira,CE3661,true,true,JOBO,"Sahagún, COR",Mañana,-4,false,,RIO,"Riohacha, LAG",41,,235,regional sur,12,9,2,0,15
gas_interrupted_2,2023-02-26,1,Gasnacer,CE1237,true,false,BALLE,"Manaure, LAG",Tarde,6,true,,SIN,"Sincelejo, SUC",20,,324,Ramal industrial,0,8,4,1,12
gas_interrupted_2,2023-02-27,2,Gases de la Guajira,CE7972,true,false,JOBO,"Sahagún, COR",Madrugada,7,true,,VDP,"Valledupar, CES",45,,497,RAMAL urbano,7,0,13,6,10
gas_interrupted_2,2023-02-28,3,Efigas,CE7283,false,true,JOBO,"Sahagún, COR",Mañana,32,true,,SIN,"Sincelejo, SUC",37,,73,Regional Sabanas,4,8,14,0,22
gas_interrupted_3,2023-03-01,null,Efigas,CE7330,true,false,BALLE,"Manaure, LAG",Noche,-9,false,,RIO,"Riohacha, LAG",47,,156,Regional Sabanas,5,7,27,15,2
gas_interrupted_3,2023-03-02,5,Gasnacer,CE5913,true,false,BALLE,"Manaure, LAG",Noche,-2,false,,SIN,"Sincelejo, SUC",96,,439,Ramal industrial,24,28,13,2,3
gas_interrupted_3,2023-03-03,6,Efigas,CE9240,true,true,BALLE,"Manaure, LAG",Mañana,-6,false,,VDP,"Valledupar, CES",19,,275,Ramal industrial,2,4,6,4,0
gas_interrupted_3,2023-03-04,7,Efigas,CE3627,true,false,BALLE,"Manaure, LAG",Mañana,10,true,,SIN,"Sincelejo, SUC",47,,200,ductos varios,20,4,0,7,8
gas_interrupted_3,2023-03-05,1,Surtigas,CE2876,true,false,JOBO,"Sahagún, COR",Mañana,36,true,,MAM,"Cartagena, BOL",45,,392,troncal norte,18,0,5,3,7
gas_interrupted_3,2023-03-06,2,Efigas,CE5601,true,false,JOBO,"Sahagún, COR",Mañana,8,true,,MAM,"Cartagena, BOL",55,,407,Regional Sabanas,14,11,0,28,8
gas_interrupted_3,2023-03-07,3,Surtigas,CE2203,true,false,JOBO,"Sahagún, COR",Mañana,48,true,,BAQ,"Barranquilla, ATL",57,,269,regional sur,10,5,12,22,21
gas_interrupted_3,2023-03-08,4,Gases de la Guajira,CE2017,true,false,JOBO,"Sahagún, COR",Mañana,9,true,,VDP,"Valledupar, CES",130,,310,Ramal industrial,8,21,25,20,19
gas_interrupted_3,2023-03-09,5,Gases del Caribe,CE3722,true,false,JOBO,"Sahagún, COR",Madrugada,26,true,,MTR,"Montería, COR",40,,368,regional sur,9,26,3,0,4
gas_interrupted_3,2023-03-10,6,Gases del Caribe,CE8142,true,false,JOBO,"Sahagún, COR",Tarde,43,true,,MAM,"Cartagena, BOL",56,,193,Ramal industrial,0,17,17,31,2
gas_interrupted_3,2023-03-11,7,Efigas,CE2556,true,false,JOBO,"Sahagún, COR",Noche,19,true,,STM,"Santa Marta, MAG",65,,401,Ramal industrial,0,12,3,0,29
gas_interrupted_3,2023-03-12,1,Gases de la Guajira,CE0538,false,true,BALLE,"Manaure, LAG",Mañana,32,true,,STM,"Santa Marta, MAG",32,,393,Regional Sabanas,2,4,10,7,7
gas_interrupted_3,2023-03-13,2,Efigas,CE4599,false,false,JOBO,"Sahagún, COR",Mañana,59,true,,RIO,"Riohacha, LAG",34,,617,RAMAL urbano,1,9,11,13,3
gas_interrupted_3,2023-03-14,3,Efigas,CE2179,true,false,JOBO,"Sahagún, COR",Noche,-2,false,,VDP,"Valledupar, CES",77,,572,regional sur,17,9,19,11,15
gas_interrupted_3,2023-03-15,4,Gasnacer,CE3439,false,false,BALLE,"Manaure, LAG",Mañana,62,true,,RIO,"Riohacha, LAG",44,,478,Ramal industrial,26,0,3,3,6
gas_interrupted_3,2023-03-16,5,Efigas,CE1,true,true,BALLE,"Manaure, LAG",Madrugada,59,true,,MTR,"Montería, COR",71,,616,regional sur,19,2,17,17,2
gas_interrupted_3,2023-03-17,6,Gasnacer,CE6908,true,false,JOBO,"Sahagún, COR",Mañana,41,true,,STM,"Santa Marta, MAG",114,,495,Ramal industrial,10,32,1,22,18
gas_interrupted_3,2023-03-18,7,Surtigas,CE7655,true,false,BALLE,"Manaure, LAG",Madrugada,57,true,,MTR,"Montería, COR",31,,230,Regional Sabanas,18,1,15,0,4
gas_interrupted_3,2023-03-19,1,Gasnacer,CE9699,false,false,JOBO,"Sahagún, COR",Tarde,-2,false,,RIO,"Riohacha, LAG",24,,570,regional sur,3,5,22,0,3
gas_interrupted_3,2023-03-20,2,Efigas,CE8136,true,false,BALLE,"Manaure, LAG",Madrugada,8,true,,SIN,"Sincelejo, SUC",27,,460,troncal norte,0,5,12,1,12
gas_interrupted_3,2023-03-21,3,Surtigas,CE4746,true,false,JOBO,"Sahagún, COR",Madrugada,-8,false,,CTG,"Cartagena, BOL",43,,272,Regional Sabanas,0,38,1,5,6
gas_interrupted_3,2023-03-22,4,Gases del Caribe,CE4211,true,true,JOBO,"Sahagún, COR",Noche,61,true,,RIO,"Riohacha, LAG",47,,240,troncal norte,9,0,14,4,32
gas_interrupted_3,2023-03-23,5,Gases del Caribe,CE0159,false,false,BALLE,"Manaure, LAG",Madrugada,34,true,,VDP,"Valledupar, CES",66,,309,regional sur,5,7,10,36,1
gas_interrupted_3,2023-03-24,6,Gases del Caribe,CE8156,false,false,BALLE,"Manaure, LAG",Madrugada,40,true,,SIN,"Sincelejo, SUC",34,,67,Troncal principal,3,6,3,0,19
gas_interrupted_3,2023-03-25,7,Efigas,CE2802,false,false,JOBO,"Sahagún, COR",Mañana,2,true,,SIN,"Sincelejo, SUC",39,,69,troncal norte,5,9,28,2,10
gas_interrupted_3,2023-03-26,1,Gases del Caribe,CE1968,false,false,JOBO,"Sahagún, COR",Tarde,28,true,,RIO,"Riohacha, LAG",37,,637,Troncal principal,13,1,7,4,7
gas_interrupted_3,2023-03-27,2,Gases del Caribe,CE2896,true,false,JOBO,"Sahagún, COR",Tarde,25,true,,MTR,"Montería, COR",19,,504,Regional Sabanas,1,0,10,7,3
gas_interrupted_3,2023-03-28,3,Efigas,CE3906,true,false,BALLE,"Manaure, LAG",Madrugada,6,true,,VDP,"Valledupar, CES",37,,186,Regional Sabanas,0,2,16,5,4
gas_interrupted_3,2023-03-29,4,Gases del Caribe,CE1027,true,true,BALLE,"Manaure, LAG",Noche,6,true,,MTR,"Montería, COR",59,,208,Ramal industrial,2,13,9,20,4
gas_interrupted_3,2023-03-30,5,Gases del Caribe,CE4269,false,false,BALLE,"Manaure, LAG",Noche,58,true,,CTG,"Cartagena, BOL",121,,415,RAMAL urbano,4,13,27,15,35
gas_interrupted_3,2023-03-31,6,Gases del Caribe,CE3581,false,false,JOBO,"Sahagún, COR",Tarde,48,true,,SIN,"Sincelejo, SUC",49,,510,Ramal industrial,23,9,0,1,4
gas_interrupted_4,2023-04-01,7,Surtigas,CE7706,false,true,BALLE,"Manaure, LAG",Madrugada,7,true,,RIO,"Riohacha, LAG",105,,166,troncal norte,2,21,9,27,14
gas_interrupted_4,2023-04-02,1,Surtigas,CE5774,true,true,BALLE,"Manaure, LAG",Madrugada,-12,false,,SIN,"Sincelejo, SUC",121,,629,troncal norte,16,22,17,6,26
gas_interrupted_4,2023-04-03,2,Surtigas,CE8312,true,false,BALLE,"Manaure, LAG",Madrugada,-12,false,,SIN,"Sincelejo, SUC",64,,220,Regional Sabanas,19,1,3,12,15
gas_interrupted_4,2023-04-04,3,Gases del Caribe,CE9276,true,false,BALLE,"Manaure, LAG",Mañana,63,true,,STM,"Santa Marta, MAG",45,,553,ductos varios,4,1,23,22,4
gas_interrupted_4,2023-04-05,4,Efigas,CE4912,false,false,BALLE,"Manaure, LAG",Tarde,39,true,,CTG,"Cartagena, BOL",12,,361,RAMAL urbano,0,13,3,0,0
gas_interrupted_4,2023-04-06,5,Gasnacer,CE1904,false,false,JOBO,"Sahagún, COR",Madrugada,38,true,,SIN,"Sincelejo, SUC",51,,156,ductos varios,1,3,32,5,1
gas_interrupted_4,2023-04-07,6,Gasnacer,CE3200,true,false,JOBO,"Sahagún, COR",Noche,38,true,,STM,"Santa Marta, MAG",27,,642,Regional Sabanas,1,15,1,5,1
gas_interrupted_4,2023-04-08,7,Surtigas,CE4003,true,false,BALLE,"Manaure, LAG",Madrugada,27,true,,SIN,"Sincelejo, SUC",79,,201,troncal norte,11,8,15,8,33
gas_interrupted_4,2023-04-09,1,Surtigas,CE0472,true,true,BALLE,"Manaure, LAG",Tarde,31,true,,CTG,"Cartagena, BOL",51,,315,Regional Sabanas,7,0,27,16,1
gas_interrupted_4,2023-04-10,2,Surtigas,CE6644,false,false,JOBO,"Sahagún, COR",Mañana,-13,false,,VDP,"Valledupar, CES",28,,576,RAMAL urbano,5,27,0,0,3
gas_interrupted_4,2023-04-11,3,Efigas,CE0856,true,false,BALLE,"Manaure, LAG",Madrugada,25,true,,VDP,"Valledupar, CES",64,,296,ductos varios,15,5,7,0,18
gas_interrupted_4,2023-04-12,4,Gasnacer,CE6305,false,false,BALLE,"Manaure, LAG",Mañana,13,true,,RIO,"Riohacha, LAG",55,,430,Troncal principal,1,21,21,11,9
gas_interrupted_4,2023-04-13,5,Gases de la Guajira,CE6265,false,false,BALLE,"Manaure, LAG",Mañana,33,true,,BAQ,"Barranquilla, ATL",36,,622,regional sur,19,0,20,7,1
gas_interrupted_4,2023-04-14,6,Gases de la Guajira,CE3447,false,false,JOBO,"Sahagún, COR",Mañana,28,true,,RIO,"Riohacha, LAG",62,,600,Regional Sabanas,20,7,12,7,2
gas_interrupted_4,2023-04-15,7,Gases del Caribe,CE7456,false,false,JOBO,"Sahagún, COR",Mañana,20,true,,CTG,"Cartagena, BOL",49,,400,Ramal industrial,0,37,11,6,6
gas_interrupted_4,2023-04-16,1,Efigas,CE1972,false,false,JOBO,"Sahagún, COR",Madrugada,6,true,,CTG,"Cartagena, BOL",51,,656,troncal norte,3,15,14,6,8
gas_interrupted_4,2023-04-17,2,Efigas,CE8680,true,false,BALLE,"Manaure, LAG",Tarde,10,true,,BAQ,"Barranquilla, ATL",18,,110,Regional Sabanas,3,4,2,2,14
gas_interrupted_4,2023-04-18,3,Gases del Caribe,CE4484,true,false,BALLE,"Manaure, LAG",Noche,-7,false,,MAM,"Cartagena, BOL",39,,617,Regional Sabanas,0,18,1,18,3
gas_interrupted_4,2023-04-19,4,Surtigas,CE1651,true,false,BALLE,"Manaure, LAG",Noche,-8,false,,STM,"Santa Marta, MAG",76,,425,Regional Sabanas,0,21,34,12,1
gas_interrupted_4,2023-04-20,5,Gases del Caribe,CE0102,true,false,JOBO,"Sahagún, COR",Noche,15,true,,SIN,"Sincelejo, SUC",80,,562,Troncal principal,12,4,16,7,30
gas_interrupted_4,2023-04-21,6,Gases de la Guajira,CE7948,true,true,BALLE,"Manaure, LAG",Mañana,-3,false,,SIN,"Sincelejo, SUC",74,,551,troncal norte,28,16,1,2,9
gas_interrupted_4,2023-04-22,7,Surtigas,CE7650,true,false,BALLE,"Manaure, LAG",Noche,50,true,,STM,"Santa Marta, MAG",32,,247,regional sur,15,13,7,3,5
gas_interrupted_4,2023-04-23,1,Gasnacer,CE8132,true,false,BALLE,"Manaure, LAG",Madrugada,27,true,,MAM,"Cartagena, BOL",30,,425,ductos varios,16,6,1,3,13
gas_interrupted_4,2023-04-24,2,Surtigas,CE5145,false,false,BALLE,"Manaure, LAG",Tarde,17,true,,RIO,"Riohacha, LAG",44,,357,RAMAL urbano,1,1,17,16,3
gas_interrupted_4,2023-04-25,3,Surtigas,CE5150,false,true,JOBO,"Sahagún, COR",Mañana,27,true,,MTR,"Montería, COR",47,,143,ductos varios,1,11,26,12,3
gas_interrupted_4,2023-04-26,4,Gases del Caribe,CE0635,true,false,JOBO,"Sahagún, COR",Mañana,51,true,,MTR,"Montería, COR",26,,610,Ramal industrial,5,17,0,8,5
gas_interrupted_4,2023-04-27,5,Gases de la Guajira,CE9076,true,false,JOBO,"Sahagún, COR",Tarde,-5,false,,STM,"Santa Marta, MAG",144,,636,Regional Sabanas,5,35,28,32,0
gas_interrupted_4,2023-04-28,6,Gases del Caribe,CE4620,true,false,BALLE,"Manaure, LAG",Mañana,48,true,,SIN,"Sincelejo, SUC",109,,120,Ramal industrial,5,15,21,11,32
gas_interrupted_4,2023-04-29,7,Gases del Caribe,CE9526,false,false,JOBO,"Sahagún, COR",Madrugada,44,true,,RIO,"Riohacha, LAG",88,,293,Regional Sabanas,11,28,27,29,9
gas_interrupted_4,2023-04-30,1,Gases del Caribe,CE0643,false,true,JOBO,"Sahagún, COR",Tarde,-13,false,,MTR,"Montería, COR",49,,327,Ramal industrial,1,2,2,14,23
gas_interrupted_5,2023-05-01,2,Gases del Caribe,CE9373,false,false,JOBO,"Sahagún, COR",Tarde,46,true,,CTG,"Cartagena, BOL",48,,490,ductos varios,7,25,0,6,3
gas_interrupted_5,2023-05-02,3,Gases del Caribe,CE0740,true,false,JOBO,"Sahagún, COR",Mañana,44,true,,MAM,"Cartagena, BOL",26,,608,RAMAL urbano,17,0,16,0,2
gas_interrupted_5,2023-05-03,4,Efigas,CE4595,false,false,JOBO,"Sahagún, COR",Noche,19,true,,VDP,"Valledupar, CES",41,,602,Ramal industrial,15,6,4,18,8
gas_interrupted_5,2023-05-04,5,Surtigas,CE9324,true,false,BALLE,"Manaure, LAG",Madrugada,-11,false,,SIN,"Sincelejo, SUC",13,,322,Regional Sabanas,8,2,0,1,1
gas_interrupted_5,2023-05-05,6,Gases del Caribe,CE2577,true,false,JOBO,"Sahagún, COR",Mañana,-14,false,,STM,"Santa Marta, MAG",27,,617,regional sur,12,0,8,1,3
gas_interrupted_5,2023-05-06,7,Gases del Caribe,CE5503,true,false,JOBO,"Sahagún, COR",Mañana,14,true,,RIO,"Riohacha, LAG",77,,659,RAMAL urbano,0,5,15,32,18
gas_interrupted_5,2023-05-07,1,Surtigas,CE9050,true,false,BALLE,"Manaure, LAG",Noche,40,true,,CTG,"Cartagena, BOL",71,,424,regional sur,5,1,24,18,20
gas_interrupted_5,2023-05-08,2,Gasnacer,CE4407,true,false,JOBO,"Sahagún, COR",Noche,-8,false,,VDP,"Valledupar, CES",51,,220,Troncal principal,20,1,2,8,22
gas_interrupted_5,2023-05-09,3,Gases del Caribe,CE0391,true,true,JOBO,"Sahagún, COR",Mañana,34,true,,RIO,"Riohacha, LAG",45,,102,Regional Sabanas,15,18,14,5,10
gas_interrupted_5,2023-05-10,4,Gases de la Guajira,CE4381,true,false,BALLE,"Manaure, LAG",Noche,44,true,,VDP,"Valledupar, CES",27,,386,Regional Sabanas,2,7,4,14,3
gas_interrupted_5,2023-05-11,5,Efigas,CE3884,false,true,BALLE,"Manaure, LAG",Tarde,-12,false,,MAM,"Cartagena, BOL",64,,631,Troncal principal,12,15,33,1,6
gas_interrupted_5,2023-05-12,6,Gases de la Guajira,CE8163,true,false,JOBO,"Sahagún, COR",Mañana,57,true,,SIN,"Sincelejo, SUC",90,,435,RAMAL urbano,20,31,0,4,17
gas_interrupted_5,2023-05-13,7,Gases de la Guajira,CE0058,true,false,BALLE,"Manaure, LAG",Mañana,57,true,,MTR,"Montería, COR",64,,103,Regional Sabanas,25,22,12,4,18
gas_interrupted_5,2023-05-14,1,Gases del Caribe,CE7812,false,false,JOBO,"Sahagún, COR",Mañana,34,true,,MAM,"Cartagena, BOL",29,,656,ductos varios,4,6,4,12,0
gas_interrupted_5,2023-05-15,2,Gasnacer,CE8352,true,false,JOBO,"Sahagún, COR",Mañana,-13,false,,VDP,"Valledupar, CES",24,,326,Regional Sabanas,16,2,0,3,1
gas_interrupted_5,2023-05-16,3,Gases de la Guajira,CE3321,true,false,JOBO,"Sahagún, COR",Madrugada,20,true,,MTR,"Montería, COR",47,,473,RAMAL urbano,6,26,2,4,21
gas_interrupted_5,2023-05-17,4,Gases del Caribe,CE5545,true,false,BALLE,"Manaure, LAG",Noche,4,true,,MTR,"Montería, COR",23,,610,Ramal industrial,12,0,3,1,7
gas_interrupted_5,2023-05-18,5,Surtigas,CE9186,true,false,BALLE,"Manaure, LAG",Tarde,32,true,,MAM,"Cartagena, BOL",65,,576,Ramal industrial,4,1,24,19,4
gas_interrupted_5,2023-05-19,6,Gases del Caribe,CE7711,true,false,JOBO,"Sahagún, COR",Tarde,-13,false,,RIO,"Riohacha, LAG",86,,600,regional sur,11,3,6,14,34
gas_interrupted_5,2023-05-20,7,Gases del Caribe,CE6935,false,false,BALLE,"Manaure, LAG",Tarde,53,true,,STM,"Santa Marta, MAG",53,,211,troncal norte,13,14,25,11,5
gas_interrupted_5,2023-05-21,1,Surtigas,CE1373,true,false,BALLE,"Manaure, LAG",Madrugada,5,true,,MAM,"Cartagena, BOL",29,,153,Troncal principal,10,0,16,5,7
gas_interrupted_5,2023-05-22,2,Gases de la Guajira,CE7258,true,false,BALLE,"Manaure, LAG",Madrugada,25,true,,STM,"Santa Marta, MAG",22,,421,RAMAL urbano,1,7,3,8,2
gas_interrupted_5,2023-05-23,3,Gasnacer,CE2176,true,false,BALLE,"Manaure, LAG",Noche,60,true,,CTG,"Cartagena, BOL",49,,536,ductos varios,30,14,2,13,2
gas_interrupted_5,2023-05-24,4,Surtigas,CE0650,true,false,JOBO,"Sahagún, COR",Tarde,36,true,,RIO,"Riohacha, LAG",40,,581,troncal norte,0,1,10,25,20
gas_interrupted_5,2023-05-25,5,Gases de la Guajira,CE2555,true,false,JOBO,"Sahagún, COR",Madrugada,13,true,,MTR,"Montería, COR",95,,402,Ramal industrial,24,0,38,4,7
gas_interrupted_5,2023-05-26,6,Gases del Caribe,CE1266,true,false,JOBO,"Sahagún, COR",Mañana,7,true,,CTG,"Cartagena, BOL",26,,115,Troncal principal,3,1,2,14,4
gas_interrupted_5,2023-05-27,7,Efigas,CE8742,true,false,BALLE,"Manaure, LAG",Noche,8,true,,RIO,"Riohacha, LAG",56,,375,ductos varios,0,11,15,19,17
gas_interrupted_5,2023-05-28,1,Surtigas,CE2079,false,false,JOBO,"Sahagún, COR",Madrugada,2,true,,BAQ,"Barranquilla, ATL",65,,479,RAMAL urbano,1,29,1,8,28
gas_interrupted_5,2023-05-29,2,Surtigas,CE4867,false,false,BALLE,"Manaure, LAG",Noche,1,true,,CTG,"Cartagena, BOL",31,,405,Troncal principal,9,14,2,3,5
gas_interrupted_5,2023-05-30,3,Gases del Caribe,CE0599,false,false,BALLE,"Manaure, LAG",Mañana,15,true,,MAM,"Cartagena, BOL",34,,475,Ramal industrial,12,2,16,4,10
gas_interrupted_5,2023-05-31,4,Gasnacer,CE4957,false,false,JOBO,"Sahagún, COR",Madrugada,55,true,,MTR,"Montería, COR",64,,341,Troncal principal,23,3,10,4,12
gas_interrupted_6,2023-06-01,5,Gasnacer,CE2058,false,false,JOBO,"Sahagún, COR",Mañana,59,true,,MAM,"Cartagena, BOL",67,,214,RAMAL urbano,4,19,3,14,6
gas_interrupted_6,2023-06-02,6,Gases del Caribe,CE4378,false,false,JOBO,"Sahagún, COR",Mañana,21,true,,BAQ,"Barranquilla, ATL",32,,80,Ramal industrial,0,0,18,7,8
gas_interrupted_6,2023-06-03,7,Gases de la Guajira,CE4355,true,true,BALLE,"Manaure, LAG",Noche,-10,false,,MTR,"Montería, COR",36,,278,Ramal industrial,6,0,8,15,9
gas_interrupted_6,2023-06-04,1,Surtigas,CE0934,true,false,BALLE,"Manaure, LAG",Noche,11,true,,BAQ,"Barranquilla, ATL",50,,611,troncal norte,16,29,0,0,0
gas_interrupted_6,2023-06-05,2,Surtigas,CE8651,true,false,JOBO,"Sahagún, COR",Tarde,21,true,,VDP,"Valledupar, CES",75,,586,regional sur,9,12,4,13,32
gas_interrupted_6,2023-06-06,3,Gasnacer,CE4715,true,false,BALLE,"Manaure, LAG",Mañana,57,true,,BAQ,"Barranquilla, ATL",47,,382,Regional Sabanas,7,6,17,17,2
gas_interrupted_6,2023-06-07,4,Gases del Caribe,CE3558,false,true,JOBO,"Sahagún, COR",Madrugada,0,false,,VDP,"Valledupar, CES",31,,160,Regional Sabanas,13,3,8,4,3
gas_interrupted_6,2023-06-08,5,Surtigas,CE5434,false,false,BALLE,"Manaure, LAG",Noche,27,true,,MTR,"Montería, COR",43,,186,ductos varios,0,5,21,1,2
gas_interrupted_6,2023-06-09,6,Gasnacer,CE6570,false,true,JOBO,"Sahagún, COR",Mañana,40,true,,VDP,"Valledupar, CES",87,,650,Regional Sabanas,0,21,8,31,2
gas_interrupted_6,2023-06-10,7,Efigas,CE9337,false,true,JOBO,"Sahagún, COR",Madrugada,23,true,,STM,"Santa Marta, MAG",32,,312,troncal norte,8,0,14,3,3
gas_interrupted_6,2023-06-11,1,Gases de la Guajira,CE6652,false,true,JOBO,"Sahagún, COR",Noche,20,true,,CTG,"Cartagena, BOL",25,,549,Ramal industrial,7,4,1,4,1
gas_interrupted_6,2023-06-12,2,Efigas,CE7394,true,false,JOBO,"Sahagún, COR",Madrugada,-9,false,,CTG,"Cartagena, BOL",27,,257,regional sur,1,12,7,9,3
gas_interrupted_6,2023-06-13,null,Gases de la Guajira,CE7854,true,true,JOBO,"Sahagún, COR",Noche,-9,false,,BAQ,"Barranquilla, ATL",47,,247,Regional Sabanas,6,4,4,13,11
gas_interrupted_6,2023-06-14,4,Gases de la Guajira,CE2721,true,true,JOBO,"Sahagún, COR",Tarde,-9,false,,BAQ,"Barranquilla, ATL",133,,142,Regional Sabanas,7,25,18,23,34
gas_interrupted_6,2023-06-15,5,Gases de la Guajira,CE1697,true,true,JOBO,"Sahagún, COR",Noche,-5,false,,BAQ,"Barranquilla, ATL",54,,207,Ramal industrial,17,9,12,4,4
gas_interrupted_6,2023-06-16,6,Efigas,CE8964,true,false,BALLE,"Manaure, LAG",Tarde,31,true,,RIO,"Riohacha, LAG",77,,473,RAMAL urbano,10,2,13,26,17
gas_interrupted_6,2023-06-17,7,Gases de la Guajira,CE3714,true,true,BALLE,"Manaure, LAG",Madrugada,2,true,,MAM,"Cartagena, BOL",28,,381,RAMAL urbano,14,1,1,1,2
gas_interrupted_6,2023-06-18,1,Gases del Caribe,CE8879,true,false,BALLE,"Manaure, LAG",Madrugada,24,true,,SIN,"Sincelejo, SUC",61,,222,RAMAL urbano,5,1,3,7,26
gas_interrupted_6,2023-06-19,2,Efigas,CE7137,true,false,JOBO,"Sahagún, COR",Noche,-6,false,,MAM,"Cartagena, BOL",23,,381,ductos varios,24,0,0,6,2
gas_interrupted_6,2023-06-20,3,Efigas,CE0624,true,true,JOBO,"Sahagún, COR",Madrugada,48,true,,RIO,"Riohacha, LAG",27,,418,Troncal principal,18,4,13,1,0
gas_interrupted_6,2023-06-21,4,Efigas,CE3110,true,false,BALLE,"Manaure, LAG",Mañana,53,true,,SIN,"Sincelejo, SUC",31,,533,Regional Sabanas,0,0,1,9,12
gas_interrupted_6,2023-06-22,5,Gasnacer,CE5672,false,false,BALLE,"Manaure, LAG",Madrugada,55,true,,BAQ,"Barranquilla, ATL",82,,242,Regional Sabanas,7,21,14,2,27
gas_interrupted_6,2023-06-23,6,Gases del Caribe,CE4519,true,false,JOBO,"Sahagún, COR",Tarde,22,true,,RIO,"Riohacha, LAG",41,,282,Regional Sabanas,3,23,16,1,12
gas_interrupted_6,2023-06-24,7,Surtigas,CE4805,false,false,BALLE,"Manaure, LAG",Madrugada,51,true,,STM,"Santa Marta, MAG",81,,473,RAMAL urbano,1,23,6,21,16
gas_interrupted_6,2023-06-25,1,Efigas,CE0250,true,true,BALLE,"Manaure, LAG",Madrugada,11,true,,SIN,"Sincelejo, SUC",52,,546,regional sur,8,3,30,21,0
gas_interrupted_6,2023-06-26,2,Gases del Caribe,CE2335,true,false,,"Manaure, LAG",Madrugada,43,true,,VDP,"Valledupar, CES",54,,299,RAMAL urbano,14,21,18,12,0
gas_interrupted_6,2023-06-27,3,Efigas,CE1446,true,true,BALLE,"Manaure, LAG",Tarde,-7,false,,BAQ,"Barranquilla, ATL",45,,62,ductos varios,20,30,9,0,4
gas_interrupted_6,2023-06-28,4,Efigas,CE0350,true,false,BALLE,"Manaure, LAG",Tarde,28,true,,SIN,"Sincelejo, SUC",31,,159,troncal norte,6,0,10,4,14
gas_interrupted_6,2023-06-29,5,Gases del Caribe,CE8771,true,true,JOBO,"Sahagún, COR",Mañana,20,true,,STM,"Santa Marta, MAG",16,,325,regional sur,3,4,9,4,0
gas_interrupted_6,2023-06-30,6,Gases de la Guajira,CE3714,true,false,JOBO,"Sahagún, COR",Madrugada,39,true,,CTG,"Cartagena, BOL",54,,482,ductos varios,10,11,2,27,22
gas_interrupted_7,2023-07-01,7,Efigas,CE3187,true,false,BALLE,"Manaure, LAG",Noche,44,true,,MTR,"Montería, COR",26,,289,Regional Sabanas,2,4,1,10,2
gas_interrupted_7,2023-07-02,1,Surtigas,CE4386,true,false,BALLE,"Manaure, LAG",Noche,-5,false,,CTG,"Cartagena, BOL",36,,152,RAMAL urbano,4,14,25,0,1
gas_interrupted_7,2023-07-03,2,Gases del Caribe,CE8380,false,false,JOBO,"Sahagún, COR",Tarde,4,true,,STM,"Santa Marta, MAG",50,,471,regional sur,27,26,1,1,6
gas_interrupted_7,2023-07-04,3,Gasnacer,CE9135,false,true,BALLE,"Manaure, LAG",Tarde,22,true,,SIN,"Sincelejo, SUC",156,,638,regional sur,37,6,31,12,19
gas_interrupted_7,2023-07-05,4,Gases del Caribe,CE1484,true,true,JOBO,"Sahagún, COR",Tarde,4,true,,BAQ,"Barranquilla, ATL",96,,319,RAMAL urbano,34,14,25,24,10
gas_interrupted_7,2023-07-06,5,Gasnacer,CE4640,true,false,BALLE,"Manaure, LAG",Noche,27,true,,VDP,"Valledupar, CES",67,,648,Troncal principal,20,2,3,0,23
gas_interrupted_7,2023-07-07,6,Gasnacer,CE4360,true,true,BALLE,"Manaure, LAG",Tarde,32,true,,VDP,"Valledupar, CES",20,,165,Troncal principal,0,9,3,9,1
gas_interrupted_7,2023-07-08,7,Gases de la Guajira,CE5086,false,false,JOBO,"Sahagún, COR",Madrugada,-15,false,,MAM,"Cartagena, BOL",78,,465,troncal norte,18,1,15,18,6
gas_interrupted_7,2023-07-09,1,Gases del Caribe,CE5520,true,false,BALLE,"Manaure, LAG",Noche,50,true,,SIN,"Sincelejo, SUC",33,,110,Regional Sabanas,0,2,9,13,23
gas_interrupted_7,2023-07-10,2,Surtigas,CE5485,true,false,JOBO,"Sahagún, COR",Noche,-1,false,,VDP,"Valledupar, CES",49,,109,Ramal industrial,3,1,11,29,25
gas_interrupted_7,2023-07-11,3,Surtigas,CE4005,false,false,JOBO,"Sahagún, COR",Tarde,40,true,,CTG,"Cartagena, BOL",34,,592,Troncal principal,2,10,0,16,13
gas_interrupted_7,2023-07-12,4,Gases del Caribe,CE2664,false,false,BALLE,"Manaure, LAG",Madrugada,-14,false,,MAM,"Cartagena, BOL",44,,513,Ramal industrial,6,2,6,2,23
gas_interrupted_7,2023-07-13,5,Gases del Caribe,CE1294,true,false,JOBO,"Sahagún, COR",Tarde,-4,false,,RIO,"Riohacha, LAG",52,,646,regional sur,6,14,0,9,15
gas_interrupted_7,2023-07-14,6,Gases de la Guajira,CE4986,true,true,JOBO,"Sahagún, COR",Madrugada,-6,false,,STM,"Santa Marta, MAG",29,,135,Troncal principal,0,15,0,3,4
gas_interrupted_7,2023-07-15,7,Gases del Caribe,CE7221,false,true,BALLE,"Manaure, LAG",Madrugada,49,true,,STM,"Santa Marta, MAG",88,,424,Regional Sabanas,19,3,6,31,10
gas_interrupted_7,2023-07-16,1,Gasnacer,CE7271,true,true,JOBO,"Sahagún, COR",Mañana,19,true,,MAM,"Cartagena, BOL",56,,642,regional sur,30,12,1,4,5
gas_interrupted_7,2023-07-17,2,Gases de la Guajira,CE3766,false,false,JOBO,"Sahagún, COR",Madrugada,-2,false,,VDP,"Valledupar, CES",32,,124,Ramal industrial,2,10,12,0,2
gas_interrupted_7,2023-07-18,3,Gases del Caribe,CE6754,true,false,JOBO,"Sahagún, COR",Mañana,0,false,,SIN,"Sincelejo, SUC",68,,468,troncal norte,27,0,22,26,1
gas_interrupted_7,2023-07-19,4,Gases de la Guajira,CE5065,true,true,JOBO,"Sahagún, COR",Mañana,31,true,,VDP,"Valledupar, CES",38,,446,troncal norte,5,3,0,20,5
gas_interrupted_7,2023-07-20,5,Surtigas,CE6680,false,false,BALLE,"Manaure, LAG",Mañana,10,true,,SIN,"Sincelejo, SUC",56,,229,troncal norte,17,31,1,16,9
gas_interrupted_7,2023-07-21,6,Surtigas,CE7387,true,false,BALLE,"Manaure, LAG",Tarde,62,true,,STM,"Santa Marta, MAG",84,,628,Regional Sabanas,19,19,10,9,7
gas_interrupted_7,2023-07-22,7,Surtigas,CE6778,false,false,BALLE,"Manaure, LAG",Noche,4,true,,BAQ,"Barranquilla, ATL",20,,252,Troncal principal,1,9,1,8,1
gas_interrupted_7,2023-07-23,1,Efigas,CE3240,true,false,JOBO,"Sahagún, COR",Tarde,-1,false,,RIO,"Riohacha, LAG",62,,109,Regional Sabanas,9,16,0,5,17
gas_interrupted_7,2023-07-24,2,Surtigas,CE2010,false,false,BALLE,"Manaure, LAG",Tarde,-5,false,,STM,"Santa Marta, MAG",11,,129,RAMAL urbano,5,7,1,0,1
gas_interrupted_7,2023-07-25,3,Gases de la Guajira,CE0445,true,false,JOBO,"Sahagún, COR",Madrugada,24,true,,STM,"Santa Marta, MAG",79,,429,RAMAL urbano,19,30,23,2,12
gas_interrupted_7,2023-07-26,4,Gases de la Guajira,CE5599,false,false,JOBO,"Sahagún, COR",Madrugada,-15,false,,VDP,"Valledupar, CES",92,,413,troncal norte,5,33,0,25,0
gas_interrupted_7,2023-07-27,5,Efigas,CE3960,false,false,BALLE,"Manaure, LAG",Mañana,61,true,,STM,"Santa Marta, MAG",37,,434,regional sur,14,7,2,4,21
gas_interrupted_7,2023-07-28,6,Gasnacer,CE3790,true,false,JOBO,"Sahagún, COR",Mañana,15,true,,MAM,"Cartagena, BOL",19,,645,ductos varios,7,0,2,8,6
gas_interrupted_7,2023-07-29,7,Gases del Caribe,CE8703,true,true,JOBO,"Sahagún, COR",Mañana,6,true,,MAM,"Cartagena, BOL",36,,267,ductos varios,9,6,0,9,1
gas_interrupted_7,2023-07-30,1,Gasnacer,CE6095,true,true,JOBO,"Sahagún, COR",Noche,32,true,,SIN,"Sincelejo, SUC",55,,422,Troncal principal,6,2,27,8,4
gas_interrupted_7,2023-07-31,2,Gases de la Guajira,CE5050,true,false,BALLE,"Manaure, LAG",Tarde,41,true,,CTG,"Cartagena, BOL",30,,304,regional sur,0,25,1,3,3
gas_interrupted_8,2023-08-01,3,Gases de la Guajira,CE4960,false,true,JOBO,"Sahagún, COR",Tarde,17,true,,CTG,"Cartagena, BOL",83,,512,RAMAL urbano,0,19,18,13,28
gas_interrupted_8,2023-08-02,4,Gases del Caribe,CE8238,true,false,BALLE,"Manaure, LAG",Noche,27,true,,VDP,"Valledupar, CES",102,,147,troncal norte,13,8,33,14,2
gas_interrupted_8,2023-08-03,5,Efigas,CE6231,false,false,JOBO,"Sahagún, COR",Tarde,39,true,,STM,"Santa Marta, MAG",61,,232,ductos varios,10,5,4,27,9
gas_interrupted_8,2023-08-04,6,Gases del Caribe,CE9204,true,false,BALLE,"Manaure, LAG",Tarde,-6,false,,MTR,"Montería, COR",17,,418,ductos varios,3,0,6,0,8
gas_interrupted_8,2023-08-05,7,Efigas,CE6190,false,true,JOBO,"Sahagún, COR",Mañana,5,true,,RIO,"Riohacha, LAG",75,,194,Ramal industrial,31,28,2,0,6
gas_interrupted_8,2023-08-06,1,Efigas,CE9844,true,true,JOBO,"Sahagún, COR",Noche,-11,false,,CTG,"Cartagena, BOL",93,,223,regional sur,25,16,11,9,2
gas_interrupted_8,2023-08-07,2,Efigas,CE5999,true,false,JOBO,"Sahagún, COR",Noche,8,true,,SIN,"Sincelejo, SUC",93,,468,ductos varios,26,0,9,25,22
gas_interrupted_8,2023-08-08,3,Surtigas,CE7389,false,false,JOBO,"Sahagún, COR",Noche,15,true,,RIO,"Riohacha, LAG",40,,134,Regional Sabanas,25,7,1,4,4
gas_interrupted_8,2023-08-09,4,Gasnacer,CE8389,true,false,BALLE,"Manaure, LAG",Tarde,2,true,,RIO,"Riohacha, LAG",42,,647,Troncal principal,12,1,6,11,7
gas_interrupted_8,2023-08-10,5,Efigas,CE8383,false,false,JOBO,"Sahagún, COR",Mañana,45,true,,SIN,"Sincelejo, SUC",62,,383,regional sur,0,0,17,23,2
gas_interrupted_8,2023-08-11,6,Gases de la Guajira,CE0718,true,true,JOBO,"Sahagún, COR",Mañana,27,true,,SIN,"Sincelejo, SUC",51,,555,Regional Sabanas,8,10,22,2,0
gas_interrupted_8,2023-08-12,7,Gases de la Guajira,CE8094,true,true,BALLE,"Manaure, LAG",Tarde,15,true,,MAM,"Cartagena, BOL",23,,175,regional sur,3,1,0,17,3
gas_interrupted_8,2023-08-13,1,Gases de la Guajira,CE7087,true,false,BALLE,"Manaure, LAG",Madrugada,31,true,,CTG,"Cartagena, BOL",57,,154,ductos varios,7,12,13,7,2
gas_interrupted_8,2023-08-14,2,Gases del Caribe,CE4096,false,true,BALLE,"Manaure, LAG",Madrugada,4,true,,RIO,"Riohacha, LAG",76,,262,Regional Sabanas,8,32,25,3,0
gas_interrupted_8,2023-08-15,3,Gases de la Guajira,CE9024,true,false,BALLE,"Manaure, LAG",Madrugada,-6,false,,MTR,"Montería, COR",84,,291,Regional Sabanas,30,13,25,1,13
gas_interrupted_8,2023-08-16,4,Gases de la Guajira,CE1955,true,false,BALLE,"Manaure, LAG",Tarde,-7,false,,SIN,"Sincelejo, SUC",61,,569,Troncal principal,0,12,5,9,15
gas_interrupted_8,2023-08-17,5,Gases del Caribe,CE5252,false,false,BALLE,"Manaure, LAG",Tarde,51,true,,MTR,"Montería, COR",46,,82,regional sur,23,3,2,4,3
gas_interrupted_8,2023-08-18,6,Gases del Caribe,CE5820,true,true,JOBO,"Sahagún, COR",Mañana,24,true,,MAM,"Cartagena, BOL",37,,418,Troncal principal,21,0,2,8,4
gas_interrupted_8,2023-08-19,7,Gases del Caribe,CE2492,false,false,JOBO,"Sahagún, COR",Tarde,54,true,,BAQ,"Barranquilla, ATL",28,,546,Troncal principal,5,14,8,10,0
gas_interrupted_8,2023-08-20,1,Gases de la Guajira,CE5590,true,false,JOBO,"Sahagún, COR",Mañana,48,true,,SIN,"Sincelejo, SUC",92,,203,Troncal principal,21,6,16,12,7
gas_interrupted_8,2023-08-21,2,Gases del Caribe,CE2367,false,false,JOBO,"Sahagún, COR",Madrugada,-10,false,,STM,"Santa Marta, MAG",48,,298,regional sur,0,13,1,19,2
gas_interrupted_8,2023-08-22,3,Efigas,CE8335,true,true,BALLE,"Manaure, LAG",Tarde,6,true,,VDP,"Valledupar, CES",33,,431,Troncal principal,0,8,12,17,2
gas_interrupted_8,2023-08-23,4,Efigas,CE6651,true,false,BALLE,"Manaure, LAG",Madrugada,7,true,,SIN,"Sincelejo, SUC",88,,544,Regional Sabanas,2,19,17,17,5
gas_interrupted_8,2023-08-24,5,Gases de la Guajira,CE7259,true,true,,"Sahagún, COR",Madrugada,16,true,,SIN,"Sincelejo, SUC",64,,342,Troncal principal,30,1,10,4,7
gas_interrupted_8,2023-08-25,6,Efigas,CE4592,false,false,JOBO,"Sahagún, COR",Noche,-10,false,,CTG,"Cartagena, BOL",43,,657,troncal norte,18,26,8,5,1
gas_interrupted_8,2023-08-26,7,Gases del Caribe,CE8296,false,true,BALLE,"Manaure, LAG",Tarde,5,true,,MAM,"Cartagena, BOL",91,,567,RAMAL urbano,17,13,8,13,21
gas_interrupted_8,2023-08-27,1,Gasnacer,CE7823,false,true,JOBO,"Sahagún, COR",Tarde,5,true,,MTR,"Montería, COR",52,,242,ductos varios,24,2,6,3,0
gas_interrupted_8,2023-08-28,2,Gases del Caribe,CE7580,true,false,BALLE,"Manaure, LAG",Tarde,51,true,,STM,"Santa Marta, MAG",72,,339,regional sur,6,1,12,3,30
gas_interrupted_8,2023-08-29,3,Gases del Caribe,CE2989,true,false,JOBO,"Sahagún, COR",Mañana,7,true,,CTG,"Cartagena, BOL",70,,182,Troncal principal,6,12,22,14,3
gas_interrupted_8,2023-08-30,4,Surtigas,CE1882,true,false,BALLE,"Manaure, LAG",Mañana,-8,false,,MAM,"Cartagena, BOL",65,,461,Ramal industrial,10,7,12,2,25
gas_interrupted_8,2023-08-31,5,Gasnacer,CE0161,false,false,BALLE,"Manaure, LAG",Mañana,60,true,,RIO,"Riohacha, LAG",77,,344,Troncal principal,1,4,20,18,20
gas_interrupted_9,2023-09-01,6,Efigas,CE5207,false,false,JOBO,"Sahagún, COR",Tarde,-14,false,,VDP,"Valledupar, CES",14,,212,RAMAL urbano,4,9,0,4,1
gas_interrupted_9,2023-09-02,7,Surtigas,CE9377,false,false,BALLE,"Manaure, LAG",Madrugada,24,true,,MAM,"Cartagena, BOL",34,,111,troncal norte,6,3,5,4,7
gas_interrupted_9,2023-09-03,1,Gases de la Guajira,CE4574,true,false,BALLE,"Manaure, LAG",Noche,36,true,,MTR,"Montería, COR",56,,471,troncal norte,14,11,10,1,7
gas_interrupted_9,2023-09-04,2,Gases de la Guajira,CE8884,false,false,JOBO,"Sahagún, COR",Madrugada,-13,false,,MAM,"Cartagena, BOL",35,,496,regional sur,1,5,11,6,7
gas_interrupted_9,2023-09-05,3,Surtigas,CE2890,false,false,JOBO,"Sahagún, COR",Noche,63,true,,BAQ,"Barranquilla, ATL",36,,458,Regional Sabanas,8,3,5,6,8
gas_interrupted_9,2023-09-06,4,Gasnacer,CE0766,true,false,BALLE,"Manaure, LAG",Noche,57,true,,SIN,"Sincelejo, SUC",110,,627,troncal norte,0,15,20,19,21
gas_interrupted_9,2023-09-07,5,Gases del Caribe,CE6770,false,true,JOBO,"Sahagún, COR",Mañana,30,true,,VDP,"Valledupar, CES",29,,494,regional sur,3,10,2,9,1
gas_interrupted_9,2023-09-08,6,Gases de la Guajira,CE4172,true,false,JOBO,"Sahagún, COR",Mañana,39,true,,BAQ,"Barranquilla, ATL",52,,539,regional sur,3,13,0,8,28
gas_interrupted_9,2023-09-09,7,Surtigas,CE1390,true,true,BALLE,"Manaure, LAG",Mañana,18,true,,MAM,"Cartagena, BOL",42,,367,Ramal industrial,17,6,0,5,16
gas_interrupted_9,2023-09-10,1,Efigas,CE5654,true,true,JOBO,"Sahagún, COR",Mañana,50,true,,BAQ,"Barranquilla, ATL",70,,162,Ramal industrial,4,5,17,7,27
gas_interrupted_9,2023-09-11,2,Gasnacer,CE4299,true,false,BALLE,"Manaure, LAG",Noche,41,true,,VDP,"Valledupar, CES",57,,142,Troncal principal,11,6,11,13,6
gas_interrupted_9,2023-09-12,3,Gases del Caribe,CE5261,false,false,BALLE,"Manaure, LAG",Madrugada,21,true,,MTR,"Montería, COR",40,,557,ductos varios,0,2,28,6,9
gas_interrupted_9,2023-09-13,4,Efigas,CE3154,true,true,JOBO,"Sahagún, COR",Noche,3,true,,BAQ,"Barranquilla, ATL",24,,322,Ramal industrial,2,0,25,2,0
gas_interrupted_9,2023-09-14,5,Gases del Caribe,CE9821,true,true,JOBO,"Sahagún, COR",Tarde,11,true,,STM,"Santa Marta, MAG",73,,511,regional sur,21,1,6,27,15
gas_interrupted_9,2023-09-15,6,Gases del Caribe,CE4372,true,false,BALLE,"Manaure, LAG",Noche,4,true,,MAM,"Cartagena, BOL",97,,554,RAMAL urbano,24,35,5,22,21
gas_interrupted_9,2023-09-16,7,Gases de la Guajira,CE8819,true,false,BALLE,"Manaure, LAG",Noche,-12,false,,MTR,"Montería, COR",90,,620,regional sur,29,3,15,4,11
gas_interrupted_9,2023-09-17,1,Gases de la Guajira,CE4854,true,true,BALLE,"Manaure, LAG",Mañana,-11,false,,BAQ,"Barranquilla, ATL",89,,135,regional sur,16,4,24,6,12
gas_interrupted_9,2023-09-18,2,Gases del Caribe,CE7330,false,false,BALLE,"Manaure, LAG",Mañana,63,true,,CTG,"Cartagena, BOL",72,,141,Ramal industrial,8,8,37,10,8
gas_interrupted_9,2023-09-19,3,Surtigas,CE9558,false,true,BALLE,"Manaure, LAG",Tarde,1,true,,SIN,"Sincelejo, SUC",41,,545,Ramal industrial,9,17,2,1,7
gas_interrupted_9,2023-09-20,4,Efigas,CE5408,true,false,BALLE,"Manaure, LAG",Madrugada,40,true,,BAQ,"Barranquilla, ATL",44,,189,Troncal principal,26,10,1,13,0
gas_interrupted_9,2023-09-21,5,Efigas,CE5903,true,false,JOBO,"Sahagún, COR",Tarde,39,true,,STM,"Santa Marta, MAG",41,,247,Troncal principal,12,16,2,0,0
gas_interrupted_9,2023-09-22,6,Gases de la Guajira,CE0982,false,false,JOBO,"Sahagún, COR",Noche,64,true,,RIO,"Riohacha, LAG",16,,598,Regional Sabanas,4,5,1,0,12
gas_interrupted_9,2023-09-23,7,Gases de la Guajira,CE1767,false,false,BALLE,"Manaure, LAG",Tarde,64,true,,MTR,"Montería, COR",26,,340,RAMAL urbano,0,4,10,3,9
gas_interrupted_9,2023-09-24,1,Surtigas,CE3384,true,false,JOBO,"Sahagún, COR",Mañana,40,true,,BAQ,"Barranquilla, ATL",44,,642,Troncal principal,0,2,0,13,15
gas_interrupted_9,2023-09-25,2,Gases del Caribe,CE8302,true,false,JOBO,"Sahagún, COR",Noche,47,true,,MTR,"Montería, COR",47,,162,ductos varios,11,25,1,6,6
gas_interrupted_9,2023-09-26,3,Efigas,CE0870,false,false,BALLE,"Manaure, LAG",Noche,39,true,,BAQ,"Barranquilla, ATL",43,,356,ductos varios,11,9,7,5,1
gas_interrupted_9,2023-09-27,4,Surtigas,CE6501,false,false,JOBO,"Sahagún, COR",Noche,53,true,,MAM,"Cartagena, BOL",77,,167,Troncal principal,13,14,28,2,0
gas_interrupted_9,2023-09-28,5,Gases del Caribe,CE0772,true,false,BALLE,"Manaure, LAG",Mañana,11,true,,BAQ,"Barranquilla, ATL",66,,423,troncal norte,2,23,2,11,7
gas_interrupted_9,2023-09-29,6,Surtigas,CE9921,false,true,BALLE,"Manaure, LAG",Tarde,-13,false,,CTG,"Cartagena, BOL",39,,92,regional sur,2,3,11,7,7
gas_interrupted_9,2023-09-30,7,Gases de la Guajira,CE8158,true,false,BALLE,"Manaure, LAG",Madrugada,46,true,,RIO,"Riohacha, LAG",81,,460,troncal norte,16,10,1,24,18
gas_interrupted_10,2023-10-01,1,Surtigas,CE0447,false,true,JOBO,"Sahagún, COR",Noche,50,true,,MTR,"Montería, COR",74,,649,troncal norte,16,30,0,7,10
gas_interrupted_10,2023-10-02,null,Efigas,CE2091,true,true,JOBO,"Sahagún, COR",Mañana,52,true,,BAQ,"Barranquilla, ATL",26,,125,RAMAL urbano,6,7,2,0,7
gas_interrupted_10,2023-10-03,3,Gases de la Guajira,CE1291,true,false,JOBO,"Sahagún, COR",Mañana,26,true,,SIN,"Sincelejo, SUC",26,,187,troncal norte,5,7,1,8,1
gas_interrupted_10,2023-10-04,4,Gases del Caribe,CE0381,true,false,BALLE,"Manaure, LAG",Madrugada,5,true,,STM,"Santa Marta, MAG",19,,261,regional sur,2,0,0,13,4
gas_interrupted_10,2023-10-05,5,Surtigas,CE5240,true,false,BALLE,"Manaure, LAG",Madrugada,2,true,,SIN,"Sincelejo, SUC",57,,148,Regional Sabanas,5,31,8,4,5
gas_interrupted_10,2023-10-06,6,Gasnacer,CE5698,true,false,BALLE,"Manaure, LAG",Mañana,6,true,,BAQ,"Barranquilla, ATL",38,,631,regional sur,5,0,1,19,1
gas_interrupted_10,2023-10-07,7,Gases del Caribe,CE1334,true,false,JOBO,"Sahagún, COR",Tarde,4,true,,MAM,"Cartagena, BOL",32,,520,Ramal industrial,14,2,0,13,3
gas_interrupted_10,2023-10-08,1,Gases del Caribe,CE1,true,false,BALLE,"Manaure, LAG",Mañana,-2,false,,MAM,"Cartagena, BOL",67,,404,regional sur,28,2,1,32,1
gas_interrupted_10,2023-10-09,2,Gases de la Guajira,CE4135,false,false,BALLE,"Manaure, LAG",Noche,5,true,,BAQ,"Barranquilla, ATL",26,,356,regional sur,10,6,4,1,1
gas_interrupted_10,2023-10-10,3,Gases de la Guajira,CE6789,false,true,BALLE,"Manaure, LAG",Mañana,5,true,,BAQ,"Barranquilla, ATL",35,,615,ductos varios,14,2,10,9,5
gas_interrupted_10,2023-10-11,4,Gasnacer,CE1062,true,false,JOBO,"Sahagún, COR",Mañana,-7,false,,MTR,"Montería, COR",46,,125,Regional Sabanas,15,4,3,17,18
gas_interrupted_10,2023-10-12,5,Gases de la Guajira,CE3832,true,false,JOBO,"Sahagún, COR",Mañana,30,true,,MTR,"Montería, COR",34,,314,Ramal industrial,3,17,7,1,0
gas_interrupted_10,2023-10-13,6,Efigas,CE6774,true,false,BALLE,"Manaure, LAG",Mañana,0,false,,VDP,"Valledupar, CES",61,,321,Ramal industrial,17,8,4,2,14
gas_interrupted_10,2023-10-14,7,Surtigas,CE3181,false,false,BALLE,"Manaure, LAG",Tarde,23,true,,VDP,"Valledupar, CES",37,,517,Ramal industrial,1,11,27,3,3
gas_interrupted_10,2023-10-15,1,Efigas,CE3478,false,true,JOBO,"Sahagún, COR",Tarde,23,true,,SIN,"Sincelejo, SUC",125,,548,Troncal principal,31,33,13,3,16
gas_interrupted_10,2023-10-16,2,Gases de la Guajira,CE0489,false,false,BALLE,"Manaure, LAG",Noche,45,true,,RIO,"Riohacha, LAG",52,,497,Troncal principal,1,22,1,23,0
gas_interrupted_10,2023-10-17,3,Gases del Caribe,CE8664,false,false,BALLE,"Manaure, LAG",Mañana,58,true,,MAM,"Cartagena, BOL",72,,529,troncal norte,4,9,8,33,9
gas_interrupted_10,2023-10-18,4,Gases de la Guajira,CE2814,true,false,JOBO,"Sahagún, COR",Madrugada,19,true,,MAM,"Cartagena, BOL",35,,492,RAMAL urbano,0,0,25,8,17
gas_interrupted_10,2023-10-19,5,Efigas,CE2496,true,false,BALLE,"Manaure, LAG",Noche,52,true,,BAQ,"Barranquilla, ATL",70,,648,RAMAL urbano,5,2,8,12,22
gas_interrupted_10,2023-10-20,6,Gases de la Guajira,CE0305,true,false,BALLE,"Manaure, LAG",Mañana,38,true,,SIN,"Sincelejo, SUC",51,,110,Ramal industrial,33,0,2,0,1
gas_interrupted_10,2023-10-21,7,Gases de la Guajira,CE0098,true,true,BALLE,"Manaure, LAG",Mañana,60,true,,STM,"Santa Marta, MAG",40,,256,troncal norte,1,15,5,3,5
gas_interrupted_10,2023-10-22,1,Gasnacer,CE7146,true,false,JOBO,"Sahagún, COR",Tarde,6,true,,MTR,"Montería, COR",60,,174,regional sur,1,0,24,22,15
gas_interrupted_10,2023-10-23,2,Gasnacer,CE3111,true,false,JOBO,"Sahagún, COR",Mañana,10,true,,BAQ,"Barranquilla, ATL",48,,571,ductos varios,13,3,13,6,14
gas_interrupted_10,2023-10-24,3,Gases de la Guajira,CE3704,true,true,,"Manaure, LAG",Tarde,10,true,,VDP,"Valledupar, CES",48,,428,ductos varios,10,12,7,3,8
gas_interrupted_10,2023-10-25,4,Gases del Caribe,CE0470,true,true,JOBO,"Sahagún, COR",Tarde,28,true,,MAM,"Cartagena, BOL",33,,650,ductos varios,0,1,9,15,3
gas_interrupted_10,2023-10-26,5,,CE9774,true,false,BALLE,"Manaure, LAG",Noche,64,true,,MAM,"Cartagena, BOL",23,,398,ductos varios,0,1,5,4,11
gas_interrupted_10,2023-10-27,null,Gases del Caribe,CE2029,true,false,JOBO,"Sahagún, COR",Mañana,7,true,,MTR,"Montería, COR",44,,294,Regional Sabanas,5,14,0,0,11
gas_interrupted_10,2023-10-28,7,Gases de la Guajira,CE9951,true,true,BALLE,"Manaure, LAG",Mañana,20,true,,MAM,"Cartagena, BOL",112,,69,Ramal industrial,27,25,20,13,11
gas_interrupted_10,2023-10-29,1,Gases del Caribe,CE3881,true,false,JOBO,"Sahagún, COR",Madrugada,44,true,,SIN,"Sincelejo, SUC",75,,504,RAMAL urbano,3,27,5,28,17
gas_interrupted_10,2023-10-30,2,Gases de la Guajira,CE3053,true,false,JOBO,"Sahagún, COR",Noche,61,true,,MTR,"Montería, COR",14,,524,Regional Sabanas,2,7,0,0,3
gas_interrupted_10,2023-10-31,3,Gasnacer,CE8950,true,false,BALLE,"Manaure, LAG",Noche,13,true,,BAQ,"Barranquilla, ATL",72,,585,troncal norte,13,3,27,7,2
gas_interrupted_11,2023-11-01,4,Efigas,CE5442,false,false,BALLE,"Manaure, LAG",Noche,53,true,,BAQ,"Barranquilla, ATL",42,,608,Troncal principal,9,7,30,7,0
gas_interrupted_11,2023-11-02,5,Gasnacer,CE1280,true,true,BALLE,"Manaure, LAG",Madrugada,8,true,,RIO,"Riohacha, LAG",78,,282,ductos varios,24,5,0,24,9
gas_interrupted_11,2023-11-03,6,Gases de la Guajira,CE5002,true,false,JOBO,"Sahagún, COR",Tarde,-6,false,,MTR,"Montería, COR",57,,305,Regional Sabanas,7,5,0,10,20
gas_interrupted_11,2023-11-04,7,Gases de la Guajira,CE0091,false,false,JOBO,"Sahagún, COR",Madrugada,42,true,,STM,"Santa Marta, MAG",76,,469,Ramal industrial,16,3,2,31,10
gas_interrupted_11,2023-11-05,1,Gases de la Guajira,CE2067,false,true,BALLE,"Manaure, LAG",Mañana,5,true,,MAM,"Cartagena, BOL",34,,537,Troncal principal,0,4,22,0,18
gas_interrupted_11,2023-11-06,2,Gases del Caribe,CE1295,true,true,BALLE,"Manaure, LAG",Madrugada,2,true,,MAM,"Cartagena, BOL",37,,344,Ramal industrial,8,0,8,1,16
gas_interrupted_11,2023-11-07,3,Gases de la Guajira,CE1,false,true,BALLE,"Manaure, LAG",Madrugada,11,true,,BAQ,"Barranquilla, ATL",66,,482,Regional Sabanas,12,13,0,18,10
gas_interrupted_11,2023-11-08,null,Surtigas,CE2346,true,false,JOBO,"Sahagún, COR",Madrugada,9,true,,MAM,"Cartagena, BOL",13,,452,Ramal industrial,2,0,7,4,4
gas_interrupted_11,2023-11-09,5,Gasnacer,CE9092,false,true,BALLE,"Manaure, LAG",Madrugada,-11,false,,BAQ,"Barranquilla, ATL",101,,543,regional sur,7,13,25,34,20
gas_interrupted_11,2023-11-10,6,Gases del Caribe,CE1388,true,false,BALLE,"Manaure, LAG",Mañana,52,true,,MTR,"Montería, COR",64,,164,Ramal industrial,0,19,5,18,3
gas_interrupted_11,2023-11-11,7,Gasnacer,CE5010,true,true,BALLE,"Manaure, LAG",Noche,7,true,,BAQ,"Barranquilla, ATL",43,,549,Troncal principal,3,19,5,13,11
gas_interrupted_11,2023-11-12,1,Surtigas,CE6706,true,false,JOBO,"Sahagún, COR",Tarde,22,true,,MAM,"Cartagena, BOL",57,,264,Regional Sabanas,23,2,17,27,7
gas_interrupted_11,2023-11-13,2,Gasnacer,CE9840,true,true,JOBO,"Sahagún, COR",Mañana,-15,false,,MAM,"Cartagena, BOL",56,,403,ductos varios,6,29,1,10,6
gas_interrupted_11,2023-11-14,3,Efigas,CE4130,true,false,JOBO,"Sahagún, COR",Madrugada,62,true,,CTG,"Cartagena, BOL",53,,641,troncal norte,27,9,5,13,2
gas_interrupted_11,2023-11-15,4,Surtigas,CE0795,true,true,BALLE,"Manaure, LAG",Noche,-2,false,,MTR,"Montería, COR",51,,391,RAMAL urbano,22,13,14,4,13
gas_interrupted_11,2023-11-16,5,Gases de la Guajira,CE7968,true,false,JOBO,"Sahagún, COR",Madrugada,19,true,,STM,"Santa Marta, MAG",22,,583,RAMAL urbano,1,19,3,0,3
gas_interrupted_11,2023-11-17,6,Gases de la Guajira,CE6309,true,false,JOBO,"Sahagún, COR",Noche,31,true,,MTR,"Montería, COR",61,,572,regional sur,14,23,0,30,1
gas_interrupted_11,2023-11-18,7,Surtigas,CE7624,true,true,JOBO,"Sahagún, COR",Tarde,12,true,,STM,"Santa Marta, MAG",45,,408,Regional Sabanas,1,21,1,19,3
gas_interrupted_11,2023-11-19,1,Gasnacer,CE9270,true,false,JOBO,"Sahagún, COR",Mañana,3,true,,CTG,"Cartagena, BOL",74,,506,RAMAL urbano,14,0,21,12,10
gas_interrupted_11,2023-11-20,2,Gases del Caribe,CE6907,true,false,BALLE,"Manaure, LAG",Tarde,13,true,,STM,"Santa Marta, MAG",64,,367,Ramal industrial,0,26,4,6,9
gas_interrupted_11,2023-11-21,3,Gases de la Guajira,CE3838,true,true,BALLE,"Manaure, LAG",Noche,-2,false,,RIO,"Riohacha, LAG",25,,163,troncal norte,5,13,5,2,2
gas_interrupted_11,2023-11-22,4,Gasnacer,CE0608,true,true,BALLE,"Manaure, LAG",Mañana,16,true,,BAQ,"Barranquilla, ATL",73,,128,RAMAL urbano,14,2,9,23,2
gas_interrupted_11,2023-11-23,5,Surtigas,CE5512,true,false,BALLE,"Manaure, LAG",Madrugada,-14,false,,MTR,"Montería, COR",77,,500,RAMAL urbano,2,19,25,1,30
gas_interrupted_11,2023-11-24,6,Gases del Caribe,CE1909,false,false,JOBO,"Sahagún, COR",Madrugada,45,true,,MTR,"Montería, COR",42,,247,regional sur,1,0,6,12,17
gas_interrupted_11,2023-11-25,7,Surtigas,CE3228,false,false,JOBO,"Sahagún, COR",Noche,-1,false,,BAQ,"Barranquilla, ATL",35,,553,Troncal principal,7,1,5,1,11
gas_interrupted_11,2023-11-26,1,Efigas,CE1630,false,false,BALLE,"Manaure, LAG",Madrugada,-14,false,,MTR,"Montería, COR",84,,188,RAMAL urbano,6,16,6,33,15
gas_interrupted_11,2023-11-27,2,Gasnacer,CE7748,false,false,JOBO,"Sahagún, COR",Madrugada,50,true,,CTG,"Cartagena, BOL",73,,139,Ramal industrial,0,14,24,24,1
gas_interrupted_11,2023-11-28,3,Gasnacer,CE4586,true,true,JOBO,"Sahagún, COR",Noche,38,true,,MTR,"Montería, COR",31,,209,Troncal principal,7,15,1,0,4
gas_interrupted_11,2023-11-29,4,Surtigas,CE7785,true,false,BALLE,"Manaure, LAG",Madrugada,62,true,,BAQ,"Barranquilla, ATL",15,,532,RAMAL urbano,1,0,4,4,9
gas_interrupted_11,2023-11-30,5,Gases de la Guajira,CE2424,true,false,BALLE,"Manaure, LAG",Mañana,-14,false,,RIO,"Riohacha, LAG",35,,300,Regional Sabanas,12,19,3,12,1
gas_interrupted_12,2023-12-01,6,Gases de la Guajira,CE3021,true,false,BALLE,"Manaure, LAG",Noche,31,true,,MAM,"Cartagena, BOL",69,,221,Ramal industrial,30,17,4,10,9
gas_interrupted_12,2023-12-02,7,Efigas,CE1487,true,false,BALLE,"Manaure, LAG",Noche,41,true,,RIO,"Riohacha, LAG",87,,646,RAMAL urbano,18,26,2,11,15
gas_interrupted_12,2023-12-03,1,Gasnacer,CE8317,true,false,JOBO,"Sahagún, COR",Tarde,47,true,,MAM,"Cartagena, BOL",50,,595,regional sur,2,10,13,19,5
gas_interrupted_12,2023-12-04,2,Gases del Caribe,CE8843,true,false,BALLE,"Manaure, LAG",Mañana,-15,false,,SIN,"Sincelejo, SUC",49,,329,Ramal industrial,5,23,4,4,2
gas_interrupted_12,2023-12-05,3,Gases de la Guajira,CE7114,true,false,BALLE,"Manaure, LAG",Mañana,11,true,,MTR,"Montería, COR",5,,64,troncal norte,0,1,2,3,1
gas_interrupted_12,2023-12-06,4,Gasnacer,CE7210,false,true,JOBO,"Sahagún, COR",Noche,3,true,,RIO,"Riohacha, LAG",38,,499,Regional Sabanas,16,3,14,1,0
gas_interrupted_12,2023-12-07,5,Surtigas,CE6565,false,false,BALLE,"Manaure, LAG",Noche,23,true,,SIN,"Sincelejo, SUC",20,,472,Ramal industrial,8,3,1,1,7
gas_interrupted_12,2023-12-08,6,Gases de la Guajira,CE7212,true,false,JOBO,"Sahagún, COR",Noche,51,true,,BAQ,"Barranquilla, ATL",76,,148,ductos varios,7,20,12,14,16
gas_interrupted_12,2023-12-09,7,Efigas,CE1643,false,true,JOBO,"Sahagún, COR",Mañana,33,true,,CTG,"Cartagena, BOL",31,,127,RAMAL urbano,6,16,0,4,5
gas_interrupted_12,2023-12-10,1,Gases del Caribe,CE1808,false,false,BALLE,"Manaure, LAG",Noche,56,true,,VDP,"Valledupar, CES",47,,452,Regional Sabanas,26,1,2,8,10
gas_interrupted_12,2023-12-11,2,Gases del Caribe,CE2779,true,false,JOBO,"Sahagún, COR",Mañana,62,true,,CTG,"Cartagena, BOL",11,,147,Troncal principal,0,2,1,0,10
gas_interrupted_12,2023-12-12,3,Gasnacer,CE3652,true,false,JOBO,"Sahagún, COR",Noche,-7,false,,CTG,"Cartagena, BOL",40,,654,Troncal principal,8,6,4,26,3
gas_interrupted_12,2023-12-13,4,Gasnacer,CE3687,false,false,JOBO,"Sahagún, COR",Mañana,18,true,,BAQ,"Barranquilla, ATL",32,,338,regional sur,1,14,1,15,1
gas_interrupted_12,2023-12-14,5,Gases de la Guajira,CE4283,true,false,JOBO,"Sahagún, COR",Noche,32,true,,CTG,"Cartagena, BOL",58,,524,ductos varios,27,14,19,1,2
gas_interrupted_12,2023-12-15,6,Gasnacer,CE7532,true,false,JOBO,"Sahagún, COR",Madrugada,25,true,,STM,"Santa Marta, MAG",32,,342,Ramal industrial,16,5,0,0,14
gas_interrupted_12,2023-12-16,7,Gasnacer,CE0940,false,true,JOBO,"Sahagún, COR",Mañana,13,true,,MTR,"Montería, COR",41,,465,Troncal principal,23,9,1,2,3
gas_interrupted_12,2023-12-17,1,Gases de la Guajira,CE6314,false,true,BALLE,"Manaure, LAG",Tarde,-8,false,,VDP,"Valledupar, CES",20,,296,Troncal principal,10,10,1,0,5
gas_interrupted_12,2023-12-18,2,Gases de la Guajira,CE8912,true,true,BALLE,"Manaure, LAG",Noche,11,true,,CTG,"Cartagena, BOL",53,,125,Ramal industrial,36,0,16,3,7
gas_interrupted_12,2023-12-19,3,Surtigas,CE0562,true,false,JOBO,"Sahagún, COR",Mañana,1,true,,BAQ,"Barranquilla, ATL",49,,347,Regional Sabanas,1,11,4,6,11
gas_interrupted_12,2023-12-20,4,Gasnacer,CE2292,true,true,BALLE,"Manaure, LAG",Mañana,31,true,,RIO,"Riohacha, LAG",27,,229,ductos varios,12,9,2,0,0
gas_interrupted_12,2023-12-21,5,Surtigas,CE2991,true,false,BALLE,"Manaure, LAG",Noche,44,true,,SIN,"Sincelejo, SUC",53,,490,Regional Sabanas,12,1,31,17,3
gas_interrupted_12,2023-12-22,6,Gasnacer,CE1905,true,true,BALLE,"Manaure, LAG",Tarde,29,true,,RIO,"Riohacha, LAG",47,,68,Ramal industrial,3,5,7,2,25
gas_interrupted_12,2023-12-23,7,Surtigas,CE1500,false,false,BALLE,"Manaure, LAG",Madrugada,39,true,,MTR,"Montería, COR",33,,399,troncal norte,10,8,0,0,14
gas_interrupted_12,2023-12-24,1,Gases de la Guajira,CE3166,true,false,JOBO,"Sahagún, COR",Madrugada,4,true,,RIO,"Riohacha, LAG",49,,424,regional sur,1,22,3,21,0
gas_interrupted_12,2023-12-25,2,Efigas,CE9126,true,true,BALLE,"Manaure, LAG",Mañana,53,true,,CTG,"Cartagena, BOL",58,,533,regional sur,6,20,2,18,4
gas_interrupted_12,2023-12-26,3,Efigas,CE0140,true,true,BALLE,"Manaure, LAG",Tarde,33,true,,VDP,"Valledupar, CES",37,,518,Ramal industrial,3,2,16,2,3
gas_interrupted_12,2023-12-27,4,Gasnacer,CE5948,true,false,JOBO,"Sahagún, COR",Madrugada,38,true,,STM,"Santa Marta, MAG",69,,303,troncal norte,2,0,14,9,31
gas_interrupted_12,2023-12-28,5,Efigas,CE2999,false,true,JOBO,"Sahagún, COR",Tarde,9,true,,CTG,"Cartagena, BOL",76,,223,RAMAL urbano,7,17,0,4,33
gas_interrupted_12,2023-12-29,6,Gasnacer,CE1950,true,false,BALLE,"Manaure, LAG",Madrugada,58,true,,MTR,"Montería, COR",79,,275,Ramal industrial,20,11,6,20,1
gas_interrupted_12,2023-12-30,7,Gases del Caribe,CE5117,true,false,JOBO,"Sahagún, COR",Madrugada,30,true,,STM,"Santa Marta, MAG",31,,330,regional sur,2,6,11,6,5
gas_interrupted_12,2023-12-31,1,Efigas,CE7084,false,false,BALLE,"Manaure, LAG",Madrugada,-2,false,,STM,"Santa Marta, MAG",63,,199,Ramal industrial,11,16,20,5,14
gas_interrupted_1,2023-01-01,1,Gases de la Guajira,CE9656,false,true,JOBO,"Sahagún, COR",Madrugada,11,true,,BAQ,"Barranquilla, ATL",60,,402,RAMAL urbano,8,9,5,4,23
gas_interrupted_1,2023-01-02,2,Efigas,CE7919,true,false,BALLE,"Manaure, LAG",Tarde,-12,false,,BAQ,"Barranquilla, ATL",37,,588,Regional Sabanas,0,1,4,12,18
gas_interrupted_1,2023-01-03,3,Efigas,CE1032,true,false,BALLE,"Manaure, LAG",Tarde,-9,false,,BAQ,"Barranquilla, ATL",74,,334,RAMAL urbano,13,6,7,15,15
gas_interrupted_1,2023-01-04,4,Surtigas,CE2297,false,false,JOBO,"Sahagún, COR",Madrugada,-12,false,,MAM,"Cartagena, BOL",31,,414,regional sur,2,19,17,5,1
gas_interrupted_1,2023-01-05,5,Gases del Caribe,CE1890,true,false,JOBO,"Sahagún, COR",Tarde,17,true,,MTR,"Montería, COR",63,,411,Regional Sabanas,15,16,0,2,12
gas_interrupted_1,2023-01-06,6,Gases del Caribe,CE8021,true,false,BALLE,"Manaure, LAG",Madrugada,49,true,,STM,"Santa Marta, MAG",22,,478,regional sur,8,6,4,4,5
gas_interrupted_1,2023-01-07,7,Gases de la Guajira,CE2927,false,false,JOBO,"Sahagún, COR",Mañana,-13,false,,BAQ,"Barranquilla, ATL",40,,359,ductos varios,12,16,8,1,1
gas_interrupted_1,2023-01-08,1,Gasnacer,CE3992,true,false,JOBO,"Sahagún, COR",Mañana,26,true,,MTR,"Montería, COR",65,,132,Ramal industrial,4,13,6,3,19
gas_interrupted_1,2023-01-09,2,Surtigas,CE4658,true,true,BALLE,"Manaure, LAG",Mañana,-10,false,,CTG,"Cartagena, BOL",59,,156,troncal norte,0,20,16,0,14
gas_interrupted_1,2023-01-10,3,Surtigas,CE4828,true,false,BALLE,"Manaure, LAG",Mañana,34,true,,RIO,"Riohacha, LAG",35,,360,ductos varios,2,1,8,8,13
gas_interrupted_1,2023-01-11,4,Gasnacer,CE1,true,false,BALLE,"Manaure, LAG",Mañana,55,true,,SIN,"Sincelejo, SUC",45,,538,Troncal principal,10,33,7,3,9
gas_interrupted_1,2023-01-12,5,Efigas,CE3729,false,true,JOBO,"Sahagún, COR",Tarde,-2,false,,MTR,"Montería, COR",51,,291,ductos varios,9,0,1,18,20
gas_interrupted_1,2023-01-13,6,Gasnacer,CE2145,true,false,JOBO,"Sahagún, COR",Tarde,51,true,,MAM,"Cartagena, BOL",73,,391,troncal norte,17,28,8,14,19
gas_interrupted_1,2023-01-14,7,Efigas,CE0378,true,false,BALLE,"Manaure, LAG",Madrugada,39,true,,CTG,"Cartagena, BOL",55,,553,RAMAL urbano,7,6,9,15,7
gas_interrupted_1,2023-01-15,1,Gases de la Guajira,CE8909,false,false,JOBO,"Sahagún, COR",Mañana,63,true,,BAQ,"Barranquilla, ATL",47,,381,Regional Sabanas,4,26,5,11,2
gas_interrupted_1,2023-01-16,2,Surtigas,CE7479,true,false,BALLE,"Manaure, LAG",Mañana,18,true,,RIO,"Riohacha, LAG",84,,508,Troncal principal,22,20,15,23,6
gas_interrupted_1,2023-01-17,3,Surtigas,CE9739,true,true,BALLE,"Manaure, LAG",Tarde,57,true,,CTG,"Cartagena, BOL",74,,252,RAMAL urbano,12,31,0,15,0
gas_interrupted_1,2023-01-18,4,Gasnacer,CE0937,false,false,BALLE,"Manaure, LAG",Madrugada,28,true,,RIO,"Riohacha, LAG",70,,610,Ramal industrial,32,1,5,7,4
gas_interrupted_1,2023-01-19,5,Gasnacer,CE2181,true,true,BALLE,"Manaure, LAG",Mañana,55,true,,RIO,"Riohacha, LAG",82,,363,Troncal principal,17,16,2,20,12
gas_interrupted_1,2023-01-20,6,Gasnacer,CE3155,true,false,BALLE,"Manaure, LAG",Noche,52,true,,CTG,"Cartagena, BOL",58,,545,troncal norte,9,2,21,1,7
gas_interrupted_1,2023-01-21,7,Gases de la Guajira,CE3326,true,true,BALLE,"Manaure, LAG",Tarde,62,true,,RIO,"Riohacha, LAG",52,,60,Ramal industrial,12,9,0,11,7
gas_interrupted_1,2023-01-22,1,Gases del Caribe,CE2564,true,true,BALLE,"Manaure, LAG",Noche,6,true,,VDP,"Valledupar, CES",74,,241,RAMAL urbano,14,8,18,31,31
gas_interrupted_1,2023-01-23,2,Efigas,CE5072,true,true,JOBO,"Sahagún, COR",Tarde,46,true,,BAQ,"Barranquilla, ATL",23,,288,Troncal principal,6,4,0,7,0
gas_interrupted_1,2023-01-24,3,Gases de la Guajira,CE4970,true,false,BALLE,"Manaure, LAG",Tarde,33,true,,RIO,"Riohacha, LAG",41,,625,Regional Sabanas,9,31,5,8,2
gas_interrupted_1,2023-01-25,4,Gases del Caribe,CE2617,false,false,BALLE,"Manaure, LAG",Tarde,30,true,,SIN,"Sincelejo, SUC",55,,513,Troncal principal,32,0,0,17,0
gas_interrupted_1,2023-01-26,5,Gases del Caribe,CE2314,true,false,BALLE,"Manaure, LAG",Tarde,1,true,,STM,"Santa Marta, MAG",103,,148,Ramal industrial,9,16,28,6,14
gas_interrupted_1,2023-01-27,6,Gases de la Guajira,CE0273,false,false,JOBO,"Sahagún, COR",Noche,24,true,,STM,"Santa Marta, MAG",56,,71,ductos varios,26,8,3,9,2
gas_interrupted_1,2023-01-28,7,Gasnacer,CE2438,false,true,JOBO,"Sahagún, COR",Madrugada,15,true,,VDP,"Valledupar, CES",47,,149,Ramal industrial,7,0,3,2,31
gas_interrupted_1,2023-01-29,1,Efigas,CE9224,true,false,BALLE,"Manaure, LAG",Mañana,18,true,,VDP,"Valledupar, CES",47,,105,Ramal industrial,12,14,17,8,3
gas_interrupted_1,2023-01-30,2,Gases del Caribe,CE8923,true,false,JOBO,"Sahagún, COR",Mañana,33,true,,STM,"Santa Marta, MAG",53,,520,troncal norte,11,17,0,26,13
gas_interrupted_1,2023-01-31,3,Efigas,CE9147,false,false,JOBO,"Sahagún, COR",Noche,-14,false,,RIO,"Riohacha, LAG",87,,211,RAMAL urbano,24,6,5,4,21
gas_interrupted_2,2023-02-01,4,Gases del Caribe,CE3551,true,false,BALLE,"Manaure, LAG",Noche,25,true,,SIN,"Sincelejo, SUC",46,,219,RAMAL urbano,7,11,11,0,14
gas_interrupted_2,2023-02-02,5,Surtigas,CE5414,true,false,BALLE,"Manaure, LAG",Madrugada,12,true,,MAM,"Cartagena, BOL",68,,292,Ramal industrial,20,3,1,9,13
gas_interrupted_2,2023-02-03,6,Surtigas,CE7015,false,true,BALLE,"Manaure, LAG",Tarde,25,true,,STM,"Santa Marta, MAG",24,,432,regional sur,0,5,18,1,8
gas_interrupted_2,2023-02-04,7,Surtigas,CE7135,true,false,JOBO,"Sahagún, COR",Madrugada,30,true,,VDP,"Valledupar, CES",75,,373,RAMAL urbano,1,5,26,1,34
gas_interrupted_2,2023-02-05,1,Gases del Caribe,CE0566,true,false,BALLE,"Manaure, LAG",Mañana,36,true,,SIN,"Sincelejo, SUC",34,,535,regional sur,8,0,8,13,18
gas_interrupted_2,2023-02-06,2,Gases del Caribe,CE6313,true,true,JOBO,"Sahagún, COR",Tarde,40,true,,MTR,"Montería, COR",38,,397,ductos varios,3,17,9,10,8
gas_interrupted_2,2023-02-07,3,Efigas,CE1538,true,false,JOBO,"Sahagún, COR",Tarde,14,true,,CTG,"Cartagena, BOL",98,,623,troncal norte,20,8,15,10,19
gas_interrupted_2,2023-02-08,4,Efigas,CE6616,false,true,BALLE,"Manaure, LAG",Noche,21,true,,MTR,"Montería, COR",76,,636,ductos varios,7,23,7,4,17
gas_interrupted_2,2023-02-09,5,Gases de la Guajira,CE7224,true,true,BALLE,"Manaure, LAG",Mañana,55,true,,CTG,"Cartagena, BOL",80,,495,ductos varios,24,9,6,22,1
gas_interrupted_2,2023-02-10,6,Efigas,CE7784,true,false,JOBO,"Sahagún, COR",Mañana,10,true,,MAM,"Cartagena, BOL",38,,279,ductos varios,9,9,7,2,1
gas_interrupted_2,2023-02-11,7,Gasnacer,CE8452,false,false,JOBO,"Sahagún, COR",Madrugada,-8,false,,SIN,"Sincelejo, SUC",35,,213,Ramal industrial,9,2,6,6,2
gas_interrupted_2,2023-02-12,1,Gasnacer,CE8420,true,false,BALLE,"Manaure, LAG",Tarde,21,true,,RIO,"Riohacha, LAG",61,,219,RAMAL urbano,16,5,12,16,8
gas_interrupted_2,2023-02-13,2,Gases de la Guajira,CE4167,true,true,JOBO,"Sahagún, COR",Noche,13,true,,CTG,"Cartagena, BOL",33,,654,regional sur,5,4,7,19,0
gas_interrupted_2,2023-02-14,3,Efigas,CE8570,true,false,JOBO,"Sahagún, COR",Tarde,54,true,,SIN,"Sincelejo, SUC",39,,338,troncal norte,3,2,5,2,33
gas_interrupted_2,2023-02-15,4,Gases del Caribe,CE0650,false,true,BALLE,"Manaure, LAG",Madrugada,51,true,,CTG,"Cartagena, BOL",44,,544,Troncal principal,17,4,1,11,0
gas_interrupted_2,2023-02-16,5,Gasnacer,CE8209,true,false,JOBO,"Sahagún, COR",Madrugada,38,true,,SIN,"Sincelejo, SUC",26,,585,Troncal principal,0,11,6,5,1
gas_interrupted_2,2023-02-17,6,Gases del Caribe,CE4788,true,false,BALLE,"Manaure, LAG",Tarde,23,true,,MAM,"Cartagena, BOL",54,,466,regional sur,2,8,35,11,8
gas_interrupted_2,2023-02-18,7,Surtigas,CE0391,true,true,JOBO,"Sahagún, COR",Mañana,1,true,,CTG,"Cartagena, BOL",67,,212,regional sur,15,15,16,13,1
gas_interrupted_2,2023-02-19,1,Surtigas,CE4391,true,false,JOBO,"Sahagún, COR",Noche,-8,false,,MTR,"Montería, COR",50,,352,RAMAL urbano,4,5,11,9,15
gas_interrupted_2,2023-02-20,2,Efigas,CE5266,false,false,BALLE,"Manaure, LAG",Tarde,13,true,,STM,"Santa Marta, MAG",40,,545,ductos varios,2,6,1,1,21
gas_interrupted_2,2023-02-21,3,Gases del Caribe,CE0921,false,false,BALLE,"Manaure, LAG",Madrugada,52,true,,RIO,"Riohacha, LAG",56,,61,regional sur,7,18,6,2,20
gas_interrupted_2,2023-02-22,4,Surtigas,CE1790,true,true,JOBO,"Sahagún, COR",Mañana,34,true,,STM,"Santa Marta, MAG",91,,241,ductos varios,0,17,11,26,15
gas_interrupted_2,2023-02-23,5,Gases del Caribe,CE9899,true,true,BALLE,"Manaure, LAG",Tarde,25,true,,BAQ,"Barranquilla, ATL",37,,124,regional sur,2,1,2,12,11
gas_interrupted_2,2023-02-24,6,Gasnacer,CE5433,true,false,BALLE,"Manaure, LAG",Tarde,36,true,,BAQ,"Barranquilla, ATL",65,,465,Regional Sabanas,32,0,13,0,26
gas_interrupted_2,2023-02-25,7,Gasnacer,CE7578,true,false,JOBO,"Sahagún, COR",Tarde,-11,false,,BAQ,"Barranquilla, ATL",90,,633,regional sur,15,16,0,13,25
gas_interrupted_2,2023-02-26,1,Gases del Caribe,CE0493,true,true,JOBO,"Sahagún, COR",Tarde,43,true,,BAQ,"Barranquilla, ATL",81,,81,Ramal industrial,24,13,21,21,9
gas_interrupted_2,2023-02-27,2,Gases de la Guajira,CE9736,true,false,BALLE,"Manaure, LAG",Madrugada,64,true,,CTG,"Cartagena, BOL",32,,151,Ramal industrial,7,16,1,0,17
gas_interrupted_2,2023-02-28,3,Gases de la Guajira,CE1374,true,false,JOBO,"Sahagún, COR",Mañana,16,true,,MTR,"Montería, COR",40,,78,troncal norte,6,16,11,2,4
gas_interrupted_3,2023-03-01,4,Gases de la Guajira,CE7573,true,false,BALLE,"Manaure, LAG",Noche,64,true,,BAQ,"Barranquilla, ATL",70,,215,Regional Sabanas,0,9,6,32,12
gas_interrupted_3,2023-03-02,5,Gases del Caribe,CE4416,false,true,BALLE,"Manaure, LAG",Noche,13,true,,BAQ,"Barranquilla, ATL",44,,253,Regional Sabanas,0,3,2,31,21
gas_interrupted_3,2023-03-03,6,Gases del Caribe,CE0692,true,true,BALLE,"Manaure, LAG",Mañana,-12,false,,RIO,"Riohacha, LAG",34,,415,RAMAL urbano,25,3,0,6,0
gas_interrupted_3,2023-03-04,7,Gases del Caribe,CE0795,false,false,JOBO,"Sahagún, COR",Mañana,16,true,,STM,"Santa Marta, MAG",41,,587,troncal norte,2,20,5,4,8
gas_interrupted_3,2023-03-05,1,Gasnacer,CE2669,false,false,JOBO,"Sahagún, COR",Mañana,54,true,,STM,"Santa Marta, MAG",31,,241,troncal norte,0,3,4,4,14
gas_interrupted_3,2023-03-06,2,Gases del Caribe,CE6672,false,false,BALLE,"Manaure, LAG",Mañana,62,true,,RIO,"Riohacha, LAG",25,,651,ductos varios,0,5,4,2,12
gas_interrupted_3,2023-03-07,3,Gases del Caribe,CE6033,false,true,,"Sahagún, COR",Madrugada,53,true,,SIN,"Sincelejo, SUC",30,,501,Regional Sabanas,12,3,7,5,1
gas_interrupted_3,2023-03-08,4,Gases del Caribe,CE8084,false,true,BALLE,"Manaure, LAG",Tarde,-11,false,,BAQ,"Barranquilla, ATL",51,,261,Regional Sabanas,21,11,0,2,5
gas_interrupted_3,2023-03-09,5,Gases del Caribe,CE5724,true,false,JOBO,"Sahagún, COR",Mañana,51,true,,RIO,"Riohacha, LAG",68,,511,ductos varios,5,37,21,13,12
gas_interrupted_3,2023-03-10,6,Gasnacer,CE9370,true,false,JOBO,"Sahagún, COR",Noche,16,true,,VDP,"Valledupar, CES",60,,372,Regional Sabanas,22,18,29,1,1
gas_interrupted_3,2023-03-11,7,Surtigas,CE7629,true,false,BALLE,"Manaure, LAG",Mañana,44,true,,MTR,"Montería, COR",30,,538,Ramal industrial,0,5,7,0,15
gas_interrupted_3,2023-03-12,1,Surtigas,CE3355,false,true,BALLE,"Manaure, LAG",Madrugada,-3,false,,MAM,"Cartagena, BOL",47,,61,Ramal industrial,33,8,6,0,3
gas_interrupted_3,2023-03-13,null,Surtigas,CE0340,true,false,BALLE,"Manaure, LAG",Tarde,5,true,,BAQ,"Barranquilla, ATL",24,,460,RAMAL urbano,2,12,13,1,0
gas_interrupted_3,2023-03-14,3,Efigas,CE6241,true,false,BALLE,"Manaure, LAG",Mañana,23,true,,MTR,"Montería, COR",29,,111,ductos varios,3,0,15,3,0
gas_interrupted_3,2023-03-15,4,Surtigas,CE0088,false,false,BALLE,"Manaure, LAG",Noche,31,true,,RIO,"Riohacha, LAG",37,,240,ductos varios,3,9,4,20,5
gas_interrupted_3,2023-03-16,5,Gases del Caribe,CE3158,true,false,BALLE,"Manaure, LAG",Noche,47,true,,STM,"Santa Marta, MAG",59,,462,ductos varios,1,4,0,24,22
gas_interrupted_3,2023-03-17,6,Efigas,CE0352,false,true,JOBO,"Sahagún, COR",Madrugada,-6,false,,CTG,"Cartagena, BOL",45,,651,regional sur,26,2,2,22,2
gas_interrupted_3,2023-03-18,7,Gases de la Guajira,CE1,false,false,JOBO,"Sahagún, COR",Tarde,-8,false,,MAM,"Cartagena, BOL",55,,119,Regional Sabanas,9,1,14,0,17
gas_interrupted_3,2023-03-19,1,Gases de la Guajira,CE3433,true,false,BALLE,"Manaure, LAG",Tarde,45,true,,STM,"Santa Marta, MAG",34,,367,Troncal principal,17,1,1,1,6
gas_interrupted_3,2023-03-20,2,Gasnacer,CE6006,false,false,BALLE,"Manaure, LAG",Mañana,-6,false,,CTG,"Cartagena, BOL",27,,173,ductos varios,8,13,4,6,1
gas_interrupted_3,2023-03-21,3,Surtigas,CE9799,true,true,JOBO,"Sahagún, COR",Noche,58,true,,MAM,"Cartagena, BOL",12,,497,regional sur,5,0,4,0,1
gas_interrupted_3,2023-03-22,4,Gases de la Guajira,CE0307,true,false,JOBO,"Sahagún, COR",Madrugada,13,true,,BAQ,"Barranquilla, ATL",23,,646,regional sur,9,1,0,14,0
gas_interrupted_3,2023-03-23,5,Efigas,CE8946,false,false,BALLE,"Manaure, LAG",Tarde,5,true,,VDP,"Valledupar, CES",30,,87,troncal norte,0,1,18,6,1
gas_interrupted_3,2023-03-24,6,Efigas,CE1443,true,false,JOBO,"Sahagún, COR",Madrugada,-6,false,,BAQ,"Barranquilla, ATL",82,,266,RAMAL urbano,1,0,3,29,27
gas_interrupted_3,2023-03-25,7,Gasnacer,CE4617,false,false,JOBO,"Sahagún, COR",Mañana,20,true,,,"Cartagena, BOL",50,,119,troncal norte,2,10,6,16,3
gas_interrupted_3,2023-03-26,1,Gases de la Guajira,CE7608,true,false,JOBO,"Sahagún, COR",Madrugada,48,true,,VDP,"Valledupar, CES",99,,243,ductos varios,10,14,12,11,29
gas_interrupted_3,2023-03-27,2,Gases del Caribe,CE0478,true,false,BALLE,"Manaure, LAG",Mañana,44,true,,BAQ,"Barranquilla, ATL",66,,622,ductos varios,35,22,13,1,6
gas_interrupted_3,2023-03-28,3,Gasnacer,CE6290,true,false,JOBO,"Sahagún, COR",Madrugada,-8,false,,MTR,"Montería, COR",36,,333,Troncal principal,9,25,7,9,1
gas_interrupted_3,2023-03-29,4,Surtigas,CE2476,false,true,BALLE,"Manaure, LAG",Madrugada,-9,false,,STM,"Santa Marta, MAG",18,,423,troncal norte,12,2,0,2,2
gas_interrupted_3,2023-03-30,5,Gases de la Guajira,CE0157,true,false,BALLE,"Manaure, LAG",Mañana,35,true,,CTG,"Cartagena, BOL",36,,187,Regional Sabanas,0,2,17,14,5
gas_interrupted_3,2023-03-31,6,Gases del Caribe,CE2702,true,false,JOBO,"Sahagún, COR",Noche,22,true,,RIO,"Riohacha, LAG",62,,227,Regional Sabanas,12,20,2,0,15
gas_interrupted_4,2023-04-01,7,Gases del Caribe,CE5915,true,true,BALLE,"Manaure, LAG",Mañana,12,true,,BAQ,"Barranquilla, ATL",31,,491,ductos varios,7,12,4,7,12
gas_interrupted_4,2023-04-02,1,Gases de la Guajira,CE5792,false,true,JOBO,"Sahagún, COR",Noche,26,true,,MAM,"Cartagena, BOL",46,,140,RAMAL urbano,2,0,19,0,17
gas_interrupted_4,2023-04-03,2,Surtigas,CE9647,true,false,BALLE,"Manaure, LAG",Madrugada,2,true,,RIO,"Riohacha, LAG",69,,325,troncal norte,0,7,6,21,23
gas_interrupted_4,2023-04-04,3,Gases de la Guajira,CE8244,true,false,BALLE,"Manaure, LAG",Tarde,61,true,,SIN,"Sincelejo, SUC",21,,154,Regional Sabanas,0,0,17,0,9
gas_interrupted_4,2023-04-05,4,Surtigas,CE0138,false,false,BALLE,"Manaure, LAG",Noche,53,true,,MTR,"Montería, COR",47,,207,Ramal industrial,9,15,27,0,1
gas_interrupted_4,2023-04-06,5,Gases de la Guajira,CE5975,false,false,JOBO,"Sahagún, COR",Noche,23,true,,VDP,"Valledupar, CES",31,,638,troncal norte,10,17,2,2,5
gas_interrupted_4,2023-04-07,6,Gasnacer,CE0020,true,false,JOBO,"Sahagún, COR",Madrugada,39,true,,VDP,"Valledupar, CES",61,,636,regional sur,11,6,7,1,21
gas_interrupted_4,2023-04-08,7,Surtigas,CE3336,true,false,BALLE,"Manaure, LAG",Mañana,-4,false,,BAQ,"Barranquilla, ATL",58,,419,RAMAL urbano,16,6,1,17,8
gas_interrupted_4,2023-04-09,1,Gasnacer,CE5191,true,false,JOBO,"Sahagún, COR",Madrugada,53,true,,MTR,"Montería, COR",60,,117,ductos varios,10,1,13,17,5
gas_interrupted_4,2023-04-10,2,Gases del Caribe,CE4759,true,true,BALLE,"Manaure, LAG",Madrugada,12,true,,MTR,"Montería, COR",64,,603,regional sur,2,20,14,7,8
gas_interrupted_4,2023-04-11,3,Gases del Caribe,CE6792,true,true,JOBO,"Sahagún, COR",Tarde,47,true,,RIO,"Riohacha, LAG",18,,237,ductos varios,5,9,5,1,1
gas_interrupted_4,2023-04-12,4,Efigas,CE4442,true,true,BALLE,"Manaure, LAG",Madrugada,3,true,,SIN,"Sincelejo, SUC",59,,220,troncal norte,16,19,11,0,6
gas_interrupted_4,2023-04-13,5,Gases del Caribe,CE4695,true,false,BALLE,"Manaure, LAG",Tarde,36,true,,MAM,"Cartagena, BOL",47,,631,ductos varios,0,7,0,28,26
gas_interrupted_4,2023-04-14,6,Gases de la Guajira,CE5800,false,true,BALLE,"Manaure, LAG",Mañana,32,true,,MAM,"Cartagena, BOL",70,,288,troncal norte,18,13,3,0,23
gas_interrupted_4,2023-04-15,7,Gases de la Guajira,CE8209,false,false,BALLE,"Manaure, LAG",Noche,5,true,,RIO,"Riohacha, LAG",73,,138,Regional Sabanas,18,9,18,6,26
gas_interrupted_4,2023-04-16,1,Gases de la Guajira,CE4335,true,true,BALLE,"Manaure, LAG",Madrugada,3,true,,BAQ,"Barranquilla, ATL",97,,307,Ramal industrial,23,13,14,8,11
gas_interrupted_4,2023-04-17,2,Efigas,CE0886,true,false,JOBO,"Sahagún, COR",Noche,-12,false,,SIN,"Sincelejo, SUC",46,,312,regional sur,3,5,3,13,10
gas_interrupted_4,2023-04-18,3,Efigas,CE3921,true,false,BALLE,"Manaure, LAG",Madrugada,1,true,,VDP,"Valledupar, CES",61,,531,ductos varios,5,6,24,11,14
gas_interrupted_4,2023-04-19,4,Surtigas,CE7250,false,false,BALLE,"Manaure, LAG",Mañana,52,true,,VDP,"Valledupar, CES",59,,305,Regional Sabanas,13,1,14,1,17
gas_interrupted_4,2023-04-20,5,Gasnacer,CE3852,true,false,JOBO,"Sahagún, COR",Tarde,52,true,,STM,"Santa Marta, MAG",40,,502,ductos varios,9,2,16,6,10
gas_interrupted_4,2023-04-21,6,Gases del Caribe,CE7515,true,false,BALLE,"Manaure, LAG",Noche,18,true,,SIN,"Sincelejo, SUC",94,,638,Ramal industrial,25,10,15,2,17
gas_interrupted_4,2023-04-22,7,Gasnacer,CE4997,true,true,JOBO,"Sahagún, COR",Madrugada,50,true,,SIN,"Sincelejo, SUC",29,,179,Troncal principal,3,8,3,5,7
gas_interrupted_4,2023-04-23,1,Surtigas,CE2299,true,false,BALLE,"Manaure, LAG",Tarde,60,true,,MAM,"Cartagena, BOL",57,,392,troncal norte,19,5,0,14,1
gas_interrupted_4,2023-04-24,2,Gasnacer,CE5343,false,true,JOBO,"Sahagún, COR",Mañana,28,true,,SIN,"Sincelejo, SUC",40,,490,RAMAL urbano,6,4,8,0,13
gas_interrupted_4,2023-04-25,3,Surtigas,CE3668,true,true,BALLE,"Manaure, LAG",Madrugada,32,true,,SIN,"Sincelejo, SUC",55,,289,Troncal principal,2,8,6,16,13
gas_interrupted_4,2023-04-26,4,Gases de la Guajira,CE1180,true,false,JOBO,"Sahagún, COR",Tarde,25,true,,STM,"Santa Marta, MAG",9,,436,Troncal principal,1,4,1,3,2
gas_interrupted_4,2023-04-27,5,Gases de la Guajira,CE5549,false,true,BALLE,"Manaure, LAG",Noche,-12,false,,CTG,"Cartagena, BOL",76,,275,ductos varios,14,12,5,17,5
gas_interrupted_4,2023-04-28,6,Surtigas,CE4271,true,true,BALLE,"Manaure, LAG",Madrugada,3,true,,CTG,"Cartagena, BOL",17,,417,Regional Sabanas,0,3,1,2,9
gas_interrupted_4,2023-04-29,7,Efigas,CE1324,false,false,BALLE,"Manaure, LAG",Tarde,53,true,,,"Valledupar, CES",18,,509,regional sur,0,0,1,15,1
gas_interrupted_4,2023-04-30,1,Surtigas,CE9074,false,false,JOBO,"Sahagún, COR",Mañana,-10,false,,MTR,"Montería, COR",21,,82,Troncal principal,8,7,0,1,2
gas_interrupted_5,2023-05-01,2,Gases del Caribe,CE0703,false,false,BALLE,"Manaure, LAG",Tarde,50,true,,MAM,"Cartagena, BOL",39,,492,ductos varios,4,20,14,4,11
gas_interrupted_5,2023-05-02,3,Gasnacer,CE3554,true,false,BALLE,"Manaure, LAG",Madrugada,-14,false,,SIN,"Sincelejo, SUC",100,,317,ductos varios,15,25,12,7,24
gas_interrupted_5,2023-05-03,4,Efigas,CE0878,false,true,JOBO,"Sahagún, COR",Noche,-4,false,,SIN,"Sincelejo, SUC",69,,260,troncal norte,10,8,19,28,33
gas_interrupted_5,2023-05-04,5,Gases del Caribe,CE7468,true,false,BALLE,"Manaure, LAG",Mañana,37,true,,MTR,"Montería, COR",61,,413,regional sur,12,5,1,20,5
gas_interrupted_5,2023-05-05,6,Gases del Caribe,CE5098,false,false,BALLE,"Manaure, LAG",Tarde,-9,false,,BAQ,"Barranquilla, ATL",35,,236,regional sur,2,5,15,4,12
gas_interrupted_5,2023-05-06,7,Gases del Caribe,CE4713,false,false,BALLE,"Manaure, LAG",Mañana,52,true,,RIO,"Riohacha, LAG",46,,502,Troncal principal,20,5,13,6,15
gas_interrupted_5,2023-05-07,1,Surtigas,CE6425,true,false,BALLE,"Manaure, LAG",Madrugada,15,true,,CTG,"Cartagena, BOL",43,,551,ductos varios,5,2,19,10,1
gas_interrupted_5,2023-05-08,2,Gases de la Guajira,CE1795,true,false,JOBO,"Sahagún, COR",Noche,19,true,,RIO,"Riohacha, LAG",12,,609,regional sur,3,2,0,1,6
gas_interrupted_5,2023-05-09,3,Gases de la Guajira,CE5559,false,true,BALLE,"Manaure, LAG",Madrugada,49,true,,CTG,"Cartagena, BOL",30,,272,Regional Sabanas,8,2,13,4,6
gas_interrupted_5,2023-05-10,4,Surtigas,CE3419,true,false,BALLE,"Manaure, LAG",Noche,53,true,,BAQ,"Barranquilla, ATL",76,,532,Troncal principal,17,9,4,31,0
gas_interrupted_5,2023-05-11,5,Surtigas,CE9287,false,false,BALLE,"Manaure, LAG",Madrugada,58,true,,RIO,"Riohacha, LAG",43,,191,RAMAL urbano,10,3,23,0,3
gas_interrupted_5,2023-05-12,6,Gases del Caribe,CE7660,true,true,JOBO,"Sahagún, COR",Tarde,40,true,,,"Valledupar, CES",34,,341,Ramal industrial,1,27,13,1,2
gas_interrupted_5,2023-05-13,7,Gasnacer,CE1721,true,false,JOBO,"Sahagún, COR",Tarde,46,true,,VDP,"Valledupar, CES",66,,192,Ramal industrial,7,7,19,37,0
gas_interrupted_5,2023-05-14,1,Gases del Caribe,CE9373,true,false,JOBO,"Sahagún, COR",Madrugada,56,true,,MAM,"Cartagena, BOL",58,,304,RAMAL urbano,4,0,31,9,1
gas_interrupted_5,2023-05-15,2,Efigas,CE0966,false,true,JOBO,"Sahagún, COR",Madrugada,33,true,,STM,"Santa Marta, MAG",99,,133,Regional Sabanas,9,4,33,31,26
gas_interrupted_5,2023-05-16,3,Gasnacer,CE0251,true,true,BALLE,"Manaure, LAG",Mañana,61,true,,MTR,"Montería, COR",55,,112,Troncal principal,0,5,25,27,10
gas_interrupted_5,2023-05-17,4,Gasnacer,CE1681,true,true,JOBO,"Sahagún, COR",Mañana,38,true,,MAM,"Cartagena, BOL",34,,153,RAMAL urbano,1,0,11,7,7
gas_interrupted_5,2023-05-18,5,Gases de la Guajira,CE0653,false,false,JOBO,"Sahagún, COR",Tarde,30,true,,MTR,"Montería, COR",55,,225,ductos varios,5,7,8,17,2
gas_interrupted_5,2023-05-19,6,Gases de la Guajira,CE3135,false,true,JOBO,"Sahagún, COR",Mañana,62,true,,RIO,"Riohacha, LAG",75,,613,troncal norte,27,12,4,11,14
gas_interrupted_5,2023-05-20,7,Efigas,CE5402,true,false,BALLE,"Manaure, LAG",Tarde,19,true,,CTG,"Cartagena, BOL",60,,357,Ramal industrial,9,10,16,4,1
gas_interrupted_5,2023-05-21,1,Surtigas,CE1620,true,false,JOBO,"Sahagún, COR",Mañana,0,false,,BAQ,"Barranquilla, ATL",70,,644,RAMAL urbano,13,3,22,10,25
gas_interrupted_5,2023-05-22,2,Gasnacer,CE2744,true,false,BALLE,"Manaure, LAG",Madrugada,57,true,,BAQ,"Barranquilla, ATL",93,,453,Troncal principal,9,36,0,18,1
gas_interrupted_5,2023-05-23,3,Gases de la Guajira,CE2237,true,false,JOBO,"Sahagún, COR",Tarde,6,true,,MTR,"Montería, COR",56,,154,RAMAL urbano,3,18,18,0,15
gas_interrupted_5,2023-05-24,4,Gases de la Guajira,CE7826,true,false,BALLE,"Manaure, LAG",Tarde,47,true,,STM,"Santa Marta, MAG",18,,158,troncal norte,4,8,5,1,3
gas_interrupted_5,2023-05-25,5,Gases de la Guajira,CE7725,false,false,JOBO,"Sahagún, COR",Noche,19,true,,MTR,"Montería, COR",36,,497,regional sur,25,7,15,1,1
gas_interrupted_5,2023-05-26,6,Gases de la Guajira,CE6183,true,false,BALLE,"Manaure, LAG",Noche,23,true,,BAQ,"Barranquilla, ATL",29,,431,Ramal industrial,2,4,0,19,0
gas_interrupted_5,2023-05-27,7,Efigas,CE6880,false,false,BALLE,"Manaure, LAG",Noche,22,true,,MTR,"Montería, COR",76,,210,RAMAL urbano,6,30,4,8,17
gas_interrupted_5,2023-05-28,1,Gases de la Guajira,CE0127,true,false,JOBO,"Sahagún, COR",Noche,64,true,,RIO,"Riohacha, LAG",38,,104,Ramal industrial,14,0,8,5,1
gas_interrupted_5,2023-05-29,2,Surtigas,CE8232,true,false,BALLE,"Manaure, LAG",Madrugada,28,true,,CTG,"Cartagena, BOL",92,,313,Ramal industrial,35,16,26,4,15
gas_interrupted_5,2023-05-30,3,Surtigas,CE6490,true,true,JOBO,"Sahagún, COR",Noche,56,true,,MAM,"Cartagena, BOL",62,,653,Regional Sabanas,4,22,12,0,6
gas_interrupted_5,2023-05-31,4,Efigas,CE2276,false,true,JOBO,"Sahagún, COR",Tarde,-7,false,,STM,"Santa Marta, MAG",61,,359,troncal norte,23,1,10,28,7
gas_interrupted_6,2023-06-01,5,Surtigas,CE7590,false,false,BALLE,"Manaure, LAG",Noche,18,true,,RIO,"Riohacha, LAG",98,,651,troncal norte,4,17,22,24,0
gas_interrupted_6,2023-06-02,6,Gases de la Guajira,CE6165,true,true,BALLE,"Manaure, LAG",Tarde,12,true,,CTG,"Cartagena, BOL",43,,366,Troncal principal,5,0,3,6,26
gas_interrupted_6,2023-06-03,7,Gases de la Guajira,CE5094,true,false,BALLE,"Manaure, LAG",Mañana,45,true,,,"Santa Marta, MAG",55,,220,regional sur,1,11,23,2,0
gas_interrupted_6,2023-06-04,1,Gases del Caribe,CE6416,true,false,BALLE,"Manaure, LAG",Madrugada,41,true,,RIO,"Riohacha, LAG",44,,203,Troncal principal,14,13,3,6,6
gas_interrupted_6,2023-06-05,2,Gases del Caribe,CE5307,false,false,JOBO,"Sahagún, COR",Madrugada,56,true,,CTG,"Cartagena, BOL",13,,575,ductos varios,3,2,1,5,0
gas_interrupted_6,2023-06-06,3,Efigas,CE0928,true,true,BALLE,"Manaure, LAG",Tarde,38,true,,VDP,"Valledupar, CES",82,,582,ductos varios,4,15,19,19,1
gas_interrupted_6,2023-06-07,4,Gases de la Guajira,CE1709,true,false,JOBO,"Sahagún, COR",Noche,30,true,,CTG,"Cartagena, BOL",55,,636,Troncal principal,14,15,22,3,16
gas_interrupted_6,2023-06-08,5,Gasnacer,CE1,true,false,JOBO,"Sahagún, COR",Madrugada,45,true,,RIO,"Riohacha, LAG",35,,459,troncal norte,12,20,2,0,0
gas_interrupted_6,2023-06-09,6,Gases del Caribe,CE0693,true,false,JOBO,"Sahagún, COR",Mañana,11,true,,RIO,"Riohacha, LAG",52,,603,Ramal industrial,5,14,14,23,0
gas_interrupted_6,2023-06-10,7,Gases del Caribe,CE3840,true,true,JOBO,"Sahagún, COR",Madrugada,56,true,,MAM,"Cartagena, BOL",62,,371,regional sur,11,0,11,1,23
gas_interrupted_6,2023-06-11,1,Efigas,CE2049,true,false,BALLE,"Manaure, LAG",Noche,45,true,,SIN,"Sincelejo, SUC",52,,278,Troncal principal,10,2,10,2,16
gas_interrupted_6,2023-06-12,2,Gases del Caribe,CE6003,true,true,BALLE,"Manaure, LAG",Mañana,-8,false,,MTR,"Montería, COR",24,,568,regional sur,3,6,7,5,1
gas_interrupted_6,2023-06-13,3,Gasnacer,CE3104,true,false,BALLE,"Manaure, LAG",Madrugada,58,true,,MAM,"Cartagena, BOL",56,,296,Troncal principal,11,22,0,2,10
gas_interrupted_6,2023-06-14,4,Gases de la Guajira,CE4195,true,false,JOBO,"Sahagún, COR",Mañana,-11,false,,RIO,"Riohacha, LAG",18,,224,Ramal industrial,0,4,1,4,4
gas_interrupted_6,2023-06-15,5,Gases de la Guajira,CE9580,true,false,BALLE,"Manaure, LAG",Mañana,-2,false,,MAM,"Cartagena, BOL",37,,197,RAMAL urbano,1,20,14,6,3
gas_interrupted_6,2023-06-16,6,Efigas,CE3630,true,false,JOBO,"Sahagún, COR",Mañana,3,true,,SIN,"Sincelejo, SUC",28,,539,Troncal principal,0,11,9,10,4
gas_interrupted_6,2023-06-17,7,Gases del Caribe,CE6330,false,true,JOBO,"Sahagún, COR",Mañana,6,true,,BAQ,"Barranquilla, ATL",47,,580,RAMAL urbano,6,14,5,8,32
gas_interrupted_6,2023-06-18,1,Gases del Caribe,CE7098,true,false,JOBO,"Sahagún, COR",Mañana,55,true,,BAQ,"Barranquilla, ATL",34,,347,RAMAL urbano,0,10,4,22,11
gas_interrupted_6,2023-06-19,2,Efigas,CE1616,false,false,JOBO,"Sahagún, COR",Mañana,42,true,,CTG,"Cartagena, BOL",33,,77,troncal norte,13,1,1,10,5
gas_interrupted_6,2023-06-20,3,Surtigas,CE0300,false,false,JOBO,"Sahagún, COR",Tarde,12,true,,MAM,"Cartagena, BOL",77,,488,regional sur,8,22,6,21,22
gas_interrupted_6,2023-06-21,4,Gases del Caribe,CE2110,true,false,BALLE,"Manaure, LAG",Madrugada,-14,false,,BAQ,"Barranquilla, ATL",50,,468,regional sur,2,13,3,2,14
gas_interrupted_6,2023-06-22,5,Gases de la Guajira,CE2224,true,true,BALLE,"Manaure, LAG",Tarde,14,true,,MTR,"Montería, COR",85,,447,Troncal principal,29,3,2,1,35
gas_interrupted_6,2023-06-23,6,Surtigas,CE1835,false,false,BALLE,"Manaure, LAG",Noche,25,true,,SIN,"Sincelejo, SUC",62,,377,RAMAL urbano,12,28,11,13,0
gas_interrupted_6,2023-06-24,7,Gases del Caribe,CE8695,false,false,BALLE,"Manaure, LAG",Noche,-8,false,,STM,"Santa Marta, MAG",99,,592,regional sur,14,35,12,4,18
gas_interrupted_6,2023-06-25,1,Surtigas,CE9265,true,false,JOBO,"Sahagún, COR",Tarde,36,true,,BAQ,"Barranquilla, ATL",70,,412,troncal norte,22,4,3,11,7
gas_interrupted_6,2023-06-26,2,Surtigas,CE4866,true,true,JOBO,"Sahagún, COR",Noche,-3,false,,MAM,"Cartagena, BOL",59,,63,Troncal principal,0,10,19,0,29
gas_interrupted_6,2023-06-27,3,Efigas,CE2240,true,false,BALLE,"Manaure, LAG",Tarde,53,true,,SIN,"Sincelejo, SUC",79,,168,troncal norte,24,6,24,9,1
gas_interrupted_6,2023-06-28,4,Efigas,CE8106,false,false,JOBO,"Sahagún, COR",Noche,18,true,,VDP,"Valledupar, CES",42,,151,Troncal principal,4,6,3,16,5
gas_interrupted_6,2023-06-29,5,Gasnacer,CE6163,true,false,BALLE,"Manaure, LAG",Noche,37,true,,SIN,"Sincelejo, SUC",38,,93,troncal norte,9,0,4,32,4
gas_interrupted_6,2023-06-30,6,Gases del Caribe,CE0121,true,true,BALLE,"Manaure, LAG",Noche,-12,false,,MTR,"Montería, COR",33,,344,Troncal principal,7,1,3,9,3
gas_interrupted_7,2023-07-01,7,Gases de la Guajira,CE8972,true,false,BALLE,"Manaure, LAG",Mañana,14,true,,SIN,"Sincelejo, SUC",27,,60,ductos varios,25,3,2,2,3
gas_interrupted_7,2023-07-02,1,Surtigas,CE7133,true,false,BALLE,"Manaure, LAG",Tarde,44,true,,STM,"Santa Marta, MAG",28,,493,RAMAL urbano,10,1,3,1,8
gas_interrupted_7,2023-07-03,2,Efigas,CE8789,false,false,BALLE,"Manaure, LAG",Mañana,-12,false,,STM,"Santa Marta, MAG",54,,266,Ramal industrial,5,1,3,26,7
gas_interrupted_7,2023-07-04,3,Surtigas,CE6486,true,true,BALLE,"Manaure, LAG",Tarde,-5,false,,BAQ,"Barranquilla, ATL",42,,221,Regional Sabanas,3,10,22,2,18
gas_interrupted_7,2023-07-05,4,Gasnacer,CE0783,true,false,BALLE,"Manaure, LAG",Tarde,43,true,,BAQ,"Barranquilla, ATL",37,,541,Regional Sabanas,4,3,5,28,2
gas_interrupted_7,2023-07-06,5,Efigas,CE9941,false,true,JOBO,"Sahagún, COR",Mañana,-4,false,,SIN,"Sincelejo, SUC",53,,367,regional sur,10,6,9,11,2
gas_interrupted_7,2023-07-07,6,Gases de la Guajira,CE0964,true,false,JOBO,"Sahagún, COR",Madrugada,41,true,,RIO,"Riohacha, LAG",19,,639,Ramal industrial,0,11,7,5,3
gas_interrupted_7,2023-07-08,7,Gasnacer,CE7108,true,false,JOBO,"Sahagún, COR",Noche,53,true,,RIO,"Riohacha, LAG",53,,70,regional sur,26,4,18,1,4
gas_interrupted_7,2023-07-09,1,Gases de la Guajira,CE2085,true,false,BALLE,"Manaure, LAG",Noche,-10,false,,MTR,"Montería, COR",25,,163,RAMAL urbano,2,2,0,10,21
gas_interrupted_7,2023-07-10,2,Gases de la Guajira,CE7303,true,false,BALLE,"Manaure, LAG",Tarde,21,true,,VDP,"Valledupar, CES",32,,514,ductos varios,25,0,2,2,6
gas_interrupted_7,2023-07-11,3,Efigas,CE7768,false,false,JOBO,"Sahagún, COR",Mañana,26,true,,MTR,"Montería, COR",45,,601,ductos varios,7,2,2,22,6
gas_interrupted_7,2023-07-12,4,Surtigas,CE3901,true,false,BALLE,"Manaure, LAG",Tarde,28,true,,BAQ,"Barranquilla, ATL",51,,548,regional sur,22,4,4,1,4
gas_interrupted_7,2023-07-13,5,Gasnacer,CE3281,false,false,BALLE,"Manaure, LAG",Tarde,46,true,,VDP,"Valledupar, CES",30,,419,ductos varios,0,7,0,2,19
gas_interrupted_7,2023-07-14,6,Gasnacer,CE7165,true,true,JOBO,"Sahagún, COR",Madrugada,61,true,,MAM,"Cartagena, BOL",51,,385,Troncal principal,2,5,18,24,20
gas_interrupted_7,2023-07-15,7,Gases de la Guajira,CE7559,true,false,BALLE,"Manaure, LAG",Madrugada,16,true,,VDP,"Valledupar, CES",45,,438,RAMAL urbano,5,5,10,6,10
gas_interrupted_7,2023-07-16,1,Surtigas,CE5269,true,false,JOBO,"Sahagún, COR",Mañana,15,true,,BAQ,"Barranquilla, ATL",29,,545,Ramal industrial,7,4,0,20,3
gas_interrupted_7,2023-07-17,2,Gases del Caribe,CE2102,true,true,JOBO,"Sahagún, COR",Mañana,15,true,,STM,"Santa Marta, MAG",14,,631,Regional Sabanas,3,0,0,0,12
gas_interrupted_7,2023-07-18,3,Surtigas,CE9965,false,false,BALLE,"Manaure, LAG",Mañana,53,true,,VDP,"Valledupar, CES",33,,626,Regional Sabanas,1,2,16,12,6
gas_interrupted_7,2023-07-19,4,Gasnacer,CE3028,true,false,BALLE,"Manaure, LAG",Noche,8,true,,STM,"Santa Marta, MAG",66,,524,ductos varios,10,9,23,32,7
gas_interrupted_7,2023-07-20,5,Efigas,CE8591,false,false,JOBO,"Sahagún, COR",Madrugada,59,true,,VDP,"Valledupar, CES",31,,108,Regional Sabanas,2,4,2,12,4
gas_interrupted_7,2023-07-21,6,Surtigas,CE4054,true,false,JOBO,"Sahagún, COR",Mañana,23,true,,VDP,"Valledupar, CES",43,,197,troncal norte,2,33,13,8,0
gas_interrupted_7,2023-07-22,7,Gases del Caribe,CE1902,false,true,BALLE,"Manaure, LAG",Mañana,22,true,,STM,"Santa Marta, MAG",49,,422,RAMAL urbano,4,11,1,7,24
gas_interrupted_7,2023-07-23,1,Gasnacer,CE5732,true,false,BALLE,"Manaure, LAG",Madrugada,19,true,,VDP,"Valledupar, CES",62,,531,Ramal industrial,0,11,3,14,14
gas_interrupted_7,2023-07-24,2,Gases del Caribe,CE6236,true,true,BALLE,"Manaure, LAG",Mañana,28,true,,STM,"Santa Marta, MAG",81,,241,RAMAL urbano,16,17,7,24,19
gas_interrupted_7,2023-07-25,3,Gases de la Guajira,CE9807,false,false,JOBO,"Sahagún, COR",Tarde,52,true,,STM,"Santa Marta, MAG",63,,494,ductos varios,3,28,5,14,17
gas_interrupted_7,2023-07-26,4,Gases del Caribe,CE7128,true,true,JOBO,"Sahagún, COR",Mañana,12,true,,RIO,"Riohacha, LAG",52,,281,Troncal principal,11,2,13,3,8
gas_interrupted_7,2023-07-27,5,Surtigas,CE3820,true,false,JOBO,"Sahagún, COR",Madrugada,43,true,,MTR,"Montería, COR",75,,389,Troncal principal,2,0,38,7,5
gas_interrupted_7,2023-07-28,6,Gases del Caribe,CE1913,true,false,BALLE,"Manaure, LAG",Mañana,-8,false,,RIO,"Riohacha, LAG",34,,268,ductos varios,10,6,8,11,5
gas_interrupted_7,2023-07-29,7,Gases del Caribe,CE1,true,true,BALLE,"Manaure, LAG",Madrugada,32,true,,STM,"Santa Marta, MAG",42,,262,regional sur,8,16,6,10,6
gas_interrupted_7,2023-07-30,1,Efigas,CE3907,true,false,BALLE,"Manaure, LAG",Tarde,5,true,,MAM,"Cartagena, BOL",25,,273,Troncal principal,20,0,0,3,0
gas_interrupted_7,2023-07-31,2,Surtigas,CE9291,false,false,JOBO,"Sahagún, COR",Noche,37,true,,BAQ,"Barranquilla, ATL",78,,98,Regional Sabanas,4,35,2,25,19
gas_interrupted_8,2023-08-01,3,Gases del Caribe,CE8798,true,true,BALLE,"Manaure, LAG",Madrugada,15,true,,BAQ,"Barranquilla, ATL",25,,501,ductos varios,6,4,4,22,0
gas_interrupted_8,2023-08-02,4,Gasnacer,CE2870,false,false,BALLE,"Manaure, LAG",Tarde,38,true,,MAM,"Cartagena, BOL",68,,472,Ramal industrial,1,12,14,13,9
gas_interrupted_8,2023-08-03,5,Surtigas,CE8991,true,false,JOBO,"Sahagún, COR",Mañana,17,true,,VDP,"Valledupar, CES",41,,236,ductos varios,8,33,1,11,1
gas_interrupted_8,2023-08-04,6,Gasnacer,CE4279,true,true,BALLE,"Manaure, LAG",Noche,-2,false,,MAM,"Cartagena, BOL",80,,218,RAMAL urbano,0,13,21,8,23
gas_interrupted_8,2023-08-05,7,Gases de la Guajira,CE5439,true,false,BALLE,"Manaure, LAG",Tarde,-6,false,,MTR,"Montería, COR",48,,153,regional sur,6,3,11,15,3
gas_interrupted_8,2023-08-06,1,Surtigas,CE8042,true,false,BALLE,"Manaure, LAG",Tarde,12,true,,BAQ,"Barranquilla, ATL",70,,131,RAMAL urbano,14,5,1,27,0
gas_interrupted_8,2023-08-07,2,Surtigas,CE3644,true,true,JOBO,"Sahagún, COR",Noche,-11,false,,VDP,"Valledupar, CES",19,,91,RAMAL urbano,13,4,4,1,2
gas_interrupted_8,2023-08-08,3,Gases de la Guajira,CE7242,true,false,JOBO,"Sahagún, COR",Tarde,8,true,,VDP,"Valledupar, CES",72,,192,Regional Sabanas,5,8,12,5,20
gas_interrupted_8,2023-08-09,4,Surtigas,CE6876,false,false,BALLE,"Manaure, LAG",Madrugada,63,true,,BAQ,"Barranquilla, ATL",48,,531,troncal norte,16,27,3,0,9
gas_interrupted_8,2023-08-10,5,Gasnacer,CE6876,true,true,JOBO,"Sahagún, COR",Madrugada,15,true,,CTG,"Cartagena, BOL",41,,401,RAMAL urbano,4,1,22,0,2
gas_interrupted_8,2023-08-11,6,Gases de la Guajira,CE3202,true,true,JOBO,"Sahagún, COR",Tarde,-1,false,,SIN,"Sincelejo, SUC",77,,253,Regional Sabanas,4,4,28,20,1
gas_interrupted_8,2023-08-12,7,Surtigas,CE9686,true,false,BALLE,"Manaure, LAG",Madrugada,28,true,,VDP,"Valledupar, CES",52,,441,RAMAL urbano,14,20,11,3,7
gas_interrupted_8,2023-08-13,1,Surtigas,CE5175,true,false,BALLE,"Manaure, LAG",Madrugada,30,true,,SIN,"Sincelejo, SUC",68,,167,regional sur,17,19,8,6,4
gas_interrupted_8,2023-08-14,null,Efigas,CE0263,true,false,JOBO,"Sahagún, COR",Madrugada,26,true,,BAQ,"Barranquilla, ATL",78,,596,regional sur,35,4,21,9,12
gas_interrupted_8,2023-08-15,3,Efigas,CE6910,true,true,BALLE,"Manaure, LAG",Madrugada,55,true,,MAM,"Cartagena, BOL",93,,260,regional sur,10,27,26,5,0
gas_interrupted_8,2023-08-16,4,Surtigas,CE7250,true,false,BALLE,"Manaure, LAG",Mañana,20,true,,MTR,"Montería, COR",30,,160,regional sur,11,3,19,0,9
gas_interrupted_8,2023-08-17,5,Gases del Caribe,CE4838,false,false,BALLE,"Manaure, LAG",Madrugada,-14,false,,SIN,"Sincelejo, SUC",56,,65,troncal norte,10,19,0,2,21
gas_interrupted_8,2023-08-18,6,Gasnacer,CE7287,true,true,JOBO,"Sahagún, COR",Tarde,-13,false,,VDP,"Valledupar, CES",58,,333,Ramal industrial,0,16,6,16,1
gas_interrupted_8,2023-08-19,7,Gases del Caribe,CE1904,true,false,BALLE,"Manaure, LAG",Tarde,52,true,,RIO,"Riohacha, LAG",49,,365,ductos varios,0,8,16,2,14
gas_interrupted_8,2023-08-20,1,Gases de la Guajira,CE3089,true,false,BALLE,"Manaure, LAG",Madrugada,22,true,,SIN,"Sincelejo, SUC",37,,615,Ramal industrial,2,16,16,0,17
gas_interrupted_8,2023-08-21,2,Gasnacer,CE5183,true,false,JOBO,"Sahagún, COR",Noche,50,true,,STM,"Santa Marta, MAG",70,,528,RAMAL urbano,0,10,7,24,12
gas_interrupted_8,2023-08-22,3,Surtigas,CE2089,true,true,BALLE,"Manaure, LAG",Mañana,-3,false,,BAQ,"Barranquilla, ATL",27,,150,Regional Sabanas,13,3,2,0,1
gas_interrupted_8,2023-08-23,4,Efigas,CE9338,true,false,BALLE,"Manaure, LAG",Mañana,-3,false,,MTR,"Montería, COR",49,,82,Ramal industrial,0,21,19,12,9
gas_interrupted_8,2023-08-24,5,Gases del Caribe,CE0053,false,false,JOBO,"Sahagún, COR",Tarde,17,true,,VDP,"Valledupar, CES",54,,353,troncal norte,21,2,15,7,23
gas_interrupted_8,2023-08-25,6,Gasnacer,CE3027,false,false,JOBO,"Sahagún, COR",Mañana,60,true,,MAM,"Cartagena, BOL",55,,331,Ramal industrial,1,11,12,12,9
gas_interrupted_8,2023-08-26,7,Gasnacer,CE6107,true,true,BALLE,"Manaure, LAG",Noche,9,true,,MAM,"Cartagena, BOL",52,,331,troncal norte,0,6,8,9,22
gas_interrupted_8,2023-08-27,1,Gases del Caribe,CE4842,false,false,BALLE,"Manaure, LAG",Madrugada,58,true,,BAQ,"Barranquilla, ATL",56,,650,ductos varios,4,19,22,1,18
gas_interrupted_8,2023-08-28,2,Gasnacer,CE9694,false,true,BALLE,"Manaure, LAG",Mañana,-11,false,,BAQ,"Barranquilla, ATL",29,,444,Troncal principal,7,8,2,11,0
gas_interrupted_8,2023-08-29,3,Surtigas,CE1575,true,true,JOBO,"Sahagún, COR",Tarde,25,true,,SIN,"Sincelejo, SUC",120,,229,troncal norte,26,9,11,25,15
gas_interrupted_8,2023-08-30,4,Surtigas,CE6493,false,false,JOBO,"Sahagún, COR",Mañana,24,true,,VDP,"Valledupar, CES",55,,510,Troncal principal,6,0,4,23,5
gas_interrupted_8,2023-08-31,5,Gases de la Guajira,CE7015,true,false,BALLE,"Manaure, LAG",Mañana,53,true,,RIO,"Riohacha, LAG",76,,177,regional sur,26,1,20,1,4
gas_interrupted_9,2023-09-01,6,Gases de la Guajira,CE7998,true,true,BALLE,"Manaure, LAG",Noche,-5,false,,VDP,"Valledupar, CES",67,,94,Troncal principal,3,18,13,34,0
gas_interrupted_9,2023-09-02,7,Efigas,CE3997,true,false,BALLE,"Manaure, LAG",Mañana,49,true,,BAQ,"Barranquilla, ATL",113,,536,Regional Sabanas,17,18,0,34,14
gas_interrupted_9,2023-09-03,1,Gases del Caribe,CE3797,true,true,BALLE,"Manaure, LAG",Madrugada,6,true,,STM,"Santa Marta, MAG",78,,302,Troncal principal,1,0,25,5,26
gas_interrupted_9,2023-09-04,2,Efigas,CE7836,true,false,JOBO,"Sahagún, COR",Mañana,47,true,,,"Sincelejo, SUC",62,,276,RAMAL urbano,4,0,3,32,10
gas_interrupted_9,2023-09-05,3,Efigas,CE9306,true,false,JOBO,"Sahagún, COR",Mañana,6,true,,SIN,"Sincelejo, SUC",30,,280,RAMAL urbano,8,1,9,3,19
gas_interrupted_9,2023-09-06,4,Gasnacer,CE2292,true,false,JOBO,"Sahagún, COR",Mañana,46,true,,MTR,"Montería, COR",54,,211,RAMAL urbano,22,10,20,2,19
gas_interrupted_9,2023-09-07,5,Gases del Caribe,CE5761,true,false,BALLE,"Manaure, LAG",Tarde,4,true,,BAQ,"Barranquilla, ATL",17,,151,ductos varios,1,7,1,1,3
gas_interrupted_9,2023-09-08,6,Gases de la Guajira,CE8828,false,false,BALLE,"Manaure, LAG",Tarde,38,true,,VDP,"Valledupar, CES",40,,385,Ramal industrial,1,9,11,19,8
gas_interrupted_9,2023-09-09,7,Gasnacer,CE0936,true,false,BALLE,"Manaure, LAG",Tarde,17,true,,RIO,"Riohacha, LAG",53,,324,regional sur,6,3,9,16,4
gas_interrupted_9,2023-09-10,1,Gasnacer,CE9406,true,false,BALLE,"Manaure, LAG",Mañana,5,true,,MTR,"Montería, COR",52,,216,RAMAL urbano,19,23,3,3,5
gas_interrupted_9,2023-09-11,2,Gases de la Guajira,CE0303,true,true,JOBO,"Sahagún, COR",Noche,28,true,,STM,"Santa Marta, MAG",83,,637,RAMAL urbano,2,17,7,0,33
gas_interrupted_9,2023-09-12,3,Gasnacer,CE9209,true,false,BALLE,"Manaure, LAG",Mañana,-13,false,,SIN,"Sincelejo, SUC",72,,383,Regional Sabanas,22,9,20,4,0
gas_interrupted_9,2023-09-13,4,Gasnacer,CE5718,true,false,JOBO,"Sahagún, COR",Noche,14,true,,RIO,"Riohacha, LAG",40,,403,troncal norte,5,0,23,2,5
gas_interrupted_9,2023-09-14,5,Gasnacer,CE0988,true,false,JOBO,"Sahagún, COR",Tarde,55,true,,CTG,"Cartagena, BOL",50,,477,Troncal principal,14,0,4,0,33
gas_interrupted_9,2023-09-15,6,Gases del Caribe,CE4335,true,true,JOBO,"Sahagún, COR",Madrugada,-13,false,,MAM,"Cartagena, BOL",81,,387,Ramal industrial,3,6,20,21,20
gas_interrupted_9,2023-09-16,7,Efigas,CE1271,true,false,JOBO,"Sahagún, COR",Noche,62,true,,CTG,"Cartagena, BOL",26,,256,troncal norte,0,1,0,20,2
gas_interrupted_9,2023-09-17,1,Gasnacer,CE8425,true,true,BALLE,"Manaure, LAG",Madrugada,7,true,,VDP,"Valledupar, CES",101,,558,Ramal industrial,20,12,7,8,29
gas_interrupted_9,2023-09-18,2,Gases de la Guajira,CE6800,true,false,JOBO,"Sahagún, COR",Tarde,55,true,,STM,"Santa Marta, MAG",39,,258,Ramal industrial,0,11,6,2,8
gas_interrupted_9,2023-09-19,3,Gases de la Guajira,CE8552,true,false,JOBO,"Sahagún, COR",Mañana,46,true,,CTG,"Cartagena, BOL",26,,103,Ramal industrial,19,12,5,0,1
gas_interrupted_9,2023-09-20,4,Gases del Caribe,CE3143,true,true,JOBO,"Sahagún, COR",Noche,49,true,,RIO,"Riohacha, LAG",80,,584,ductos varios,1,22,1,12,18
gas_interrupted_9,2023-09-21,5,Surtigas,CE7651,false,false,JOBO,"Sahagún, COR",Mañana,60,true,,MAM,"Cartagena, BOL",80,,282,RAMAL urbano,8,15,6,26,18
gas_interrupted_9,2023-09-22,6,Gasnacer,CE6765,false,false,BALLE,"Manaure, LAG",Mañana,-9,false,,BAQ,"Barranquilla, ATL",52,,532,Regional Sabanas,1,0,8,24,14
gas_interrupted_9,2023-09-23,7,Gases del Caribe,CE7498,true,false,JOBO,"Sahagún, COR",Madrugada,-12,false,,VDP,"Valledupar, CES",46,,114,RAMAL urbano,2,20,32,1,0
gas_interrupted_9,2023-09-24,1,Gasnacer,CE4623,false,false,JOBO,"Sahagún, COR",Mañana,52,true,,MAM,"Cartagena, BOL",28,,630,ductos varios,5,2,9,14,0
gas_interrupted_9,2023-09-25,2,Efigas,CE1437,true,false,BALLE,"Manaure, LAG",Noche,60,true,,BAQ,"Barranquilla, ATL",55,,364,Regional Sabanas,1,19,4,11,11
gas_interrupted_9,2023-09-26,3,Gases del Caribe,CE5668,true,false,JOBO,"Sahagún, COR",Madrugada,-14,false,,VDP,"Valledupar, CES",48,,99,regional sur,2,13,1,17,4
gas_interrupted_9,2023-09-27,4,Gasnacer,CE7376,true,false,JOBO,"Sahagún, COR",Tarde,37,true,,VDP,"Valledupar, CES",87,,565,Troncal principal,22,5,12,12,31
gas_interrupted_9,2023-09-28,5,Efigas,CE3283,false,false,JOBO,"Sahagún, COR",Madrugada,39,true,,VDP,"Valledupar, CES",11,,581,RAMAL urbano,0,7,0,0,2
gas_interrupted_9,2023-09-29,6,Gasnacer,CE4867,true,false,BALLE,"Manaure, LAG",Noche,50,true,,MTR,"Montería, COR",43,,118,ductos varios,8,3,3,8,13
gas_interrupted_9,2023-09-30,7,Gases de la Guajira,CE6666,true,false,BALLE,"Manaure, LAG",Noche,30,true,,MTR,"Montería, COR",31,,221,regional sur,8,1,0,12,9
gas_interrupted_10,2023-10-01,1,Gases del Caribe,CE1302,false,true,JOBO,"Sahagún, COR",Tarde,52,true,,SIN,"Sincelejo, SUC",78,,125,RAMAL urbano,25,4,10,23,25
gas_interrupted_10,2023-10-02,2,Gases del Caribe,CE9015,true,false,JOBO,"Sahagún, COR",Mañana,27,true,,SIN,"Sincelejo, SUC",39,,248,Troncal principal,10,5,5,0,7
gas_interrupted_10,2023-10-03,3,Gases del Caribe,CE0982,true,true,BALLE,"Manaure, LAG",Madrugada,56,true,,RIO,"Riohacha, LAG",47,,180,RAMAL urbano,9,8,4,26,4
gas_interrupted_10,2023-10-04,4,Gases de la Guajira,CE1372,true,false,JOBO,"Sahagún, COR",Noche,4,true,,BAQ,"Barranquilla, ATL",43,,123,troncal norte,22,1,12,15,3
gas_interrupted_10,2023-10-05,5,Gases del Caribe,CE4939,true,false,JOBO,"Sahagún, COR",Mañana,11,true,,MTR,"Montería, COR",83,,627,Troncal principal,20,28,8,0,4
gas_interrupted_10,2023-10-06,6,Gases de la Guajira,CE7943,true,false,BALLE,"Manaure, LAG",Madrugada,10,true,,SIN,"Sincelejo, SUC",26,,238,troncal norte,2,4,9,1,3
gas_interrupted_10,2023-10-07,7,Surtigas,CE1235,false,false,BALLE,"Manaure, LAG",Mañana,33,true,,MAM,"Cartagena, BOL",36,,314,RAMAL urbano,18,13,0,14,0
gas_interrupted_10,2023-10-08,1,Gases del Caribe,CE6455,true,false,BALLE,"Manaure, LAG",Mañana,16,true,,VDP,"Valledupar, CES",81,,109,regional sur,20,17,14,3,0
gas_interrupted_10,2023-10-09,2,Gases de la Guajira,CE2727,true,false,JOBO,"Sahagún, COR",Mañana,15,true,,,"Santa Marta, MAG",12,,255,regional sur,2,0,0,3,10
gas_interrupted_10,2023-10-10,3,Gases del Caribe,CE1098,false,false,JOBO,"Sahagún, COR",Tarde,49,true,,VDP,"Valledupar, CES",43,,547,Troncal principal,21,10,0,7,11
gas_interrupted_10,2023-10-11,4,Gases de la Guajira,CE5046,true,false,JOBO,"Sahagún, COR",Noche,7,true,,BAQ,"Barranquilla, ATL",68,,214,troncal norte,12,19,25,22,0
gas_interrupted_10,2023-10-12,5,Efigas,CE6455,true,false,BALLE,"Manaure, LAG",Noche,21,true,,STM,"Santa Marta, MAG",64,,652,Regional Sabanas,0,7,8,7,30
gas_interrupted_10,2023-10-13,6,Gases del Caribe,CE0830,true,false,BALLE,"Manaure, LAG",Tarde,11,true,,STM,"Santa Marta, MAG",69,,183,Troncal principal,5,9,15,21,18
gas_interrupted_10,2023-10-14,7,Surtigas,CE5335,false,true,BALLE,"Manaure, LAG",Tarde,-14,false,,MTR,"Montería, COR",20,,85,Ramal industrial,7,3,1,0,3
gas_interrupted_10,2023-10-15,1,Gasnacer,CE3634,false,false,JOBO,"Sahagún, COR",Madrugada,-10,false,,SIN,"Sincelejo, SUC",22,,337,ductos varios,4,6,0,10,7
gas_interrupted_10,2023-10-16,2,Efigas,CE2454,true,false,JOBO,"Sahagún, COR",Tarde,20,true,,CTG,"Cartagena, BOL",12,,591,ductos varios,1,2,1,0,13
gas_interrupted_10,2023-10-17,3,Surtigas,CE9161,false,false,BALLE,"Manaure, LAG",Mañana,5,true,,VDP,"Valledupar, CES",70,,404,regional sur,2,5,35,5,9
gas_interrupted_10,2023-10-18,4,Efigas,CE5086,true,false,JOBO,"Sahagún, COR",Madrugada,29,true,,MAM,"Cartagena, BOL",40,,282,Regional Sabanas,5,5,5,16,11
gas_interrupted_10,2023-10-19,5,Surtigas,CE5068,true,false,BALLE,"Manaure, LAG",Noche,62,true,,MAM,"Cartagena, BOL",43,,483,Regional Sabanas,2,1,17,10,30
gas_interrupted_10,2023-10-20,6,Gasnacer,CE1763,true,false,JOBO,"Sahagún, COR",Madrugada,-10,false,,STM,"Santa Marta, MAG",41,,298,troncal norte,26,8,11,0,11
gas_interrupted_10,2023-10-21,7,Gases de la Guajira,CE5907,false,true,JOBO,"Sahagún, COR",Madrugada,12,true,,BAQ,"Barranquilla, ATL",85,,353,ductos varios,3,16,2,19,31
gas_interrupted_10,2023-10-22,1,Gases de la Guajira,CE0539,false,false,BALLE,"Manaure, LAG",Noche,27,true,,MAM,"Cartagena, BOL",80,,575,Troncal principal,11,0,10,9,25
gas_interrupted_10,2023-10-23,2,Gases del Caribe,CE7631,true,false,BALLE,"Manaure, LAG",Mañana,61,true,,MAM,"Cartagena, BOL",33,,427,RAMAL urbano,2,8,13,14,2
gas_interrupted_10,2023-10-24,3,Surtigas,CE9745,true,false,JOBO,"Sahagún, COR",Mañana,31,true,,VDP,"Valledupar, CES",36,,144,ductos varios,3,7,1,8,12
gas_interrupted_10,2023-10-25,4,Efigas,CE0829,true,false,JOBO,"Sahagún, COR",Madrugada,39,true,,MTR,"Montería, COR",53,,466,RAMAL urbano,9,0,0,28,4
gas_interrupted_10,2023-10-26,5,Surtigas,CE7358,true,true,JOBO,"Sahagún, COR",Tarde,12,true,,RIO,"Riohacha, LAG",33,,195,RAMAL urbano,0,15,6,23,1
gas_interrupted_10,2023-10-27,6,Gases de la Guajira,CE6220,true,false,JOBO,"Sahagún, COR",Noche,-3,false,,MTR,"Montería, COR",47,,517,Ramal industrial,10,10,25,1,0
gas_interrupted_10,2023-10-28,7,Gases del Caribe,CE0703,true,true,JOBO,"Sahagún, COR",Tarde,22,true,,VDP,"Valledupar, CES",43,,561,Ramal industrial,10,8,17,4,0
gas_interrupted_10,2023-10-29,1,Gases de la Guajira,CE1279,true,true,BALLE,"Manaure, LAG",Madrugada,27,true,,RIO,"Riohacha, LAG",62,,312,regional sur,1,19,14,4,4
gas_interrupted_10,2023-10-30,2,Efigas,CE6428,false,false,JOBO,"Sahagún, COR",Madrugada,17,true,,MAM,"Cartagena, BOL",16,,513,Troncal principal,0,1,4,3,6
gas_interrupted_10,2023-10-31,3,Gases del Caribe,CE2599,false,false,JOBO,"Sahagún, COR",Tarde,-9,false,,SIN,"Sincelejo, SUC",72,,555,troncal norte,3,6,37,11,9
gas_interrupted_11,2023-11-01,4,Gases del Caribe,CE9208,true,false,BALLE,"Manaure, LAG",Tarde,26,true,,MTR,"Montería, COR",74,,231,Ramal industrial,15,0,14,11,36
gas_interrupted_11,2023-11-02,5,Efigas,CE8623,true,false,BALLE,"Manaure, LAG",Noche,20,true,,MTR,"Montería, COR",34,,446,RAMAL urbano,26,10,0,0,4
gas_interrupted_11,2023-11-03,6,Gases del Caribe,CE3515,true,false,BALLE,"Manaure, LAG",Tarde,-15,false,,STM,"Santa Marta, MAG",46,,263,ductos varios,0,13,5,14,2
gas_interrupted_11,2023-11-04,7,Gases del Caribe,CE5734,true,true,JOBO,"Sahagún, COR",Tarde,15,true,,MTR,"Montería, COR",24,,455,Ramal industrial,0,9,8,0,1
gas_interrupted_11,2023-11-05,1,Surtigas,CE3029,false,true,BALLE,"Manaure, LAG",Tarde,31,true,,VDP,"Valledupar, CES",127,,533,troncal norte,6,15,26,12,26
gas_interrupted_11,2023-11-06,2,Gases de la Guajira,CE3366,false,false,JOBO,"Sahagún, COR",Madrugada,50,true,,BAQ,"Barranquilla, ATL",28,,613,regional sur,11,4,8,2,1
gas_interrupted_11,2023-11-07,3,Gases del Caribe,CE2399,true,true,BALLE,"Manaure, LAG",Mañana,18,true,,SIN,"Sincelejo, SUC",22,,283,RAMAL urbano,1,0,0,8,15
gas_interrupted_11,2023-11-08,4,Gases del Caribe,CE1724,false,true,JOBO,"Sahagún, COR",Madrugada,16,true,,MTR,"Montería, COR",62,,572,regional sur,7,15,2,5,26
gas_interrupted_11,2023-11-09,5,Gases de la Guajira,CE7135,false,false,JOBO,"Sahagún, COR",Mañana,-11,false,,CTG,"Cartagena, BOL",78,,586,regional sur,12,36,1,0,18
gas_interrupted_11,2023-11-10,6,Gasnacer,CE0410,true,false,BALLE,"Manaure, LAG",Madrugada,-4,false,,RIO,"Riohacha, LAG",48,,583,regional sur,20,8,8,4,9
gas_interrupted_11,2023-11-11,7,Gasnacer,CE1743,true,false,JOBO,"Sahagún, COR",Madrugada,41,true,,STM,"Santa Marta, MAG",28,,70,Troncal principal,5,2,0,0,20
gas_interrupted_11,2023-11-12,1,Surtigas,CE6659,true,true,BALLE,"Manaure, LAG",Madrugada,63,true,,MAM,"Cartagena, BOL",43,,625,ductos varios,23,3,6,7,18
gas_interrupted_11,2023-11-13,2,Efigas,CE8287,false,false,BALLE,"Manaure, LAG",Mañana,43,true,,SIN,"Sincelejo, SUC",23,,208,Troncal principal,10,5,8,8,0
gas_interrupted_11,2023-11-14,3,Gases del Caribe,CE1150,false,false,JOBO,"Sahagún, COR",Noche,-10,false,,RIO,"Riohacha, LAG",35,,175,RAMAL urbano,7,4,15,10,1
gas_interrupted_11,2023-11-15,4,Surtigas,CE8446,true,true,BALLE,"Manaure, LAG",Noche,59,true,,STM,"Santa Marta, MAG",40,,321,Troncal principal,5,19,8,3,3
gas_interrupted_11,2023-11-16,5,Surtigas,CE3803,false,true,JOBO,"Sahagún, COR",Noche,-6,false,,STM,"Santa Marta, MAG",39,,401,RAMAL urbano,11,20,2,1,17
gas_interrupted_11,2023-11-17,6,Surtigas,CE9081,true,false,BALLE,"Manaure, LAG",Madrugada,23,true,,STM,"Santa Marta, MAG",45,,280,regional sur,0,12,0,14,7
gas_interrupted_11,2023-11-18,7,Gases del Caribe,CE7836,true,false,BALLE,"Manaure, LAG",Noche,1,true,,CTG,"Cartagena, BOL",122,,105,regional sur,19,28,30,9,28
gas_interrupted_11,2023-11-19,1,Gases del Caribe,CE1838,false,false,JOBO,"Sahagún, COR",Mañana,47,true,,VDP,"Valledupar, CES",63,,241,regional sur,18,5,21,27,17
gas_interrupted_11,2023-11-20,2,Efigas,CE1256,true,false,JOBO,"Sahagún, COR",Mañana,38,true,,CTG,"Cartagena, BOL",46,,639,troncal norte,8,3,0,28,0
gas_interrupted_11,2023-11-21,3,Gases del Caribe,CE8518,true,false,BALLE,"Manaure, LAG",Tarde,60,true,,BAQ,"Barranquilla, ATL",33,,252,Troncal principal,0,14,8,6,9
gas_interrupted_11,2023-11-22,4,Gasnacer,CE7302,true,false,BALLE,"Manaure, LAG",Noche,45,true,,SIN,"Sincelejo, SUC",54,,584,Regional Sabanas,33,10,5,3,12
gas_interrupted_11,2023-11-23,5,Gases del Caribe,CE5796,false,true,BALLE,"Manaure, LAG",Madrugada,22,true,,CTG,"Cartagena, BOL",43,,166,regional sur,5,7,3,15,18
gas_interrupted_11,2023-11-24,6,Gasnacer,CE8873,false,false,JOBO,"Sahagún, COR",Madrugada,58,true,,MTR,"Montería, COR",46,,516,regional sur,10,9,17,15,2
gas_interrupted_11,2023-11-25,7,Surtigas,CE0799,true,true,BALLE,"Manaure, LAG",Mañana,13,true,,SIN,"Sincelejo, SUC",54,,308,Regional Sabanas,17,8,13,6,1
gas_interrupted_11,2023-11-26,1,Gases de la Guajira,CE8300,true,false,JOBO,"Sahagún, COR",Mañana,33,true,,BAQ,"Barranquilla, ATL",41,,346,regional sur,11,30,0,0,13
gas_interrupted_11,2023-11-27,2,Gases del Caribe,CE7381,true,false,BALLE,"Manaure, LAG",Mañana,-5,false,,BAQ,"Barranquilla, ATL",31,,533,Troncal principal,9,11,0,4,8
gas_interrupted_11,2023-11-28,3,Efigas,CE8287,true,false,JOBO,"Sahagún, COR",Noche,6,true,,BAQ,"Barranquilla, ATL",49,,439,RAMAL urbano,11,2,7,33,6
gas_interrupted_11,2023-11-29,4,Gases de la Guajira,CE2651,true,true,JOBO,"Sahagún, COR",Mañana,1,true,,VDP,"Valledupar, CES",51,,308,ductos varios,9,6,1,9,20
gas_interrupted_11,2023-11-30,5,Gases del Caribe,CE3160,true,false,JOBO,"Sahagún, COR",Noche,9,true,,VDP,"Valledupar, CES",36,,413,Regional Sabanas,0,9,27,4,0
gas_interrupted_12,2023-12-01,6,Gases de la Guajira,CE3777,true,false,JOBO,"Sahagún, COR",Tarde,54,true,,MTR,"Montería, COR",48,,272,troncal norte,10,15,3,10,5
gas_interrupted_12,2023-12-02,7,Efigas,CE4006,true,false,BALLE,"Manaure, LAG",Mañana,64,true,,MAM,"Cartagena, BOL",32,,659,troncal norte,0,10,15,14,5
gas_interrupted_12,2023-12-03,1,Gases del Caribe,CE8134,true,true,JOBO,"Sahagún, COR",Tarde,8,true,,MTR,"Montería, COR",65,,432,troncal norte,3,7,14,30,3
gas_interrupted_12,2023-12-04,2,Gases de la Guajira,CE5845,false,false,JOBO,"Sahagún, COR",Madrugada,55,true,,MAM,"Cartagena, BOL",14,,571,troncal norte,2,0,6,8,1
gas_interrupted_12,2023-12-05,3,Surtigas,CE8362,true,true,BALLE,"Manaure, LAG",Noche,-10,false,,CTG,"Cartagena, BOL",86,,497,Regional Sabanas,25,23,1,15,11
gas_interrupted_12,2023-12-06,4,Gases de la Guajira,CE7289,true,false,JOBO,"Sahagún, COR",Noche,40,true,,VDP,"Valledupar, CES",29,,148,Ramal industrial,4,6,1,7,7
gas_interrupted_12,2023-12-07,5,Gases del Caribe,CE2758,false,true,JOBO,"Sahagún, COR",Noche,27,true,,MAM,"Cartagena, BOL",33,,597,RAMAL urbano,4,11,0,3,19
gas_interrupted_12,2023-12-08,6,Surtigas,CE0106,true,false,BALLE,"Manaure, LAG",Mañana,47,true,,MTR,"Montería, COR",22,,585,Regional Sabanas,0,12,6,1,5
gas_interrupted_12,2023-12-09,7,Gases del Caribe,CE8370,true,false,JOBO,"Sahagún, COR",Tarde,19,true,,STM,"Santa Marta, MAG",64,,330,RAMAL urbano,19,6,9,6,8
gas_interrupted_12,2023-12-10,1,Gasnacer,CE9903,true,false,BALLE,"Manaure, LAG",Mañana,46,true,,BAQ,"Barranquilla, ATL",75,,61,regional sur,18,11,25,10,22
gas_interrupted_12,2023-12-11,2,Gasnacer,CE7818,false,false,BALLE,"Manaure, LAG",Noche,20,true,,RIO,"Riohacha, LAG",61,,655,regional sur,0,12,9,14,15
gas_interrupted_12,2023-12-12,3,Gases de la Guajira,CE8013,true,true,JOBO,"Sahagún, COR",Mañana,-13,false,,RIO,"Riohacha, LAG",35,,327,Ramal industrial,15,1,4,0,4
gas_interrupted_12,2023-12-13,4,Gasnacer,CE1150,true,true,BALLE,"Manaure, LAG",Madrugada,23,true,,VDP,"Valledupar, CES",63,,582,Troncal principal,30,0,10,13,0
gas_interrupted_12,2023-12-14,5,Gasnacer,CE5219,true,false,BALLE,"Manaure, LAG",Mañana,64,true,,MTR,"Montería, COR",43,,99,regional sur,0,16,10,0,12
gas_interrupted_12,2023-12-15,6,Gases de la Guajira,CE6198,true,false,BALLE,"Manaure, LAG",Noche,33,true,,BAQ,"Barranquilla, ATL",35,,477,RAMAL urbano,0,0,18,15,0
gas_interrupted_12,2023-12-16,7,Gases del Caribe,CE9829,true,false,JOBO,"Sahagún, COR",Tarde,32,true,,MTR,"Montería, COR",49,,143,Troncal principal,9,2,0,1,21
gas_interrupted_12,2023-12-17,1,Gases de la Guajira,CE1031,true,false,BALLE,"Manaure, LAG",Madrugada,-3,false,,MAM,"Cartagena, BOL",23,,224,RAMAL urbano,8,8,5,2,1
gas_interrupted_12,2023-12-18,2,Gasnacer,CE5057,true,false,BALLE,"Manaure, LAG",Noche,43,true,,CTG,"Cartagena, BOL",51,,615,Ramal industrial,4,13,4,2,19
gas_interrupted_12,2023-12-19,3,Gasnacer,CE2356,true,false,JOBO,"Sahagún, COR",Noche,61,true,,VDP,"Valledupar, CES",60,,350,RAMAL urbano,8,29,8,1,0
gas_interrupted_12,2023-12-20,4,Gasnacer,CE1737,false,false,BALLE,"Manaure, LAG",Tarde,19,true,,CTG,"Cartagena, BOL",53,,269,Troncal principal,1,10,2,17,12
gas_interrupted_12,2023-12-21,5,,CE7515,true,false,JOBO,"Sahagún, COR",Madrugada,58,true,,RIO,"Riohacha, LAG",64,,294,Ramal industrial,15,4,8,21,25
gas_interrupted_12,2023-12-22,6,Gases de la Guajira,CE6565,true,false,BALLE,"Manaure, LAG",Noche,7,true,,MTR,"Montería, COR",46,,164,ductos varios,0,2,1,6,34
gas_interrupted_12,2023-12-23,7,Gases de la Guajira,CE4616,false,false,BALLE,"Manaure, LAG",Mañana,-11,false,,STM,"Santa Marta, MAG",44,,182,Ramal industrial,11,6,0,14,8
gas_interrupted_12,2023-12-24,1,Gasnacer,CE8502,true,false,BALLE,"Manaure, LAG",Noche,-6,false,,CTG,"Cartagena, BOL",53,,313,ductos varios,10,4,25,6,3
gas_interrupted_12,2023-12-25,2,Surtigas,CE7578,true,false,BALLE,"Manaure, LAG",Mañana,61,true,,SIN,"Sincelejo, SUC",28,,299,regional sur,5,0,4,2,10
gas_interrupted_12,2023-12-26,3,Gases de la Guajira,CE6772,false,false,JOBO,"Sahagún, COR",Madrugada,-9,false,,BAQ,"Barranquilla, ATL",36,,644,Troncal principal,13,1,4,16,5
gas_interrupted_12,2023-12-27,4,Gases del Caribe,CE2826,false,true,JOBO,"Sahagún, COR",Madrugada,54,true,,RIO,"Riohacha, LAG",46,,108,Troncal principal,28,10,6,6,0
gas_interrupted_12,2023-12-28,5,Gasnacer,CE3015,true,true,BALLE,"Manaure, LAG",Madrugada,29,true,,CTG,"Cartagena, BOL",56,,291,regional sur,8,4,12,6,17
gas_interrupted_12,2023-12-29,6,Surtigas,CE5145,true,true,JOBO,"Sahagún, COR",Mañana,55,true,,STM,"Santa Marta, MAG",28,,659,RAMAL urbano,5,3,7,3,1
gas_interrupted_12,2023-12-30,7,Gases del Caribe,CE9182,true,false,JOBO,"Sahagún, COR",Tarde,24,true,,VDP,"Valledupar, CES",63,,371,RAMAL urbano,15,2,3,6,17
gas_interrupted_12,2023-12-31,1,Efigas,CE0742,true,false,BALLE,"Manaure, LAG",Madrugada,57,true,,STM,"Santa Marta, MAG",38,,218,Regional Sabanas,1,4,8,22,19
gas_interrupted_1,2023-01-01,1,Efigas,CE6871,true,false,JOBO,"Sahagún, COR",Noche,13,true,,BAQ,"Barranquilla, ATL",73,,240,Regional Sabanas,5,26,2,26,15
gas_interrupted_1,2023-01-02,2,Gases del Caribe,CE5884,true,true,BALLE,"Manaure, LAG",Tarde,21,true,,SIN,"Sincelejo, SUC",45,,388,RAMAL urbano,15,3,4,12,4
gas_interrupted_1,2023-01-03,3,Surtigas,CE6294,true,false,JOBO,"Sahagún, COR",Noche,4,true,,BAQ,"Barranquilla, ATL",63,,421,regional sur,3,12,0,2,30
gas_interrupted_1,2023-01-04,4,Surtigas,CE5479,true,true,JOBO,"Sahagún, COR",Noche,52,true,,VDP,"Valledupar, CES",77,,493,ductos varios,17,10,12,13,6
gas_interrupted_1,2023-01-05,5,Gases del Caribe,CE1429,true,false,BALLE,"Manaure, LAG",Mañana,53,true,,RIO,"Riohacha, LAG",36,,117,Ramal industrial,4,2,11,8,8
gas_interrupted_1,2023-01-06,6,Gasnacer,CE2183,false,false,BALLE,"Manaure, LAG",Noche,34,true,,VDP,"Valledupar, CES",47,,154,ductos varios,23,17,17,2,0
gas_interrupted_1,2023-01-07,7,Efigas,CE0602,true,false,BALLE,"Manaure, LAG",Noche,7,true,,BAQ,"Barranquilla, ATL",46,,432,troncal norte,1,15,17,0,26
gas_interrupted_1,2023-01-08,1,Surtigas,CE7413,true,false,JOBO,"Sahagún, COR",Madrugada,21,true,,MAM,"Cartagena, BOL",63,,276,RAMAL urbano,17,8,15,0,5
gas_interrupted_1,2023-01-09,2,Efigas,CE9911,true,false,JOBO,"Sahagún, COR",Mañana,-12,false,,MTR,"Montería, COR",40,,277,Troncal principal,2,6,20,22,0
gas_interrupted_1,2023-01-10,3,Gases del Caribe,CE7723,true,false,BALLE,"Manaure, LAG",Tarde,58,true,,SIN,"Sincelejo, SUC",45,,118,Troncal principal,17,1,7,10,27
gas_interrupted_1,2023-01-11,4,Gasnacer,CE2166,true,false,BALLE,"Manaure, LAG",Tarde,-3,false,,MTR,"Montería, COR",77,,399,Regional Sabanas,10,20,13,17,21
gas_interrupted_1,2023-01-12,5,Surtigas,CE1110,true,false,JOBO,"Sahagún, COR",Mañana,41,true,,VDP,"Valledupar, CES",48,,599,regional sur,13,8,9,6,11
gas_interrupted_1,2023-01-13,6,Surtigas,CE4438,true,false,BALLE,"Manaure, LAG",Madrugada,5,true,,CTG,"Cartagena, BOL",75,,291,ductos varios,1,4,12,17,32
gas_interrupted_1,2023-01-14,7,Surtigas,CE2902,false,false,BALLE,"Manaure, LAG",Tarde,41,true,,SIN,"Sincelejo, SUC",39,,213,Ramal industrial,19,4,1,12,11
gas_interrupted_1,2023-01-15,1,Surtigas,CE4727,true,false,BALLE,"Manaure, LAG",Noche,57,true,,STM,"Santa Marta, MAG",49,,537,Ramal industrial,13,2,14,18,3
gas_interrupted_1,2023-01-16,2,Surtigas,CE8968,true,false,JOBO,"Sahagún, COR",Madrugada,8,true,,RIO,"Riohacha, LAG",74,,171,Ramal industrial,25,34,3,1,12
gas_interrupted_1,2023-01-17,3,Gases de la Guajira,CE7698,true,false,JOBO,"Sahagún, COR",Noche,62,true,,CTG,"Cartagena, BOL",125,,604,ductos varios,16,4,36,21,8
gas_interrupted_1,2023-01-18,4,Gasnacer,CE3266,false,false,BALLE,"Manaure, LAG",Mañana,-10,false,,MAM,"Cartagena, BOL",7,,118,Regional Sabanas,5,2,1,0,0
gas_interrupted_1,2023-01-19,5,Gases del Caribe,CE6252,true,false,BALLE,"Manaure, LAG",Madrugada,6,true,,RIO,"Riohacha, LAG",64,,162,Regional Sabanas,4,11,9,13,6
gas_interrupted_1,2023-01-20,6,Gasnacer,CE6734,true,false,JOBO,"Sahagún, COR",Tarde,11,true,,BAQ,"Barranquilla, ATL",73,,105,Troncal principal,0,1,13,16,23
gas_interrupted_1,2023-01-21,7,Gasnacer,CE8944,false,false,JOBO,"Sahagún, COR",Madrugada,55,true,,SIN,"Sincelejo, SUC",30,,266,RAMAL urbano,6,7,3,5,0
gas_interrupted_1,2023-01-22,1,Surtigas,CE8181,false,false,BALLE,"Manaure, LAG",Tarde,1,true,,VDP,"Valledupar, CES",25,,126,ductos varios,1,7,1,6,7
gas_interrupted_1,2023-01-23,2,Gases de la Guajira,CE9653,false,false,JOBO,"Sahagún, COR",Madrugada,20,true,,MAM,"Cartagena, BOL",45,,409,ductos varios,4,18,2,17,1
gas_interrupted_1,2023-01-24,3,Surtigas,CE4308,true,false,JOBO,"Sahagún, COR",Mañana,24,true,,RIO,"Riohacha, LAG",14,,299,Ramal industrial,4,1,1,7,1
gas_interrupted_1,2023-01-25,4,Gasnacer,CE8978,true,false,JOBO,"Sahagún, COR",Mañana,7,true,,RIO,"Riohacha, LAG",65,,635,troncal norte,2,26,3,11,10
gas_interrupted_1,2023-01-26,5,Gases del Caribe,CE7850,true,false,JOBO,"Sahagún, COR",Madrugada,-13,false,,MTR,"Montería, COR",115,,590,ductos varios,16,11,26,7,20
gas_interrupted_1,2023-01-27,6,Gasnacer,CE2011,true,true,BALLE,"Manaure, LAG",Tarde,4,true,,RIO,"Riohacha, LAG",44,,345,Troncal principal,3,2,3,21,9
gas_interrupted_1,2023-01-28,7,Gases del Caribe,CE3337,false,false,JOBO,"Sahagún, COR",Madrugada,24,true,,MAM,"Cartagena, BOL",22,,366,ductos varios,1,0,1,23,4
gas_interrupted_1,2023-01-29,1,Surtigas,CE1,true,false,JOBO,"Sahagún, COR",Noche,44,true,,MTR,"Montería, COR",62,,168,Troncal principal,4,7,5,30,22
gas_interrupted_1,2023-01-30,2,Gases de la Guajira,CE2228,true,false,JOBO,"Sahagún, COR",Mañana,41,true,,BAQ,"Barranquilla, ATL",23,,240,Troncal principal,13,3,1,12,3
gas_interrupted_1,2023-01-31,3,Gases del Caribe,CE6367,true,false,JOBO,"Sahagún, COR",Noche,57,true,,CTG,"Cartagena, BOL",52,,249,ductos varios,13,19,12,0,3
gas_interrupted_2,2023-02-01,4,Gases de la Guajira,CE3333,false,true,JOBO,"Sahagún, COR",Mañana,-2,false,,CTG,"Cartagena, BOL",44,,262,troncal norte,1,6,11,15,1
gas_interrupted_2,2023-02-02,5,Surtigas,CE5036,true,false,BALLE,"Manaure, LAG",Mañana,22,true,,MTR,"Montería, COR",34,,319,RAMAL urbano,7,6,2,4,23
gas_interrupted_2,2023-02-03,6,Surtigas,CE8813,true,false,BALLE,"Manaure, LAG",Noche,20,true,,BAQ,"Barranquilla, ATL",38,,262,ductos varios,13,19,7,7,7
gas_interrupted_2,2023-02-04,7,Surtigas,CE5514,false,false,JOBO,"Sahagún, COR",Tarde,47,true,,STM,"Santa Marta, MAG",115,,652,regional sur,5,0,13,36,24
gas_interrupted_2,2023-02-05,1,Surtigas,CE9304,false,true,JOBO,"Sahagún, COR",Tarde,51,true,,SIN,"Sincelejo, SUC",34,,285,troncal norte,11,15,0,8,1
gas_interrupted_2,2023-02-06,null,Gases de la Guajira,CE9522,false,false,JOBO,"Sahagún, COR",Mañana,43,true,,BAQ,"Barranquilla, ATL",48,,300,troncal norte,0,5,15,24,11
gas_interrupted_2,2023-02-07,3,Surtigas,CE8329,false,false,BALLE,"Manaure, LAG",Madrugada,64,true,,RIO,"Riohacha, LAG",63,,387,Ramal industrial,7,10,14,23,5
gas_interrupted_2,2023-02-08,4,Gases de la Guajira,CE4933,false,true,JOBO,"Sahagún, COR",Tarde,47,true,,CTG,"Cartagena, BOL",68,,383,Troncal principal,6,3,2,23,18
gas_interrupted_2,2023-02-09,5,Surtigas,CE6833,true,false,BALLE,"Manaure, LAG",Tarde,38,true,,RIO,"Riohacha, LAG",59,,166,Troncal principal,22,11,11,3,8
gas_interrupted_2,2023-02-10,6,Gasnacer,CE9652,true,false,JOBO,"Sahagún, COR",Tarde,-10,false,,RIO,"Riohacha, LAG",64,,453,ductos varios,24,7,22,6,20
gas_interrupted_2,2023-02-11,7,Efigas,CE6447,false,true,JOBO,"Sahagún, COR",Mañana,13,true,,MTR,"Montería, COR",20,,291,RAMAL urbano,6,9,6,3,4
gas_interrupted_2,2023-02-12,1,Gasnacer,CE5216,false,false,JOBO,"Sahagún, COR",Tarde,32,true,,CTG,"Cartagena, BOL",42,,123,Regional Sabanas,1,1,20,0,6
gas_interrupted_2,2023-02-13,2,Gases de la Guajira,CE4751,true,true,JOBO,"Sahagún, COR",Noche,0,false,,MAM,"Cartagena, BOL",27,,311,troncal norte,7,0,2,4,11
gas_interrupted_2,2023-02-14,3,Gases de la Guajira,CE5218,false,false,JOBO,"Sahagún, COR",Mañana,58,true,,MTR,"Montería, COR",98,,233,Ramal industrial,0,21,5,11,31
gas_interrupted_2,2023-02-15,4,Gases de la Guajira,CE7627,true,false,BALLE,"Manaure, LAG",Mañana,26,true,,STM,"Santa Marta, MAG",18,,637,regional sur,8,0,3,3,1
gas_interrupted_2,2023-02-16,5,Gases del Caribe,CE1073,false,false,JOBO,"Sahagún, COR",Mañana,-8,false,,STM,"Santa Marta, MAG",60,,538,Regional Sabanas,15,7,10,8,6
gas_interrupted_2,2023-02-17,6,,CE3030,true,true,BALLE,"Manaure, LAG",Mañana,19,true,,CTG,"Cartagena, BOL",49,,356,troncal norte,6,15,0,0,25
gas_interrupted_2,2023-02-18,7,Surtigas,CE4141,true,false,,"Manaure, LAG",Noche,14,true,,RIO,"Riohacha, LAG",109,,224,Regional Sabanas,21,7,4,31,13
gas_interrupted_2,2023-02-19,1,Gasnacer,CE1189,false,false,JOBO,"Sahagún, COR",Madrugada,26,true,,CTG,"Cartagena, BOL",27,,383,ductos varios,19,5,2,0,1
gas_interrupted_2,2023-02-20,2,Gases del Caribe,CE0268,false,false,BALLE,"Manaure, LAG",Mañana,-4,false,,BAQ,"Barranquilla, ATL",39,,101,troncal norte,12,14,5,5,16
gas_interrupted_2,2023-02-21,3,Gases del Caribe,CE4684,false,false,BALLE,"Manaure, LAG",Tarde,-2,false,,VDP,"Valledupar, CES",44,,639,RAMAL urbano,15,5,3,21,6
gas_interrupted_2,2023-02-22,4,Surtigas,CE9230,false,true,JOBO,"Sahagún, COR",Noche,51,true,,RIO,"Riohacha, LAG",45,,400,Ramal industrial,9,17,5,3,2
gas_interrupted_2,2023-02-23,5,Efigas,CE9248,true,false,BALLE,"Manaure, LAG",Madrugada,13,true,,BAQ,"Barranquilla, ATL",33,,114,troncal norte,9,11,3,2,5
gas_interrupted_2,2023-02-24,6,Gases de la Guajira,CE5088,true,false,BALLE,"Manaure, LAG",Mañana,55,true,,MAM,"Cartagena, BOL",15,,634,Regional Sabanas,3,1,5,4,5
gas_interrupted_2,2023-02-25,7,Efigas,CE4058,true,true,JOBO,"Sahagún, COR",Mañana,64,true,,BAQ,"Barranquilla, ATL",79,,336,Troncal principal,1,28,13,3,29
gas_interrupted_2,2023-02-26,1,Gasnacer,CE6338,true,true,BALLE,"Manaure, LAG",Tarde,35,true,,STM,"Santa Marta, MAG",84,,245,ductos varios,33,27,14,22,5
gas_interrupted_2,2023-02-27,2,Surtigas,CE2119,false,true,BALLE,"Manaure, LAG",Madrugada,4,true,,STM,"Santa Marta, MAG",28,,369,regional sur,1,1,16,1,1
gas_interrupted_2,2023-02-28,3,Gases de la Guajira,CE7548,true,true,BALLE,"Manaure, LAG",Mañana,56,true,,VDP,"Valledupar, CES",34,,65,Ramal industrial,17,0,4,2,24
gas_interrupted_3,2023-03-01,4,Gases de la Guajira,CE2706,false,false,BALLE,"Manaure, LAG",Madrugada,2,true,,VDP,"Valledupar, CES",48,,421,Regional Sabanas,10,6,3,2,23
gas_interrupted_3,2023-03-02,5,Gases de la Guajira,CE9727,false,true,JOBO,"Sahagún, COR",Mañana,44,true,,RIO,"Riohacha, LAG",74,,478,regional sur,9,16,20,4,2
gas_interrupted_3,2023-03-03,6,Gasnacer,CE1477,false,false,BALLE,"Manaure, LAG",Mañana,33,true,,SIN,"Sincelejo, SUC",60,,584,regional sur,1,15,0,21,3
gas_interrupted_3,2023-03-04,7,Gases del Caribe,CE2881,true,false,JOBO,"Sahagún, COR",Madrugada,-5,false,,CTG,"Cartagena, BOL",8,,411,Troncal principal,0,3,0,5,1
gas_interrupted_3,2023-03-05,1,Efigas,CE2467,true,false,JOBO,"Sahagún, COR",Tarde,45,true,,MAM,"Cartagena, BOL",47,,588,regional sur,9,13,17,0,21
gas_interrupted_3,2023-03-06,2,Surtigas,CE3888,true,false,BALLE,"Manaure, LAG",Noche,25,true,,STM,"Santa Marta, MAG",35,,204,Troncal principal,1,1,22,8,1
gas_interrupted_3,2023-03-07,3,Surtigas,CE2800,false,false,JOBO,"Sahagún, COR",Tarde,15,true,,VDP,"Valledupar, CES",37,,478,ductos varios,10,12,12,2,8
gas_interrupted_3,2023-03-08,4,Gases de la Guajira,CE9713,false,false,BALLE,"Manaure, LAG",Noche,-8,false,,MTR,"Montería, COR",76,,390,troncal norte,22,21,10,0,1
gas_interrupted_3,2023-03-09,5,Gases del Caribe,CE1283,true,true,JOBO,"Sahagún, COR",Madrugada,0,false,,MAM,"Cartagena, BOL",94,,583,Regional Sabanas,18,12,22,7,29
gas_interrupted_3,2023-03-10,6,Gases del Caribe,CE4822,false,false,BALLE,"Manaure, LAG",Noche,7,true,,VDP,"Valledupar, CES",23,,561,Ramal industrial,1,2,5,3,17
gas_interrupted_3,2023-03-11,7,Efigas,CE0672,false,false,BALLE,"Manaure, LAG",Madrugada,37,true,,MTR,"Montería, COR",47,,629,troncal norte,9,10,3,2,10
gas_interrupted_3,2023-03-12,1,Gasnacer,CE1968,false,false,JOBO,"Sahagún, COR",Tarde,25,true,,BAQ,"Barranquilla, ATL",32,,400,Ramal industrial,12,0,11,12,3
gas_interrupted_3,2023-03-13,2,Efigas,CE2838,false,false,BALLE,"Manaure, LAG",Noche,25,true,,MAM,"Cartagena, BOL",27,,619,Regional Sabanas,0,8,1,4,7
gas_interrupted_3,2023-03-14,3,Surtigas,CE9762,true,true,JOBO,"Sahagún, COR",Tarde,1,true,,MTR,"Montería, COR",76,,597,Ramal industrial,4,2,37,3,13
gas_interrupted_3,2023-03-15,4,Gases del Caribe,CE4017,true,false,JOBO,"Sahagún, COR",Madrugada,15,true,,CTG,"Cartagena, BOL",21,,270,Troncal principal,9,1,13,1,3
gas_interrupted_3,2023-03-16,5,Gases de la Guajira,CE2853,false,false,JOBO,"Sahagún, COR",Mañana,41,true,,MTR,"Montería, COR",50,,632,Regional Sabanas,1,1,19,3,11
gas_interrupted_3,2023-03-17,6,Gases de la Guajira,CE1,true,true,BALLE,"Manaure, LAG",Noche,3,true,,MAM,"Cartagena, BOL",22,,242,RAMAL urbano,4,23,1,0,0
gas_interrupted_3,2023-03-18,7,Gases de la Guajira,CE6129,true,false,JOBO,"Sahagún, COR",Tarde,53,true,,BAQ,"Barranquilla, ATL",40,,463,troncal norte,2,12,1,25,12
gas_interrupted_3,2023-03-19,1,Efigas,CE2404,true,false,JOBO,"Sahagún, COR",Tarde,59,true,,CTG,"Cartagena, BOL",83,,512,Troncal principal,7,16,20,31,13
gas_interrupted_3,2023-03-20,2,Surtigas,CE4139,true,false,BALLE,"Manaure, LAG",Noche,16,true,,STM,"Santa Marta, MAG",45,,520,RAMAL urbano,2,9,21,6,9
gas_interrupted_3,2023-03-21,3,Gases del Caribe,CE6868,true,false,JOBO,"Sahagún, COR",Mañana,19,true,,STM,"Santa Marta, MAG",131,,271,troncal norte,27,30,4,9,22
gas_interrupted_3,2023-03-22,4,Efigas,CE3633,true,false,BALLE,"Manaure, LAG",Mañana,24,true,,VDP,"Valledupar, CES",82,,386,Regional Sabanas,7,19,28,7,30
gas_interrupted_3,2023-03-23,5,Gasnacer,CE9585,false,false,JOBO,"Sahagún, COR",Mañana,33,true,,VDP,"Valledupar, CES",75,,636,regional sur,21,2,3,5,24
gas_interrupted_3,2023-03-24,6,Gasnacer,CE8879,true,false,BALLE,"Manaure, LAG",Noche,35,true,,CTG,"Cartagena, BOL",72,,267,Regional Sabanas,0,9,13,10,16
gas_interrupted_3,2023-03-25,7,Efigas,CE1006,true,false,BALLE,"Manaure, LAG",Madrugada,37,true,,SIN,"Sincelejo, SUC",85,,347,ductos varios,15,19,11,14,11
gas_interrupted_3,2023-03-26,1,Efigas,CE1717,false,true,BALLE,"Manaure, LAG",Mañana,20,true,,VDP,"Valledupar, CES",46,,468,Troncal principal,5,10,6,10,3
gas_interrupted_3,2023-03-27,2,Efigas,CE2559,false,false,BALLE,"Manaure, LAG",Mañana,46,true,,MTR,"Montería, COR",59,,134,troncal norte,15,12,10,9,2
gas_interrupted_3,2023-03-28,3,Gasnacer,CE3239,false,false,BALLE,"Manaure, LAG",Mañana,27,true,,MTR,"Montería, COR",30,,178,ductos varios,3,15,14,9,0
gas_interrupted_3,2023-03-29,4,Gases del Caribe,CE1,true,false,JOBO,"Sahagún, COR",Madrugada,47,true,,MTR,"Montería, COR",110,,480,Ramal industrial,2,15,31,1,30
gas_interrupted_3,2023-03-30,5,Gases del Caribe,CE4213,false,true,BALLE,"Manaure, LAG",Tarde,-4,false,,CTG,"Cartagena, BOL",23,,191,regional sur,6,0,17,4,0
gas_interrupted_3,2023-03-31,6,Gases del Caribe,CE4578,false,false,JOBO,"Sahagún, COR",Madrugada,55,true,,BAQ,"Barranquilla, ATL",82,,386,ductos varios,36,31,9,12,3
gas_interrupted_4,2023-04-01,7,Gasnacer,CE4922,true,false,JOBO,"Sahagún, COR",Tarde,-8,false,,MTR,"Montería, COR",19,,284,troncal norte,1,7,0,10,3
gas_interrupted_4,2023-04-02,1,Gases de la Guajira,CE7622,false,false,JOBO,"Sahagún, COR",Noche,56,true,,BAQ,"Barranquilla, ATL",30,,591,ductos varios,6,0,2,11,8
gas_interrupted_4,2023-04-03,2,Gases de la Guajira,CE7714,false,true,JOBO,"Sahagún, COR",Mañana,10,true,,VDP,"Valledupar, CES",29,,468,Ramal industrial,0,12,11,1,2
gas_interrupted_4,2023-04-04,3,Gasnacer,CE6972,true,true,JOBO,"Sahagún, COR",Tarde,37,true,,BAQ,"Barranquilla, ATL",70,,426,regional sur,22,20,3,0,3
gas_interrupted_4,2023-04-05,4,Gases de la Guajira,CE6369,true,false,BALLE,"Manaure, LAG",Noche,2,true,,STM,"Santa Marta, MAG",38,,542,Troncal principal,7,2,11,6,3
gas_interrupted_4,2023-04-06,5,Surtigas,CE5204,true,true,BALLE,"Manaure, LAG",Madrugada,17,true,,BAQ,"Barranquilla, ATL",29,,285,troncal norte,19,2,5,0,2
gas_interrupted_4,2023-04-07,6,Efigas,CE1479,false,true,JOBO,"Sahagún, COR",Madrugada,-4,false,,CTG,"Cartagena, BOL",75,,217,Troncal principal,5,10,30,11,3
gas_interrupted_4,2023-04-08,7,Gases de la Guajira,CE4983,true,false,BALLE,"Manaure, LAG",Tarde,59,true,,STM,"Santa Marta, MAG",57,,343,Ramal industrial,34,10,0,1,0
gas_interrupted_4,2023-04-09,1,Efigas,CE0440,true,true,BALLE,"Manaure, LAG",Mañana,60,true,,MTR,"Montería, COR",28,,338,RAMAL urbano,0,14,10,8,0
gas_interrupted_4,2023-04-10,2,Surtigas,CE9185,false,false,JOBO,"Sahagún, COR",Madrugada,-9,false,,STM,"Santa Marta, MAG",44,,409,regional sur,6,1,13,14,7
gas_interrupted_4,2023-04-11,null,Gases del Caribe,CE0641,false,true,JOBO,"Sahagún, COR",Tarde,15,true,,SIN,"Sincelejo, SUC",44,,84,Troncal principal,22,3,1,3,1
gas_interrupted_4,2023-04-12,4,Gases de la Guajira,CE6623,true,false,JOBO,"Sahagún, COR",Mañana,-7,false,,VDP,"Valledupar, CES",39,,453,troncal norte,16,13,7,0,17
gas_interrupted_4,2023-04-13,5,Efigas,CE2593,true,true,JOBO,"Sahagún, COR",Madrugada,-11,false,,CTG,"Cartagena, BOL",63,,589,RAMAL urbano,2,6,3,25,34
gas_interrupted_4,2023-04-14,6,Efigas,CE7869,false,false,BALLE,"Manaure, LAG",Tarde,9,true,,STM,"Santa Marta, MAG",151,,416,Regional Sabanas,26,30,32,16,6
gas_interrupted_4,2023-04-15,7,Gasnacer,CE1375,false,false,BALLE,"Manaure, LAG",Mañana,26,true,,MTR,"Montería, COR",82,,439,Regional Sabanas,0,5,15,28,9
gas_interrupted_4,2023-04-16,1,Surtigas,CE0792,true,true,BALLE,"Manaure, LAG",Mañana,21,true,,SIN,"Sincelejo, SUC",37,,221,RAMAL urbano,5,9,4,7,2
gas_interrupted_4,2023-04-17,2,Efigas,CE2923,false,false,BALLE,"Manaure, LAG",Noche,22,true,,MTR,"Montería, COR",28,,376,troncal norte,12,8,5,2,11
gas_interrupted_4,2023-04-18,3,Gasnacer,CE5002,true,false,BALLE,"Manaure, LAG",Tarde,3,true,,SIN,"Sincelejo, SUC",34,,397,ductos varios,4,1,9,6,12
gas_interrupted_4,2023-04-19,4,Gases del Caribe,CE4055,false,false,BALLE,"Manaure, LAG",Mañana,22,true,,SIN,"Sincelejo, SUC",53,,616,Troncal principal,0,10,1,3,27
gas_interrupted_4,2023-04-20,5,Gasnacer,CE9669,true,false,BALLE,"Manaure, LAG",Tarde,-10,false,,BAQ,"Barranquilla, ATL",41,,473,RAMAL urbano,0,11,5,30,12
gas_interrupted_4,2023-04-21,6,Gases del Caribe,CE7471,false,false,BALLE,"Manaure, LAG",Mañana,43,true,,SIN,"Sincelejo, SUC",20,,171,regional sur,0,4,1,1,9
gas_interrupted_4,2023-04-22,7,Efigas,CE5374,true,true,BALLE,"Manaure, LAG",Madrugada,-10,false,,RIO,"Riohacha, LAG",23,,562,Regional Sabanas,5,0,1,10,13
gas_interrupted_4,2023-04-23,1,Surtigas,CE1,false,false,BALLE,"Manaure, LAG",Noche,51,true,,SIN,"Sincelejo, SUC",62,,507,Regional Sabanas,23,15,7,13,17
gas_interrupted_4,2023-04-24,2,Gasnacer,CE2259,true,true,JOBO,"Sahagún, COR",Noche,-10,false,,STM,"Santa Marta, MAG",16,,360,regional sur,6,2,0,0,14
gas_interrupted_4,2023-04-25,3,Gases de la Guajira,CE3185,true,false,BALLE,"Manaure, LAG",Mañana,46,true,,STM,"Santa Marta, MAG",53,,348,RAMAL urbano,6,9,9,11,12
gas_interrupted_4,2023-04-26,4,Gases de la Guajira,CE9218,false,false,BALLE,"Manaure, LAG",Tarde,7,true,,BAQ,"Barranquilla, ATL",27,,659,Ramal industrial,13,7,9,1,4
gas_interrupted_4,2023-04-27,5,Gasnacer,CE9666,true,true,JOBO,"Sahagún, COR",Madrugada,48,true,,SIN,"Sincelejo, SUC",21,,166,Ramal industrial,7,10,0,0,8
gas_interrupted_4,2023-04-28,6,Gases del Caribe,CE6385,false,false,BALLE,"Manaure, LAG",Mañana,31,true,,MAM,"Cartagena, BOL",56,,245,Ramal industrial,7,25,17,1,6
gas_interrupted_4,2023-04-29,7,Gases de la Guajira,CE1096,false,false,JOBO,"Sahagún, COR",Tarde,-6,false,,CTG,"Cartagena, BOL",87,,523,Troncal principal,10,22,10,22,5
gas_interrupted_4,2023-04-30,1,Gases del Caribe,CE6359,true,true,JOBO,"Sahagún, COR",Tarde,1,true,,RIO,"Riohacha, LAG",43,,535,ductos varios,14,4,7,6,7
gas_interrupted_5,2023-05-01,2,Surtigas,CE8688,true,false,BALLE,"Manaure, LAG",Mañana,19,true,,STM,"Santa Marta, MAG",66,,487,RAMAL urbano,23,31,4,1,12
gas_interrupted_5,2023-05-02,3,Gasnacer,CE6515,true,false,JOBO,"Sahagún, COR",Noche,8,true,,VDP,"Valledupar, CES",70,,138,Troncal principal,21,9,9,14,0
gas_interrupted_5,2023-05-03,4,Gases de la Guajira,CE6442,true,true,JOBO,"Sahagún, COR",Tarde,38,true,,VDP,"Valledupar, CES",23,,358,troncal norte,16,4,1,0,0
gas_interrupted_5,2023-05-04,5,Gases del Caribe,CE3976,true,false,BALLE,"Manaure, LAG",Madrugada,49,true,,BAQ,"Barranquilla, ATL",139,,652,Regional Sabanas,8,34,0,36,28
gas_interrupted_5,2023-05-05,6,Gases del Caribe,CE3712,true,true,BALLE,"Manaure, LAG",Mañana,-13,false,,RIO,"Riohacha, LAG",75,,548,troncal norte,16,15,21,25,21
gas_interrupted_5,2023-05-06,7,Surtigas,CE5189,false,false,BALLE,"Manaure, LAG",Mañana,-15,false,,CTG,"Cartagena, BOL",35,,397,troncal norte,2,3,17,16,0
gas_interrupted_5,2023-05-07,1,Gasnacer,CE9958,true,false,JOBO,"Sahagún, COR",Tarde,57,true,,SIN,"Sincelejo, SUC",43,,345,Troncal principal,11,5,0,0,14
gas_interrupted_5,2023-05-08,2,Gases del Caribe,CE1594,true,false,JOBO,"Sahagún, COR",Noche,9,true,,STM,"Santa Marta, MAG",49,,556,regional sur,9,7,6,11,10
gas_interrupted_5,2023-05-09,3,Gases de la Guajira,CE2560,true,false,BALLE,"Manaure, LAG",Mañana,-11,false,,CTG,"Cartagena, BOL",108,,424,Regional Sabanas,2,27,25,38,11
gas_interrupted_5,2023-05-10,4,Efigas,CE8240,true,false,BALLE,"Manaure, LAG",Madrugada,-14,false,,RIO,"Riohacha, LAG",82,,308,Ramal industrial,2,11,2,22,33
gas_interrupted_5,2023-05-11,5,Gases del Caribe,CE3994,true,false,JOBO,"Sahagún, COR",Tarde,21,true,,CTG,"Cartagena, BOL",56,,342,troncal norte,18,6,17,1,13
gas_interrupted_5,2023-05-12,6,Gases del Caribe,CE6391,true,false,JOBO,"Sahagún, COR",Mañana,25,true,,RIO,"Riohacha, LAG",73,,213,Ramal industrial,20,5,7,15,4
gas_interrupted_5,2023-05-13,7,Efigas,CE1430,true,false,JOBO,"Sahagún, COR",Noche,58,true,,,"Barranquilla, ATL",74,,531,Regional Sabanas,4,34,26,4,14
gas_interrupted_5,2023-05-14,1,Gasnacer,CE3769,false,false,BALLE,"Manaure, LAG",Madrugada,-7,false,,BAQ,"Barranquilla, ATL",17,,425,ductos varios,0,3,8,0,7
gas_interrupted_5,2023-05-15,2,Gases del Caribe,CE9653,false,false,JOBO,"Sahagún, COR",Noche,28,true,,MAM,"Cartagena, BOL",98,,228,ductos varios,10,3,20,26,17
gas_interrupted_5,2023-05-16,3,Gases del Caribe,CE7664,true,false,JOBO,"Sahagún, COR",Madrugada,48,true,,MTR,"Montería, COR",65,,149,ductos varios,5,7,3,25,4
gas_interrupted_5,2023-05-17,4,Gases de la Guajira,CE7408,false,false,BALLE,"Manaure, LAG",Madrugada,24,true,,CTG,"Cartagena, BOL",52,,578,ductos varios,26,24,0,5,0
gas_interrupted_5,2023-05-18,5,Gases de la Guajira,CE4177,true,false,JOBO,"Sahagún, COR",Mañana,55,true,,SIN,"Sincelejo, SUC",39,,611,Regional Sabanas,1,8,29,9,3
gas_interrupted_5,2023-05-19,6,Efigas,CE0344,true,true,JOBO,"Sahagún, COR",Mañana,57,true,,MAM,"Cartagena, BOL",32,,222,Ramal industrial,8,1,11,10,2
gas_interrupted_5,2023-05-20,7,Gases del Caribe,CE6167,true,true,BALLE,"Manaure, LAG",Madrugada,-6,false,,MAM,"Cartagena, BOL",38,,507,RAMAL urbano,0,12,12,5,12
gas_interrupted_5,2023-05-21,1,Efigas,CE4357,true,false,JOBO,"Sahagún, COR",Madrugada,6,true,,CTG,"Cartagena, BOL",59,,524,Troncal principal,0,26,20,3,23
gas_interrupted_5,2023-05-22,2,Surtigas,CE1833,true,false,JOBO,"Sahagún, COR",Tarde,-4,false,,STM,"Santa Marta, MAG",64,,64,Troncal principal,6,7,18,14,6
gas_interrupted_5,2023-05-23,3,Surtigas,CE4517,true,false,JOBO,"Sahagún, COR",Mañana,6,true,,BAQ,"Barranquilla, ATL",51,,241,troncal norte,15,6,10,21,4
gas_interrupted_5,2023-05-24,4,Surtigas,CE5799,true,true,JOBO,"Sahagún, COR",Noche,-3,false,,STM,"Santa Marta, MAG",65,,609,regional sur,36,0,1,0,9
gas_interrupted_5,2023-05-25,5,Gases del Caribe,CE3226,true,false,JOBO,"Sahagún, COR",Noche,49,true,,MAM,"Cartagena, BOL",72,,506,Ramal industrial,11,8,20,1,11
gas_interrupted_5,2023-05-26,6,Efigas,CE1242,true,true,BALLE,"Manaure, LAG",Mañana,4,true,,CTG,"Cartagena, BOL",62,,83,ductos varios,4,28,7,0,9
gas_interrupted_5,2023-05-27,7,Gasnacer,CE4861,false,false,JOBO,"Sahagún, COR",Tarde,-13,false,,SIN,"Sincelejo, SUC",61,,619,Troncal principal,11,4,29,18,1
gas_interrupted_5,2023-05-28,null,Gases de la Guajira,CE4021,false,false,BALLE,"Manaure, LAG",Mañana,35,true,,BAQ,"Barranquilla, ATL",45,,605,troncal norte,25,2,0,6,5
gas_interrupted_5,2023-05-29,2,Efigas,CE1,true,false,BALLE,"Manaure, LAG",Tarde,36,true,,MAM,"Cartagena, BOL",36,,276,troncal norte,0,2,35,1,0
gas_interrupted_5,2023-05-30,3,Gasnacer,CE4771,false,true,JOBO,"Sahagún, COR",Mañana,17,true,,BAQ,"Barranquilla, ATL",32,,254,Regional Sabanas,7,2,3,9,24
gas_interrupted_5,2023-05-31,4,Gasnacer,CE4180,true,false,JOBO,"Sahagún, COR",Mañana,38,true,,VDP,"Valledupar, CES",66,,258,troncal norte,14,5,9,8,10
gas_interrupted_6,2023-06-01,5,Efigas,CE5958,true,false,BALLE,"Manaure, LAG",Mañana,47,true,,BAQ,"Barranquilla, ATL",60,,218,Regional Sabanas,7,33,10,5,6
gas_interrupted_6,2023-06-02,6,Gasnacer,CE8866,true,false,BALLE,"Manaure, LAG",Mañana,36,true,,SIN,"Sincelejo, SUC",115,,447,Ramal industrial,13,25,7,33,10
gas_interrupted_6,2023-06-03,7,Efigas,CE8155,true,false,JOBO,"Sahagún, COR",Noche,-14,false,,RIO,"Riohacha, LAG",53,,545,troncal norte,6,1,3,4,29
gas_interrupted_6,2023-06-04,1,Gases del Caribe,CE1771,true,true,JOBO,"Sahagún, COR",Tarde,13,true,,MAM,"Cartagena, BOL",17,,516,Ramal industrial,7,1,4,3,1
gas_interrupted_6,2023-06-05,2,Efigas,CE0340,false,false,BALLE,"Manaure, LAG",Tarde,13,true,,CTG,"Cartagena, BOL",9,,162,regional sur,10,0,0,1,0
gas_interrupted_6,2023-06-06,3,Gases del Caribe,CE9868,false,true,JOBO,"Sahagún, COR",Mañana,3,true,,VDP,"Valledupar, CES",39,,442,regional sur,3,18,17,1,12
gas_interrupted_6,2023-06-07,4,Gases del Caribe,CE8336,true,true,JOBO,"Sahagún, COR",Tarde,52,true,,MTR,"Montería, COR",57,,449,regional sur,2,0,14,13,12
gas_interrupted_6,2023-06-08,5,Gases de la Guajira,CE7452,true,true,BALLE,"Manaure, LAG",Noche,18,true,,BAQ,"Barranquilla, ATL",55,,314,Regional Sabanas,10,18,3,2,4
gas_interrupted_6,2023-06-09,6,Surtigas,CE9394,true,false,JOBO,"Sahagún, COR",Tarde,6,true,,STM,"Santa Marta, MAG",33,,105,regional sur,20,6,1,1,5
gas_interrupted_6,2023-06-10,7,Efigas,CE0769,false,true,JOBO,"Sahagún, COR",Mañana,43,true,,MTR,"Montería, COR",60,,420,regional sur,26,7,1,7,13
gas_interrupted_6,2023-06-11,1,Surtigas,CE7833,true,false,JOBO,"Sahagún, COR",Mañana,33,true,,BAQ,"Barranquilla, ATL",28,,307,Troncal principal,4,3,6,0,16
gas_interrupted_6,2023-06-12,2,Surtigas,CE1161,true,false,BALLE,"Manaure, LAG",Noche,-3,false,,MTR,"Montería, COR",15,,480,Ramal industrial,8,3,0,4,3
gas_interrupted_6,2023-06-13,3,Efigas,CE8669,true,false,JOBO,"Sahagún, COR",Noche,3,true,,RIO,"Riohacha, LAG",63,,194,Troncal principal,8,12,6,8,15
gas_interrupted_6,2023-06-14,4,Efigas,CE7580,true,false,BALLE,"Manaure, LAG",Madrugada,28,true,,MTR,"Montería, COR",34,,576,RAMAL urbano,3,20,0,10,0
gas_interrupted_6,2023-06-15,5,Gases del Caribe,CE7922,true,false,JOBO,"Sahagún, COR",Mañana,30,true,,MAM,"Cartagena, BOL",13,,324,Regional Sabanas,10,1,0,4,3
gas_interrupted_6,2023-06-16,6,Surtigas,CE4618,true,true,BALLE,"Manaure, LAG",Tarde,29,true,,MTR,"Montería, COR",67,,269,Ramal industrial,8,3,21,5,8
gas_interrupted_6,2023-06-17,7,Gases del Caribe,CE6653,false,false,JOBO,"Sahagún, COR",Tarde,44,true,,STM,"Santa Marta, MAG",58,,585,regional sur,3,17,2,11,11
gas_interrupted_6,2023-06-18,1,,CE7371,false,true,JOBO,"Sahagún, COR",Madrugada,3,true,,RIO,"Riohacha, LAG",68,,382,troncal norte,27,1,26,8,16
gas_interrupted_6,2023-06-19,2,Surtigas,CE3431,true,true,BALLE,"Manaure, LAG",Noche,41,true,,STM,"Santa Marta, MAG",66,,189,regional sur,5,6,12,11,15
gas_interrupted_6,2023-06-20,3,Surtigas,CE9714,false,true,JOBO,"Sahagún, COR",Tarde,37,true,,MAM,"Cartagena, BOL",47,,431,Regional Sabanas,0,5,18,1,15
gas_interrupted_6,2023-06-21,4,Surtigas,CE9451,true,false,BALLE,"Manaure, LAG",Madrugada,63,true,,RIO,"Riohacha, LAG",35,,64,ductos varios,0,11,5,2,6
gas_interrupted_6,2023-06-22,5,Surtigas,CE3387,false,false,BALLE,"Manaure, LAG",Mañana,22,true,,MTR,"Montería, COR",55,,551,ductos varios,9,9,11,4,5
gas_interrupted_6,2023-06-23,6,Gasnacer,CE0263,true,false,JOBO,"Sahagún, COR",Noche,-14,false,,SIN,"Sincelejo, SUC",50,,437,regional sur,2,0,31,6,0
gas_interrupted_6,2023-06-24,7,Gases del Caribe,CE2533,true,false,BALLE,"Manaure, LAG",Tarde,56,true,,VDP,"Valledupar, CES",134,,428,Ramal industrial,17,31,31,30,7
gas_interrupted_6,2023-06-25,1,Surtigas,CE9990,false,false,JOBO,"Sahagún, COR",Mañana,59,true,,SIN,"Sincelejo, SUC",44,,409,Regional Sabanas,1,24,0,15,0
gas_interrupted_6,2023-06-26,2,Gasnacer,CE9506,true,false,BALLE,"Manaure, LAG",Mañana,47,true,,VDP,"Valledupar, CES",46,,306,Ramal industrial,20,14,1,6,0
gas_interrupted_6,2023-06-27,3,Gasnacer,CE1492,true,false,BALLE,"Manaure, LAG",Tarde,-10,false,,MTR,"Montería, COR",72,,515,Troncal principal,17,4,14,10,4
gas_interrupted_6,2023-06-28,4,Efigas,CE1736,true,false,BALLE,"Manaure, LAG",Mañana,40,true,,MAM,"Cartagena, BOL",63,,355,ductos varios,3,17,22,7,22
gas_interrupted_6,2023-06-29,5,Gasnacer,CE5993,true,true,JOBO,"Sahagún, COR",Tarde,48,true,,BAQ,"Barranquilla, ATL",68,,544,regional sur,6,0,9,17,15
gas_interrupted_6,2023-06-30,6,Surtigas,CE7522,true,false,JOBO,"Sahagún, COR",Madrugada,-9,false,,MAM,"Cartagena, BOL",13,,76,regional sur,3,0,3,0,9
gas_interrupted_7,2023-07-01,7,Gases del Caribe,CE3389,true,false,BALLE,"Manaure, LAG",Noche,23,true,,VDP,"Valledupar, CES",46,,589,Ramal industrial,4,27,4,9,0
gas_interrupted_7,2023-07-02,1,Surtigas,CE2963,false,false,BALLE,"Manaure, LAG",Mañana,42,true,,CTG,"Cartagena, BOL",25,,247,Ramal industrial,4,5,2,12,7
gas_interrupted_7,2023-07-03,2,Gases de la Guajira,CE3363,false,false,BALLE,"Manaure, LAG",Tarde,48,true,,VDP,"Valledupar, CES",61,,165,Ramal industrial,3,8,4,15,23
gas_interrupted_7,2023-07-04,3,Gasnacer,CE4466,false,true,JOBO,"Sahagún, COR",Madrugada,53,true,,VDP,"Valledupar, CES",31,,466,Troncal principal,0,8,0,11,16
gas_interrupted_7,2023-07-05,4,Gasnacer,CE5649,true,true,BALLE,"Manaure, LAG",Tarde,-7,false,,STM,"Santa Marta, MAG",34,,157,Troncal principal,6,10,5,9,8
gas_interrupted_7,2023-07-06,5,Gasnacer,CE7660,true,false,JOBO,"Sahagún, COR",Tarde,-4,false,,STM,"Santa Marta, MAG",51,,597,RAMAL urbano,5,4,15,9,28
gas_interrupted_7,2023-07-07,6,Gases de la Guajira,CE1811,false,false,JOBO,"Sahagún, COR",Noche,18,true,,MTR,"Montería, COR",17,,587,ductos varios,4,5,7,0,3
gas_interrupted_7,2023-07-08,7,Gases del Caribe,CE5391,true,false,JOBO,"Sahagún, COR",Noche,-14,false,,BAQ,"Barranquilla, ATL",54,,475,ductos varios,5,1,9,34,0
gas_interrupted_7,2023-07-09,1,Gasnacer,CE4842,false,true,BALLE,"Manaure, LAG",Mañana,34,true,,RIO,"Riohacha, LAG",48,,124,Regional Sabanas,9,0,5,2,25
gas_interrupted_7,2023-07-10,2,Gases del Caribe,CE0770,true,false,BALLE,"Manaure, LAG",Mañana,41,true,,VDP,"Valledupar, CES",43,,222,RAMAL urbano,11,7,5,11,10
gas_interrupted_7,2023-07-11,3,,CE0450,false,false,JOBO,"Sahagún, COR",Madrugada,-2,false,,STM,"Santa Marta, MAG",28,,518,troncal norte,2,20,0,4,7
gas_interrupted_7,2023-07-12,4,Surtigas,CE0724,true,true,JOBO,"Sahagún, COR",Madrugada,59,true,,RIO,"Riohacha, LAG",28,,425,troncal norte,10,5,2,1,4
gas_interrupted_7,2023-07-13,5,Gasnacer,CE2674,false,false,BALLE,"Manaure, LAG",Noche,39,true,,STM,"Santa Marta, MAG",72,,430,Troncal principal,10,0,16,7,17
gas_interrupted_7,2023-07-14,6,Gases del Caribe,CE2802,true,false,JOBO,"Sahagún, COR",Tarde,2,true,,MTR,"Montería, COR",30,,104,troncal norte,0,12,0,4,5
gas_interrupted_7,2023-07-15,7,Gasnacer,CE0110,true,false,JOBO,"Sahagún, COR",Noche,39,true,,MTR,"Montería, COR",71,,194,ductos varios,1,3,14,31,15
gas_interrupted_7,2023-07-16,1,Surtigas,CE9286,true,false,BALLE,"Manaure, LAG",Madrugada,8,true,,MAM,"Cartagena, BOL",83,,622,ductos varios,19,10,10,3,22
gas_interrupted_7,2023-07-17,2,Gases de la Guajira,CE3562,true,false,BALLE,"Manaure, LAG",Madrugada,5,true,,SIN,"Sincelejo, SUC",53,,542,Ramal industrial,11,3,21,3,33
gas_interrupted_7,2023-07-18,3,Gasnacer,CE6200,true,true,BALLE,"Manaure, LAG",Noche,51,true,,MTR,"Montería, COR",76,,306,Regional Sabanas,6,10,20,14,4
gas_interrupted_7,2023-07-19,4,Surtigas,CE6332,false,true,BALLE,"Manaure, LAG",Tarde,16,true,,VDP,"Valledupar, CES",47,,469,Ramal industrial,12,8,8,5,5
gas_interrupted_7,2023-07-20,5,Gasnacer,CE1982,true,false,BALLE,"Manaure, LAG",Tarde,38,true,,STM,"Santa Marta, MAG",16,,626,RAMAL urbano,4,9,1,3,3
gas_interrupted_7,2023-07-21,6,Gases de la Guajira,CE2237,true,true,JOBO,"Sahagún, COR",Tarde,-15,false,,MTR,"Montería, COR",53,,468,ductos varios,0,10,10,18,1
gas_interrupted_7,2023-07-22,7,Gases del Caribe,CE7012,false,false,BALLE,"Manaure, LAG",Mañana,56,true,,MTR,"Montería, COR",33,,330,regional sur,16,4,5,4,0
gas_interrupted_7,2023-07-23,1,Gasnacer,CE7245,true,false,JOBO,"Sahagún, COR",Mañana,3,true,,SIN,"Sincelejo, SUC",73,,158,Ramal industrial,8,13,2,25,15
gas_interrupted_7,2023-07-24,2,Surtigas,CE4725,true,false,BALLE,"Manaure, LAG",Mañana,0,false,,VDP,"Valledupar, CES",57,,417,regional sur,10,23,1,15,0
gas_interrupted_7,2023-07-25,3,Efigas,CE3003,true,false,BALLE,"Manaure, LAG",Mañana,62,true,,MAM,"Cartagena, BOL",59,,334,ductos varios,4,6,18,30,18
gas_interrupted_7,2023-07-26,4,Surtigas,CE1907,true,false,BALLE,"Manaure, LAG",Noche,0,false,,SIN,"Sincelejo, SUC",74,,95,regional sur,10,1,0,21,21
gas_interrupted_7,2023-07-27,5,Efigas,CE6286,true,false,BALLE,"Manaure, LAG",Tarde,28,true,,SIN,"Sincelejo, SUC",93,,199,Ramal industrial,27,20,17,3,0
gas_interrupted_7,2023-07-28,6,Surtigas,CE6122,false,false,JOBO,"Sahagún, COR",Mañana,-5,false,,MTR,"Montería, COR",43,,124,Troncal principal,8,2,34,0,10
gas_interrupted_7,2023-07-29,7,Surtigas,CE6288,false,false,BALLE,"Manaure, LAG",Tarde,52,true,,MTR,"Montería, COR",8,,395,regional sur,0,0,1,2,6
gas_interrupted_7,2023-07-30,1,Gases del Caribe,CE9056,true,false,JOBO,"Sahagún, COR",Madrugada,13,true,,SIN,"Sincelejo, SUC",96,,112,Troncal principal,27,22,0,7,21
gas_interrupted_7,2023-07-31,2,Gasnacer,CE7777,true,false,JOBO,"Sahagún, COR",Madrugada,61,true,,MAM,"Cartagena, BOL",37,,364,regional sur,10,1,5,7,12
gas_interrupted_8,2023-08-01,3,Gases del Caribe,CE3811,false,false,JOBO,"Sahagún, COR",Noche,45,true,,MAM,"Cartagena, BOL",33,,182,RAMAL urbano,4,10,2,9,18
gas_interrupted_8,2023-08-02,4,Gases de la Guajira,CE2577,true,true,,"Sahagún, COR",Noche,14,true,,MTR,"Montería, COR",37,,521,troncal norte,2,7,3,14,2
gas_interrupted_8,2023-08-03,5,Gases del Caribe,CE1,true,false,BALLE,"Manaure, LAG",Mañana,29,true,,MTR,"Montería, COR",36,,271,ductos varios,0,1,21,0,2
gas_interrupted_8,2023-08-04,6,Gases del Caribe,CE5915,false,false,JOBO,"Sahagún, COR",Mañana,27,true,,STM,"Santa Marta, MAG",107,,518,Ramal industrial,19,37,28,13,13
gas_interrupted_8,2023-08-05,7,Surtigas,CE8688,false,false,JOBO,"Sahagún, COR",Madrugada,6,true,,VDP,"Valledupar, CES",22,,68,troncal norte,5,10,0,0,0
gas_interrupted_8,2023-08-06,1,Surtigas,CE3315,false,true,BALLE,"Manaure, LAG",Noche,29,true,,VDP,"Valledupar, CES",48,,574,troncal norte,3,9,4,0,24
gas_interrupted_8,2023-08-07,2,Gases de la Guajira,CE6559,true,false,JOBO,"Sahagún, COR",Mañana,49,true,,RIO,"Riohacha, LAG",55,,174,Regional Sabanas,1,19,0,17,0
gas_interrupted_8,2023-08-08,3,Gases del Caribe,CE5111,true,true,JOBO,"Sahagún, COR",Noche,63,true,,MTR,"Montería, COR",35,,97,troncal norte,7,0,5,20,18
gas_interrupted_8,2023-08-09,4,Gases de la Guajira,CE5105,true,false,BALLE,"Manaure, LAG",Tarde,38,true,,SIN,"Sincelejo, SUC",30,,306,regional sur,1,3,13,7,12
gas_interrupted_8,2023-08-10,5,Surtigas,CE3101,true,false,JOBO,"Sahagún, COR",Tarde,16,true,,STM,"Santa Marta, MAG",34,,447,RAMAL urbano,13,11,8,5,3
gas_interrupted_8,2023-08-11,6,,CE3627,true,false,JOBO,"Sahagún, COR",Mañana,13,true,,CTG,"Cartagena, BOL",77,,639,RAMAL urbano,18,21,11,11,0
gas_interrupted_8,2023-08-12,7,Gasnacer,CE2054,false,false,BALLE,"Manaure, LAG",Madrugada,8,true,,MAM,"Cartagena, BOL",101,,449,ductos varios,25,6,0,28,10
gas_interrupted_8,2023-08-13,1,Efigas,CE9683,false,false,BALLE,"Manaure, LAG",Tarde,64,true,,BAQ,"Barranquilla, ATL",70,,645,regional sur,6,14,3,28,2
gas_interrupted_8,2023-08-14,2,Gases de la Guajira,CE9618,true,false,JOBO,"Sahagún, COR",Tarde,17,true,,RIO,"Riohacha, LAG",44,,361,Troncal principal,19,0,2,15,11
gas_interrupted_8,2023-08-15,3,Gases del Caribe,CE0710,true,true,BALLE,"Manaure, LAG",Madrugada,27,true,,MAM,"Cartagena, BOL",29,,399,Regional Sabanas,0,1,10,8,4
gas_interrupted_8,2023-08-16,4,Efigas,CE4482,true,false,BALLE,"Manaure, LAG",Mañana,52,true,,VDP,"Valledupar, CES",81,,395,Troncal principal,4,0,2,22,35
gas_interrupted_8,2023-08-17,5,Gasnacer,CE2169,true,false,JOBO,"Sahagún, COR",Noche,52,true,,SIN,"Sincelejo, SUC",46,,450,troncal norte,0,5,25,5,4
gas_interrupted_8,2023-08-18,6,,CE2843,false,false,JOBO,"Sahagún, COR",Mañana,2,true,,BAQ,"Barranquilla, ATL",33,,74,Ramal industrial,13,9,0,6,4
gas_interrupted_8,2023-08-19,7,Gasnacer,CE0420,true,true,BALLE,"Manaure, LAG",Mañana,37,true,,VDP,"Valledupar, CES",27,,106,Ramal industrial,1,12,5,2,10
gas_interrupted_8,2023-08-20,1,Gases de la Guajira,CE1078,true,true,BALLE,"Manaure, LAG",Noche,19,true,,MAM,"Cartagena, BOL",56,,504,ductos varios,13,28,4,4,2
gas_interrupted_8,2023-08-21,2,Gasnacer,CE7955,true,false,JOBO,"Sahagún, COR",Madrugada,63,true,,MAM,"Cartagena, BOL",85,,608,Troncal principal,0,18,7,26,11
gas_interrupted_8,2023-08-22,3,Efigas,CE1508,true,false,JOBO,"Sahagún, COR",Noche,42,true,,STM,"Santa Marta, MAG",85,,515,troncal norte,1,16,25,5,15
gas_interrupted_8,2023-08-23,4,Gases de la Guajira,CE3529,true,false,JOBO,"Sahagún, COR",Noche,20,true,,MAM,"Cartagena, BOL",36,,185,Ramal industrial,2,0,8,21,3
gas_interrupted_8,2023-08-24,5,Gasnacer,CE9264,false,false,JOBO,"Sahagún, COR",Noche,0,false,,VDP,"Valledupar, CES",56,,458,Troncal principal,6,19,3,8,5
gas_interrupted_8,2023-08-25,6,Gases del Caribe,CE4572,false,false,JOBO,"Sahagún, COR",Mañana,-9,false,,BAQ,"Barranquilla, ATL",38,,408,troncal norte,8,6,3,5,12
gas_interrupted_8,2023-08-26,7,,CE0940,true,false,JOBO,"Sahagún, COR",Mañana,25,true,,STM,"Santa Marta, MAG",44,,421,regional sur,7,11,20,12,1
gas_interrupted_8,2023-08-27,1,Gases de la Guajira,CE1897,true,false,BALLE,"Manaure, LAG",Noche,61,true,,BAQ,"Barranquilla, ATL",37,,483,ductos varios,1,5,30,4,0
gas_interrupted_8,2023-08-28,2,Surtigas,CE7828,false,true,JOBO,"Sahagún, COR",Tarde,64,true,,STM,"Santa Marta, MAG",66,,211,Troncal principal,13,6,7,3,27
gas_interrupted_8,2023-08-29,3,Gases del Caribe,CE4276,true,false,BALLE,"Manaure, LAG",Mañana,40,true,,CTG,"Cartagena, BOL",138,,485,Troncal principal,9,26,7,34,21
gas_interrupted_8,2023-08-30,4,Gases del Caribe,CE8473,true,true,JOBO,"Sahagún, COR",Madrugada,19,true,,BAQ,"Barranquilla, ATL",57,,222,troncal norte,6,7,9,13,12
gas_interrupted_8,2023-08-31,5,Gases del Caribe,CE5887,true,false,JOBO,"Sahagún, COR",Madrugada,30,true,,SIN,"Sincelejo, SUC",45,,233,Regional Sabanas,0,13,12,12,1
gas_interrupted_9,2023-09-01,6,Gases del Caribe,CE4084,true,false,BALLE,"Manaure, LAG",Tarde,59,true,,RIO,"Riohacha, LAG",49,,656,Ramal industrial,7,1,5,29,15
gas_interrupted_9,2023-09-02,7,Efigas,CE1188,false,false,JOBO,"Sahagún, COR",Madrugada,53,true,,CTG,"Cartagena, BOL",16,,497,Regional Sabanas,3,0,0,12,4
gas_interrupted_9,2023-09-03,1,Gasnacer,CE6033,false,false,BALLE,"Manaure, LAG",Madrugada,26,true,,STM,"Santa Marta, MAG",50,,377,RAMAL urbano,10,5,1,13,10
gas_interrupted_9,2023-09-04,2,Efigas,CE4037,true,false,BALLE,"Manaure, LAG",Tarde,63,true,,MAM,"Cartagena, BOL",68,,187,ductos varios,11,0,9,26,0
gas_interrupted_9,2023-09-05,3,Gases del Caribe,CE1976,true,false,BALLE,"Manaure, LAG",Madrugada,60,true,,MAM,"Cartagena, BOL",24,,305,RAMAL urbano,6,1,0,5,12
gas_interrupted_9,2023-09-06,4,Gases del Caribe,CE9684,false,false,JOBO,"Sahagún, COR",Noche,41,true,,STM,"Santa Marta, MAG",74,,526,troncal norte,7,2,19,18,16
gas_interrupted_9,2023-09-07,5,Efigas,CE9083,true,false,BALLE,"Manaure, LAG",Tarde,60,true,,MAM,"Cartagena, BOL",55,,340,RAMAL urbano,2,23,3,2,22
gas_interrupted_9,2023-09-08,6,Gases de la Guajira,CE3813,false,true,JOBO,"Sahagún, COR",Noche,-1,false,,RIO,"Riohacha, LAG",39,,508,ductos varios,1,9,3,17,0
gas_interrupted_9,2023-09-09,7,,CE3947,false,false,JOBO,"Sahagún, COR",Mañana,15,true,,STM,"Santa Marta, MAG",48,,478,troncal norte,21,1,0,10,16
gas_interrupted_9,2023-09-10,1,Gases del Caribe,CE5814,true,true,JOBO,"Sahagún, COR",Madrugada,-4,false,,STM,"Santa Marta, MAG",17,,206,RAMAL urbano,4,6,3,0,3
gas_interrupted_9,2023-09-11,2,Efigas,CE2950,true,false,BALLE,"Manaure, LAG",Mañana,57,true,,STM,"Santa Marta, MAG",23,,245,Ramal industrial,13,2,0,0,1
gas_interrupted_9,2023-09-12,3,Gases de la Guajira,CE1786,true,false,BALLE,"Manaure, LAG",Noche,10,true,,STM,"Santa Marta, MAG",82,,156,ductos varios,5,5,10,18,17
gas_interrupted_9,2023-09-13,4,Gases de la Guajira,CE0938,false,false,JOBO,"Sahagún, COR",Tarde,21,true,,VDP,"Valledupar, CES",67,,396,ductos varios,4,29,6,4,27
gas_interrupted_9,2023-09-14,5,Efigas,CE9132,true,false,BALLE,"Manaure, LAG",Madrugada,52,true,,RIO,"Riohacha, LAG",44,,117,Troncal principal,24,0,14,0,22
gas_interrupted_9,2023-09-15,6,Surtigas,CE1646,false,false,JOBO,"Sahagún, COR",Tarde,11,true,,RIO,"Riohacha, LAG",30,,390,regional sur,3,1,6,0,12
gas_interrupted_9,2023-09-16,7,Gases del Caribe,CE9870,true,false,BALLE,"Manaure, LAG",Noche,-9,false,,BAQ,"Barranquilla, ATL",111,,134,Troncal principal,36,8,4,1,28
gas_interrupted_9,2023-09-17,1,Gasnacer,CE5455,false,false,JOBO,"Sahagún, COR",Madrugada,57,true,,MTR,"Montería, COR",34,,590,regional sur,0,19,10,4,7
gas_interrupted_9,2023-09-18,2,Gases del Caribe,CE7431,true,false,BALLE,"Manaure, LAG",Noche,16,true,,MTR,"Montería, COR",52,,300,ductos varios,16,17,0,10,4
gas_interrupted_9,2023-09-19,3,Gases del Caribe,CE8083,true,true,BALLE,"Manaure, LAG",Mañana,17,true,,SIN,"Sincelejo, SUC",51,,629,RAMAL urbano,0,7,14,8,33
gas_interrupted_9,2023-09-20,4,Gasnacer,CE9481,true,true,JOBO,"Sahagún, COR",Tarde,3,true,,BAQ,"Barranquilla, ATL",18,,544,Ramal industrial,1,5,11,2,2
gas_interrupted_9,2023-09-21,5,Gases de la Guajira,CE9032,true,true,JOBO,"Sahagún, COR",Noche,63,true,,MAM,"Cartagena, BOL",18,,569,troncal norte,0,0,0,9,16
gas_interrupted_9,2023-09-22,6,Gasnacer,CE9210,true,false,BALLE,"Manaure, LAG",Madrugada,-15,false,,RIO,"Riohacha, LAG",35,,343,troncal norte,8,20,7,3,6
gas_interrupted_9,2023-09-23,7,Surtigas,CE0327,true,true,JOBO,"Sahagún, COR",Madrugada,21,true,,BAQ,"Barranquilla, ATL",146,,341,troncal norte,21,26,26,37,3
gas_interrupted_9,2023-09-24,1,Gases del Caribe,CE3251,false,false,BALLE,"Manaure, LAG",Noche,29,true,,VDP,"Valledupar, CES",57,,180,Troncal principal,19,11,1,10,23
gas_interrupted_9,2023-09-25,2,,CE2204,true,false,JOBO,"Sahagún, COR",Tarde,8,true,,STM,"Santa Marta, MAG",53,,167,Troncal principal,15,8,3,1,30
gas_interrupted_9,2023-09-26,3,Gasnacer,CE7828,true,true,BALLE,"Manaure, LAG",Tarde,17,true,,SIN,"Sincelejo, SUC",52,,501,Troncal principal,5,14,1,23,20
gas_interrupted_9,2023-09-27,4,Gases del Caribe,CE9557,true,true,BALLE,"Manaure, LAG",Noche,9,true,,CTG,"Cartagena, BOL",107,,554,Troncal principal,5,34,14,11,23
gas_interrupted_9,2023-09-28,5,Gases de la Guajira,CE6805,true,false,JOBO,"Sahagún, COR",Noche,-5,false,,RIO,"Riohacha, LAG",29,,500,ductos varios,9,7,2,6,13
gas_interrupted_9,2023-09-29,6,Gases de la Guajira,CE6315,true,false,JOBO,"Sahagún, COR",Tarde,25,true,,SIN,"Sincelejo, SUC",47,,378,Troncal principal,24,1,6,10,24
gas_interrupted_9,2023-09-30,7,Surtigas,CE6782,true,true,JOBO,"Sahagún, COR",Mañana,26,true,,VDP,"Valledupar, CES",67,,406,troncal norte,22,26,0,0,0
gas_interrupted_10,2023-10-01,1,Surtigas,CE1432,false,false,JOBO,"Sahagún, COR",Noche,-13,false,,CTG,"Cartagena, BOL",33,,425,Regional Sabanas,12,9,4,3,0
gas_interrupted_10,2023-10-02,2,Gases de la Guajira,CE7751,true,false,BALLE,"Manaure, LAG",Noche,13,true,,BAQ,"Barranquilla, ATL",31,,315,Regional Sabanas,2,7,11,13,5
gas_interrupted_10,2023-10-03,3,Surtigas,CE0003,true,true,JOBO,"Sahagún, COR",Madrugada,53,true,,RIO,"Riohacha, LAG",65,,631,Ramal industrial,5,30,2,6,6
gas_interrupted_10,2023-10-04,4,Gasnacer,CE7977,true,false,JOBO,"Sahagún, COR",Madrugada,6,true,,MTR,"Montería, COR",53,,481,Troncal principal,9,30,4,5,6
gas_interrupted_10,2023-10-05,5,Gases del Caribe,CE2457,true,false,,"Manaure, LAG",Mañana,34,true,,CTG,"Cartagena, BOL",65,,253,Ramal industrial,6,0,6,35,4
gas_interrupted_10,2023-10-06,6,Gases del Caribe,CE5331,true,true,BALLE,"Manaure, LAG",Madrugada,5,true,,SIN,"Sincelejo, SUC",82,,372,Regional Sabanas,9,21,2,14,20
gas_interrupted_10,2023-10-07,7,Surtigas,CE6131,true,true,BALLE,"Manaure, LAG",Noche,25,true,,SIN,"Sincelejo, SUC",58,,122,Regional Sabanas,6,2,26,6,0
gas_interrupted_10,2023-10-08,1,Efigas,CE6338,true,false,BALLE,"Manaure, LAG",Madrugada,16,true,,MAM,"Cartagena, BOL",31,,473,Regional Sabanas,16,1,2,1,5
gas_interrupted_10,2023-10-09,2,Surtigas,CE2484,true,false,JOBO,"Sahagún, COR",Mañana,-11,false,,VDP,"Valledupar, CES",35,,297,regional sur,8,3,20,1,2
gas_interrupted_10,2023-10-10,3,Surtigas,CE3796,false,false,JOBO,"Sahagún, COR",Tarde,-6,false,,MAM,"Cartagena, BOL",55,,150,ductos varios,5,20,16,19,1
gas_interrupted_10,2023-10-11,4,Efigas,CE3111,true,false,BALLE,"Manaure, LAG",Madrugada,34,true,,RIO,"Riohacha, LAG",78,,384,ductos varios,9,5,24,10,21
gas_interrupted_10,2023-10-12,5,Gasnacer,CE8359,true,true,JOBO,"Sahagún, COR",Tarde,-9,false,,MTR,"Montería, COR",20,,410,troncal norte,8,0,7,13,1
gas_interrupted_10,2023-10-13,6,Gases del Caribe,CE1419,false,false,BALLE,"Manaure, LAG",Tarde,45,true,,RIO,"Riohacha, LAG",24,,573,Troncal principal,16,4,0,5,7
gas_interrupted_10,2023-10-14,7,Surtigas,CE9342,true,false,JOBO,"Sahagún, COR",Madrugada,-9,false,,RIO,"Riohacha, LAG",41,,454,RAMAL urbano,0,16,36,1,5
gas_interrupted_10,2023-10-15,1,Gases de la Guajira,CE1334,true,true,JOBO,"Sahagún, COR",Madrugada,7,true,,STM,"Santa Marta, MAG",37,,275,Ramal industrial,1,5,6,3,10
gas_interrupted_10,2023-10-16,2,Surtigas,CE6665,false,false,BALLE,"Manaure, LAG",Noche,-5,false,,VDP,"Valledupar, CES",63,,252,troncal norte,27,3,19,13,11
gas_interrupted_10,2023-10-17,3,Efigas,CE9937,true,false,JOBO,"Sahagún, COR",Tarde,9,true,,BAQ,"Barranquilla, ATL",43,,412,troncal norte,3,8,11,11,4
gas_interrupted_10,2023-10-18,4,Surtigas,CE8765,true,true,JOBO,"Sahagún, COR",Madrugada,9,true,,STM,"Santa Marta, MAG",63,,647,Regional Sabanas,3,23,11,2,27
gas_interrupted_10,2023-10-19,5,Gases del Caribe,CE3050,true,false,BALLE,"Manaure, LAG",Madrugada,-5,false,,MTR,"Montería, COR",30,,171,troncal norte,16,3,1,15,0
gas_interrupted_10,2023-10-20,6,Gases de la Guajira,CE7848,true,false,BALLE,"Manaure, LAG",Tarde,37,true,,SIN,"Sincelejo, SUC",63,,449,regional sur,15,21,6,2,6
gas_interrupted_10,2023-10-21,7,Gases del Caribe,CE1695,false,false,JOBO,"Sahagún, COR",Noche,41,true,,STM,"Santa Marta, MAG",28,,406,ductos varios,8,1,2,17,5
gas_interrupted_10,2023-10-22,1,Gasnacer,CE5835,false,true,JOBO,"Sahagún, COR",Noche,17,true,,SIN,"Sincelejo, SUC",63,,555,RAMAL urbano,9,26,11,0,6
gas_interrupted_10,2023-10-23,2,Surtigas,CE9081,true,true,JOBO,"Sahagún, COR",Tarde,23,true,,RIO,"Riohacha, LAG",23,,115,troncal norte,8,7,3,1,5
gas_interrupted_10,2023-10-24,3,Efigas,CE7219,false,false,BALLE,"Manaure, LAG",Madrugada,7,true,,VDP,"Valledupar, CES",72,,375,Regional Sabanas,25,8,16,2,11
gas_interrupted_10,2023-10-25,4,Gasnacer,CE2208,true,false,JOBO,"Sahagún, COR",Mañana,23,true,,SIN,"Sincelejo, SUC",36,,275,ductos varios,0,13,0,15,2
gas_interrupted_10,2023-10-26,5,Surtigas,CE5856,true,false,BALLE,"Manaure, LAG",Noche,46,true,,MAM,"Cartagena, BOL",93,,506,Troncal principal,0,12,4,17,30
gas_interrupted_10,2023-10-27,6,Gasnacer,CE1100,false,true,BALLE,"Manaure, LAG",Noche,43,true,,MTR,"Montería, COR",94,,569,Regional Sabanas,15,15,3,35,9
gas_interrupted_10,2023-10-28,7,Gasnacer,CE8018,false,false,BALLE,"Manaure, LAG",Noche,37,true,,MTR,"Montería, COR",48,,207,troncal norte,19,21,2,2,16
gas_interrupted_10,2023-10-29,1,Gasnacer,CE0041,false,false,JOBO,"Sahagún, COR",Mañana,44,true,,CTG,"Cartagena, BOL",64,,448,ductos varios,19,0,2,22,4
gas_interrupted_10,2023-10-30,2,Gases de la Guajira,CE6537,true,true,JOBO,"Sahagún, COR",Tarde,60,true,,STM,"Santa Marta, MAG",41,,657,ductos varios,2,2,18,11,0
gas_interrupted_10,2023-10-31,3,Efigas,CE5004,true,false,JOBO,"Sahagún, COR",Tarde,57,true,,VDP,"Valledupar, CES",50,,573,troncal norte,22,3,4,0,13
gas_interrupted_11,2023-11-01,4,Gasnacer,CE8747,true,true,JOBO,"Sahagún, COR",Madrugada,47,true,,RIO,"Riohacha, LAG",41,,238,Troncal principal,14,2,20,1,2
gas_interrupted_11,2023-11-02,5,Gasnacer,CE3743,true,false,BALLE,"Manaure, LAG",Noche,63,true,,RIO,"Riohacha, LAG",29,,404,troncal norte,4,0,7,6,19
gas_interrupted_11,2023-11-03,6,Gases de la Guajira,CE6213,true,true,BALLE,"Manaure, LAG",Madrugada,34,true,,BAQ,"Barranquilla, ATL",27,,186,Ramal industrial,0,19,3,6,10
gas_interrupted_11,2023-11-04,7,Gases del Caribe,CE6178,true,false,BALLE,"Manaure, LAG",Tarde,29,true,,RIO,"Riohacha, LAG",93,,354,ductos varios,2,17,2,12,31
gas_interrupted_11,2023-11-05,1,Gasnacer,CE6828,true,false,BALLE,"Manaure, LAG",Madrugada,24,true,,MTR,"Montería, COR",45,,174,Regional Sabanas,7,14,3,15,6
gas_interrupted_11,2023-11-06,2,Gasnacer,CE4492,true,false,BALLE,"Manaure, LAG",Noche,6,true,,SIN,"Sincelejo, SUC",45,,213,Regional Sabanas,1,15,18,0,2
gas_interrupted_11,2023-11-07,3,Efigas,CE1077,true,false,BALLE,"Manaure, LAG",Mañana,38,true,,MTR,"Montería, COR",30,,607,Regional Sabanas,0,17,2,0,2
gas_interrupted_11,2023-11-08,4,Gasnacer,CE4872,true,false,JOBO,"Sahagún, COR",Madrugada,28,true,,RIO,"Riohacha, LAG",10,,125,Regional Sabanas,4,6,1,0,0
gas_interrupted_11,2023-11-09,5,Gases de la Guajira,CE6550,true,false,BALLE,"Manaure, LAG",Tarde,13,true,,RIO,"Riohacha, LAG",42,,247,troncal norte,0,12,4,1,23
gas_interrupted_11,2023-11-10,6,Gases del Caribe,CE0886,true,false,JOBO,"Sahagún, COR",Noche,47,true,,VDP,"Valledupar, CES",31,,581,Troncal principal,8,1,13,5,4
gas_interrupted_11,2023-11-11,7,Gases de la Guajira,CE3299,true,true,BALLE,"Manaure, LAG",Madrugada,18,true,,SIN,"Sincelejo, SUC",39,,182,ductos varios,0,3,5,10,25
gas_interrupted_11,2023-11-12,1,Efigas,CE5627,true,false,JOBO,"Sahagún, COR",Madrugada,64,true,,BAQ,"Barranquilla, ATL",12,,365,Regional Sabanas,8,1,5,1,0
gas_interrupted_11,2023-11-13,2,Efigas,CE5627,false,false,BALLE,"Manaure, LAG",Mañana,24,true,,MTR,"Montería, COR",50,,123,regional sur,10,7,2,18,16
gas_interrupted_11,2023-11-14,3,Efigas,CE1845,true,false,BALLE,"Manaure, LAG",Mañana,-15,false,,STM,"Santa Marta, MAG",58,,291,Troncal principal,11,1,14,12,3
gas_interrupted_11,2023-11-15,4,Gases de la Guajira,CE0381,false,false,JOBO,"Sahagún, COR",Noche,12,true,,VDP,"Valledupar, CES",38,,313,Regional Sabanas,13,21,1,2,1
gas_interrupted_11,2023-11-16,5,Surtigas,CE0583,true,false,BALLE,"Manaure, LAG",Mañana,-12,false,,BAQ,"Barranquilla, ATL",67,,105,regional sur,6,2,4,16,28
gas_interrupted_11,2023-11-17,6,Gases del Caribe,CE9253,false,true,BALLE,"Manaure, LAG",Madrugada,-14,false,,MAM,"Cartagena, BOL",72,,482,ductos varios,10,16,1,19,3
gas_interrupted_11,2023-11-18,7,Gases del Caribe,CE7691,false,false,BALLE,"Manaure, LAG",Tarde,10,true,,CTG,"Cartagena, BOL",15,,498,ductos varios,0,1,4,6,6
gas_interrupted_11,2023-11-19,1,Surtigas,CE6335,true,false,BALLE,"Manaure, LAG",Tarde,40,true,,MTR,"Montería, COR",49,,415,troncal norte,15,16,3,2,10
gas_interrupted_11,2023-11-20,2,Efigas,CE2150,true,true,JOBO,"Sahagún, COR",Mañana,22,true,,MTR,"Montería, COR",33,,273,Ramal industrial,7,22,1,3,8
gas_interrupted_11,2023-11-21,3,Gasnacer,CE5630,false,true,JOBO,"Sahagún, COR",Madrugada,35,true,,SIN,"Sincelejo, SUC",53,,447,troncal norte,21,20,2,9,11
gas_interrupted_11,2023-11-22,4,Surtigas,CE2377,true,true,BALLE,"Manaure, LAG",Mañana,33,true,,VDP,"Valledupar, CES",11,,264,regional sur,1,0,2,0,9
gas_interrupted_11,2023-11-23,5,Gasnacer,CE3254,true,false,BALLE,"Manaure, LAG",Noche,56,true,,SIN,"Sincelejo, SUC",64,,590,Troncal principal,0,1,15,9,23
gas_interrupted_11,2023-11-24,6,Gases de la Guajira,CE8598,false,false,BALLE,"Manaure, LAG",Tarde,-11,false,,MAM,"Cartagena, BOL",42,,494,Troncal principal,3,14,1,9,4
gas_interrupted_11,2023-11-25,7,Gasnacer,CE3422,true,false,JOBO,"Sahagún, COR",Tarde,43,true,,MAM,"Cartagena, BOL",7,,640,Ramal industrial,2,0,0,0,6
gas_interrupted_11,2023-11-26,1,Efigas,CE7934,true,false,JOBO,"Sahagún, COR",Madrugada,24,true,,SIN,"Sincelejo, SUC",21,,220,ductos varios,6,1,7,1,5
gas_interrupted_11,2023-11-27,2,,CE4014,true,false,JOBO,"Sahagún, COR",Tarde,59,true,,MAM,"Cartagena, BOL",54,,397,Regional Sabanas,4,2,6,11,21
gas_interrupted_11,2023-11-28,3,Surtigas,CE8940,true,false,JOBO,"Sahagún, COR",Noche,19,true,,MTR,"Montería, COR",31,,612,ductos varios,4,0,3,12,11
gas_interrupted_11,2023-11-29,4,Efigas,CE7849,true,true,JOBO,"Sahagún, COR",Noche,34,true,,SIN,"Sincelejo, SUC",62,,621,troncal norte,18,10,26,0,19
gas_interrupted_11,2023-11-30,5,Surtigas,CE1066,true,false,JOBO,"Sahagún, COR",Mañana,42,true,,SIN,"Sincelejo, SUC",104,,221,Regional Sabanas,31,27,0,9,13
gas_interrupted_12,2023-12-01,6,Efigas,CE3582,true,true,JOBO,"Sahagún, COR",Madrugada,42,true,,RIO,"Riohacha, LAG",23,,183,ductos varios,8,12,3,7,0
gas_interrupted_12,2023-12-02,7,Efigas,CE6680,true,false,JOBO,"Sahagún, COR",Madrugada,64,true,,CTG,"Cartagena, BOL",78,,452,Troncal principal,25,3,2,18,8
gas_interrupted_12,2023-12-03,1,Surtigas,CE1820,true,false,JOBO,"Sahagún, COR",Noche,47,true,,SIN,"Sincelejo, SUC",40,,529,RAMAL urbano,13,17,0,4,1
gas_interrupted_12,2023-12-04,2,Efigas,CE9944,true,false,JOBO,"Sahagún, COR",Mañana,-12,false,,MTR,"Montería, COR",57,,239,troncal norte,28,18,2,25,5
gas_interrupted_12,2023-12-05,3,Efigas,CE0207,false,false,BALLE,"Manaure, LAG",Noche,0,false,,BAQ,"Barranquilla, ATL",47,,400,regional sur,17,4,1,3,13
gas_interrupted_12,2023-12-06,4,Efigas,CE3820,true,false,BALLE,"Manaure, LAG",Noche,28,true,,RIO,"Riohacha, LAG",81,,381,ductos varios,26,20,4,28,10
gas_interrupted_12,2023-12-07,5,Efigas,CE2559,true,true,BALLE,"Manaure, LAG",Madrugada,61,true,,MAM,"Cartagena, BOL",30,,456,troncal norte,1,2,7,14,12
gas_interrupted_12,2023-12-08,6,Gasnacer,CE0128,true,false,JOBO,"Sahagún, COR",Tarde,1,true,,,"Santa Marta, MAG",12,,637,RAMAL urbano,3,9,0,0,0
gas_interrupted_12,2023-12-09,7,,CE4848,false,false,JOBO,"Sahagún, COR",Madrugada,24,true,,BAQ,"Barranquilla, ATL",73,,113,ductos varios,24,10,23,12,18
gas_interrupted_12,2023-12-10,1,Gases de la Guajira,CE4295,true,false,JOBO,"Sahagún, COR",Tarde,-13,false,,MAM,"Cartagena, BOL",74,,560,Ramal industrial,3,6,18,32,9
gas_interrupted_12,2023-12-11,2,Efigas,CE1121,false,false,JOBO,"Sahagún, COR",Noche,-13,false,,STM,"Santa Marta, MAG",58,,181,troncal norte,0,4,31,8,10
gas_interrupted_12,2023-12-12,3,Gases del Caribe,CE4548,true,true,BALLE,"Manaure, LAG",Tarde,57,true,,CTG,"Cartagena, BOL",17,,376,regional sur,1,0,13,7,0
gas_interrupted_12,2023-12-13,4,Surtigas,CE2375,true,false,JOBO,"Sahagún, COR",Mañana,60,true,,MTR,"Montería, COR",35,,615,troncal norte,1,32,15,1,0
gas_interrupted_12,2023-12-14,5,Gases de la Guajira,CE7792,false,false,JOBO,"Sahagún, COR",Noche,40,true,,STM,"Santa Marta, MAG",53,,161,regional sur,8,0,3,13,18
gas_interrupted_12,2023-12-15,6,Efigas,CE8236,true,false,JOBO,"Sahagún, COR",Noche,3,true,,SIN,"Sincelejo, SUC",53,,462,troncal norte,2,3,0,7,30
gas_interrupted_12,2023-12-16,7,Gases de la Guajira,CE1669,true,true,JOBO,"Sahagún, COR",Noche,26,true,,STM,"Santa Marta, MAG",89,,371,RAMAL urbano,13,10,15,2,26
gas_interrupted_12,2023-12-17,1,Surtigas,CE3852,true,true,BALLE,"Manaure, LAG",Mañana,56,true,,MTR,"Montería, COR",51,,615,RAMAL urbano,1,14,13,8,2
gas_interrupted_12,2023-12-18,2,Surtigas,CE2585,false,true,BALLE,"Manaure, LAG",Mañana,44,true,,MAM,"Cartagena, BOL",66,,548,ductos varios,9,14,12,1,15
gas_interrupted_12,2023-12-19,3,Gases del Caribe,CE4570,true,true,BALLE,"Manaure, LAG",Tarde,26,true,,RIO,"Riohacha, LAG",63,,604,Troncal principal,9,15,0,26,3
gas_interrupted_12,2023-12-20,4,Gasnacer,CE3251,true,false,JOBO,"Sahagún, COR",Tarde,-1,false,,RIO,"Riohacha, LAG",24,,404,Ramal industrial,2,13,0,1,12
gas_interrupted_12,2023-12-21,5,Gasnacer,CE8217,true,false,JOBO,"Sahagún, COR",Mañana,-10,false,,MTR,"Montería, COR",36,,537,ductos varios,2,4,11,5,14
gas_interrupted_12,2023-12-22,6,Gasnacer,CE3005,true,true,BALLE,"Manaure, LAG",Madrugada,18,true,,MAM,"Cartagena, BOL",11,,489,troncal norte,3,1,0,1,6
gas_interrupted_12,2023-12-23,7,Efigas,CE0177,true,false,BALLE,"Manaure, LAG",Tarde,36,true,,RIO,"Riohacha, LAG",43,,497,regional sur,6,21,4,1,16
gas_interrupted_12,2023-12-24,1,Efigas,CE3019,true,false,BALLE,"Manaure, LAG",Noche,10,true,,BAQ,"Barranquilla, ATL",71,,132,regional sur,8,31,6,2,4
gas_interrupted_12,2023-12-25,2,Gasnacer,CE2728,true,false,BALLE,"Manaure, LAG",Tarde,35,true,,CTG,"Cartagena, BOL",64,,325,Regional Sabanas,9,14,8,12,17
gas_interrupted_12,2023-12-26,3,Efigas,CE4857,true,false,JOBO,"Sahagún, COR",Tarde,16,true,,STM,"Santa Marta, MAG",24,,279,Troncal principal,9,0,0,9,0
gas_interrupted_12,2023-12-27,4,Efigas,CE3332,true,false,BALLE,"Manaure, LAG",Mañana,19,true,,BAQ,"Barranquilla, ATL",89,,511,Regional Sabanas,27,0,11,20,13
gas_interrupted_12,2023-12-28,5,Gasnacer,CE4009,false,false,BALLE,"Manaure, LAG",Madrugada,58,true,,BAQ,"Barranquilla, ATL",58,,110,Regional Sabanas,4,2,2,12,20
gas_interrupted_12,2023-12-29,6,Efigas,CE2947,true,true,JOBO,"Sahagún, COR",Madrugada,64,true,,BAQ,"Barranquilla, ATL",44,,620,RAMAL urbano,22,6,2,14,0
gas_interrupted_12,2023-12-30,7,Gases del Caribe,CE3529,true,true,BALLE,"Manaure, LAG",Madrugada,-6,false,,SIN,"Sincelejo, SUC",49,,127,RAMAL urbano,7,9,8,24,15
gas_interrupted_12,2023-12-31,1,Efigas,CE8297,true,false,JOBO,"Sahagún, COR",Tarde,30,true,,CTG,"Cartagena, BOL",26,,390,regional sur,2,18,0,5,6
gas_interrupted_1,2023-01-01,1,Surtigas,CE9446,false,false,BALLE,"Manaure, LAG",Noche,57,true,,MTR,"Montería, COR",59,,306,Troncal principal,11,12,1,27,4
gas_interrupted_1,2023-01-02,2,Efigas,CE2014,true,false,JOBO,"Sahagún, COR",Mañana,36,true,,MTR,"Montería, COR",85,,412,RAMAL urbano,16,25,1,17,0
gas_interrupted_1,2023-01-03,3,,CE7495,false,true,JOBO,"Sahagún, COR",Tarde,42,true,,VDP,"Valledupar, CES",18,,119,Ramal industrial,5,1,3,1,12
gas_interrupted_1,2023-01-04,4,Gases de la Guajira,CE8770,true,false,JOBO,"Sahagún, COR",Madrugada,13,true,,CTG,"Cartagena, BOL",18,,432,RAMAL urbano,0,2,4,0,13
gas_interrupted_1,2023-01-05,5,Efigas,CE8671,true,false,JOBO,"Sahagún, COR",Tarde,-14,false,,SIN,"Sincelejo, SUC",71,,621,Ramal industrial,20,20,5,2,9
gas_interrupted_1,2023-01-06,6,Gases del Caribe,CE4105,true,false,JOBO,"Sahagún, COR",Noche,-12,false,,CTG,"Cartagena, BOL",23,,611,Regional Sabanas,3,0,0,13,7
gas_interrupted_1,2023-01-07,7,Gases del Caribe,CE6374,true,false,BALLE,"Manaure, LAG",Madrugada,-4,false,,VDP,"Valledupar, CES",99,,419,Regional Sabanas,14,26,14,18,1
gas_interrupted_1,2023-01-08,1,Surtigas,CE4698,true,false,JOBO,"Sahagún, COR",Noche,27,true,,RIO,"Riohacha, LAG",16,,205,ductos varios,0,14,1,0,7
gas_interrupted_1,2023-01-09,2,Gasnacer,CE9286,true,false,BALLE,"Manaure, LAG",Mañana,-15,false,,STM,"Santa Marta, MAG",31,,600,regional sur,0,0,19,0,6
gas_interrupted_1,2023-01-10,3,Gasnacer,CE6120,true,false,JOBO,"Sahagún, COR",Tarde,-12,false,,RIO,"Riohacha, LAG",35,,522,Troncal principal,2,7,10,21,0
gas_interrupted_1,2023-01-11,4,Gases del Caribe,CE5822,true,true,JOBO,"Sahagún, COR",Mañana,-14,false,,VDP,"Valledupar, CES",82,,419,troncal norte,0,6,0,21,31
gas_interrupted_1,2023-01-12,5,Gases del Caribe,CE4463,true,false,BALLE,"Manaure, LAG",Madrugada,15,true,,MTR,"Montería, COR",91,,384,ductos varios,8,28,4,0,21
gas_interrupted_1,2023-01-13,6,Efigas,CE5770,true,false,JOBO,"Sahagún, COR",Noche,64,true,,BAQ,"Barranquilla, ATL",84,,546,Regional Sabanas,5,22,14,25,24
gas_interrupted_1,2023-01-14,7,Gases del Caribe,CE8134,false,false,JOBO,"Sahagún, COR",Noche,33,true,,VDP,"Valledupar, CES",48,,273,Ramal industrial,3,2,7,27,6
gas_interrupted_1,2023-01-15,1,Gases del Caribe,CE3393,true,true,JOBO,"Sahagún, COR",Mañana,43,true,,SIN,"Sincelejo, SUC",73,,214,regional sur,15,8,4,15,16
gas_interrupted_1,2023-01-16,2,Gases de la Guajira,CE0045,true,true,BALLE,"Manaure, LAG",Madrugada,-6,false,,SIN,"Sincelejo, SUC",29,,571,regional sur,11,0,9,0,8
gas_interrupted_1,2023-01-17,3,Gasnacer,CE1151,true,false,JOBO,"Sahagún, COR",Tarde,29,true,,SIN,"Sincelejo, SUC",70,,121,Ramal industrial,22,4,11,4,7
gas_interrupted_1,2023-01-18,4,Efigas,CE0510,true,false,JOBO,"Sahagún, COR",Tarde,47,true,,RIO,"Riohacha, LAG",52,,640,Regional Sabanas,16,20,13,10,5
gas_interrupted_1,2023-01-19,5,Surtigas,CE8504,true,false,BALLE,"Manaure, LAG",Mañana,-10,false,,RIO,"Riohacha, LAG",9,,418,Ramal industrial,0,0,9,0,0
gas_interrupted_1,2023-01-20,6,Gases de la Guajira,CE0004,false,true,BALLE,"Manaure, LAG",Mañana,34,true,,BAQ,"Barranquilla, ATL",28,,148,Ramal industrial,7,1,5,2,6
gas_interrupted_1,2023-01-21,7,Surtigas,CE2636,false,false,BALLE,"Manaure, LAG",Noche,-15,false,,STM,"Santa Marta, MAG",36,,351,regional sur,10,0,4,21,4
gas_interrupted_1,2023-01-22,1,Gases de la Guajira,CE0477,true,false,BALLE,"Manaure, LAG",Noche,21,true,,STM,"Santa Marta, MAG",32,,132,RAMAL urbano,13,2,6,21,3
gas_interrupted_1,2023-01-23,2,Gasnacer,CE0678,true,false,JOBO,"Sahagún, COR",Madrugada,30,true,,MAM,"Cartagena, BOL",35,,143,Regional Sabanas,2,14,18,2,3
gas_interrupted_1,2023-01-24,3,Gases del Caribe,CE5751,true,true,JOBO,"Sahagún, COR",Madrugada,-9,false,,RIO,"Riohacha, LAG",50,,322,Regional Sabanas,0,8,19,10,2
gas_interrupted_1,2023-01-25,4,Efigas,CE6737,true,false,BALLE,"Manaure, LAG",Madrugada,20,true,,SIN,"Sincelejo, SUC",25,,653,RAMAL urbano,5,9,1,19,0
gas_interrupted_1,2023-01-26,5,Efigas,CE9622,true,false,JOBO,"Sahagún, COR",Madrugada,49,true,,MTR,"Montería, COR",15,,580,RAMAL urbano,0,5,3,1,5
gas_interrupted_1,2023-01-27,6,Gases de la Guajira,CE8806,true,false,JOBO,"Sahagún, COR",Madrugada,9,true,,MTR,"Montería, COR",61,,511,troncal norte,9,25,5,25,6
gas_interrupted_1,2023-01-28,7,Gases del Caribe,CE0789,true,true,BALLE,"Manaure, LAG",Tarde,50,true,,RIO,"Riohacha, LAG",33,,640,Ramal industrial,11,10,2,3,11
gas_interrupted_1,2023-01-29,1,Efigas,CE4987,false,true,JOBO,"Sahagún, COR",Noche,33,true,,RIO,"Riohacha, LAG",96,,537,Regional Sabanas,12,5,31,7,24
gas_interrupted_1,2023-01-30,2,Efigas,CE7913,true,false,JOBO,"Sahagún, COR",Noche,-12,false,,STM,"Santa Marta, MAG",39,,280,ductos varios,14,18,0,11,1
gas_interrupted_1,2023-01-31,3,Gases de la Guajira,CE6618,true,false,BALLE,"Manaure, LAG",Noche,-2,false,,MAM,"Cartagena, BOL",11,,531,ductos varios,6,0,0,2,1
gas_interrupted_2,2023-02-01,4,Surtigas,CE6224,true,false,JOBO,"Sahagún, COR",Madrugada,58,true,,RIO,"Riohacha, LAG",76,,133,Ramal industrial,10,4,30,22,2
gas_interrupted_2,2023-02-02,5,Efigas,CE8259,true,false,BALLE,"Manaure, LAG",Mañana,61,true,,VDP,"Valledupar, CES",129,,249,Regional Sabanas,19,19,15,36,4
gas_interrupted_2,2023-02-03,6,Surtigas,CE4628,false,false,BALLE,"Manaure, LAG",Mañana,24,true,,VDP,"Valledupar, CES",63,,504,Troncal principal,2,35,12,4,0
gas_interrupted_2,2023-02-04,7,Gases de la Guajira,CE1408,true,false,JOBO,"Sahagún, COR",Tarde,43,true,,SIN,"Sincelejo, SUC",26,,490,Regional Sabanas,15,2,2,6,4
gas_interrupted_2,2023-02-05,1,Gasnacer,CE7773,true,true,BALLE,"Manaure, LAG",Mañana,5,true,,CTG,"Cartagena, BOL",51,,290,Troncal principal,9,3,11,4,19
gas_interrupted_2,2023-02-06,2,Surtigas,CE8240,true,true,BALLE,"Manaure, LAG",Madrugada,15,true,,VDP,"Valledupar, CES",20,,81,Ramal industrial,7,4,3,4,1
gas_interrupted_2,2023-02-07,3,Gases de la Guajira,CE0727,true,false,JOBO,"Sahagún, COR",Madrugada,63,true,,RIO,"Riohacha, LAG",61,,584,troncal norte,13,28,6,2,11
gas_interrupted_2,2023-02-08,4,Efigas,CE3050,true,true,BALLE,"Manaure, LAG",Noche,32,true,,STM,"Santa Marta, MAG",36,,206,Troncal principal,4,0,4,13,9
gas_interrupted_2,2023-02-09,5,Gases de la Guajira,CE7158,false,false,BALLE,"Manaure, LAG",Madrugada,50,true,,RIO,"Riohacha, LAG",23,,557,Troncal principal,10,7,5,1,4
gas_interrupted_2,2023-02-10,6,Gases del Caribe,CE2082,false,false,JOBO,"Sahagún, COR",Noche,9,true,,SIN,"Sincelejo, SUC",17,,548,RAMAL urbano,8,13,0,2,0
gas_interrupted_2,2023-02-11,7,Surtigas,CE2537,true,false,BALLE,"Manaure, LAG",Noche,51,true,,BAQ,"Barranquilla, ATL",99,,491,ductos varios,1,25,21,5,23
gas_interrupted_2,2023-02-12,1,Gasnacer,CE6787,true,true,BALLE,"Manaure, LAG",Mañana,61,true,,STM,"Santa Marta, MAG",44,,586,Ramal industrial,13,0,7,2,13
gas_interrupted_2,2023-02-13,2,Gasnacer,CE1053,false,false,BALLE,"Manaure, LAG",Madrugada,-12,false,,VDP,"Valledupar, CES",18,,197,Troncal principal,3,7,0,3,5
gas_interrupted_2,2023-02-14,3,Efigas,CE6490,true,false,BALLE,"Manaure, LAG",Madrugada,3,true,,MAM,"Cartagena, BOL",36,,625,RAMAL urbano,6,10,0,1,9
gas_interrupted_2,2023-02-15,4,Gasnacer,CE8916,false,true,BALLE,"Manaure, LAG",Madrugada,11,true,,MAM,"Cartagena, BOL",70,,174,Regional Sabanas,1,10,0,36,9
gas_interrupted_2,2023-02-16,5,Surtigas,CE9220,true,true,JOBO,"Sahagún, COR",Madrugada,-14,false,,STM,"Santa Marta, MAG",10,,384,troncal norte,2,5,1,0,1
gas_interrupted_2,2023-02-17,6,Efigas,CE3096,true,false,BALLE,"Manaure, LAG",Mañana,-13,false,,RIO,"Riohacha, LAG",117,,101,Troncal principal,23,2,33,18,2
gas_interrupted_2,2023-02-18,7,Gases del Caribe,CE5631,true,false,JOBO,"Sahagún, COR",Mañana,51,true,,STM,"Santa Marta, MAG",40,,460,Ramal industrial,0,0,6,23,9
gas_interrupted_2,2023-02-19,1,Gasnacer,CE7705,true,true,BALLE,"Manaure, LAG",Madrugada,21,true,,RIO,"Riohacha, LAG",63,,621,Regional Sabanas,30,7,3,2,17
gas_interrupted_2,2023-02-20,2,Efigas,CE8079,false,true,BALLE,"Manaure, LAG",Tarde,-3,false,,BAQ,"Barranquilla, ATL",62,,112,Troncal principal,0,19,12,8,4
gas_interrupted_2,2023-02-21,3,Surtigas,CE3874,false,false,BALLE,"Manaure, LAG",Mañana,46,true,,VDP,"Valledupar, CES",28,,66,Ramal industrial,12,5,5,0,9
gas_interrupted_2,2023-02-22,4,Gasnacer,CE1073,false,false,BALLE,"Manaure, LAG",Noche,-8,false,,STM,"Santa Marta, MAG",81,,483,Ramal industrial,23,1,26,18,1
gas_interrupted_2,2023-02-23,5,Gases de la Guajira,CE2720,false,false,BALLE,"Manaure, LAG",Noche,45,true,,BAQ,"Barranquilla, ATL",28,,321,Ramal industrial,10,6,4,0,4
gas_interrupted_2,2023-02-24,6,Efigas,CE0159,true,false,BALLE,"Manaure, LAG",Noche,59,true,,BAQ,"Barranquilla, ATL",57,,106,troncal norte,19,2,0,17,2
gas_interrupted_2,2023-02-25,7,Gases del Caribe,CE4506,true,true,JOBO,"Sahagún, COR",Madrugada,-15,false,,MAM,"Cartagena, BOL",67,,242,Ramal industrial,1,17,6,26,32
gas_interrupted_2,2023-02-26,1,Gases del Caribe,CE1002,true,false,JOBO,"Sahagún, COR",Madrugada,42,true,,STM,"Santa Marta, MAG",24,,62,Troncal principal,25,2,2,1,3
gas_interrupted_2,2023-02-27,2,Surtigas,CE7799,false,false,JOBO,"Sahagún, COR",Madrugada,49,true,,BAQ,"Barranquilla, ATL",45,,242,RAMAL urbano,14,28,14,5,0
gas_interrupted_2,2023-02-28,3,Efigas,CE5220,true,false,BALLE,"Manaure, LAG",Madrugada,20,true,,CTG,"Cartagena, BOL",29,,230,regional sur,0,6,12,0,11
gas_interrupted_3,2023-03-01,4,Gases de la Guajira,CE6422,true,false,BALLE,"Manaure, LAG",Mañana,18,true,,RIO,"Riohacha, LAG",49,,166,troncal norte,1,34,0,10,11
gas_interrupted_3,2023-03-02,5,Gases de la Guajira,CE2086,true,false,JOBO,"Sahagún, COR",Tarde,62,true,,MTR,"Montería, COR",49,,170,troncal norte,8,4,18,2,9
gas_interrupted_3,2023-03-03,6,Efigas,CE7823,true,true,BALLE,"Manaure, LAG",Tarde,-9,false,,CTG,"Cartagena, BOL",81,,401,regional sur,13,13,23,7,0
gas_interrupted_3,2023-03-04,7,Efigas,CE2388,false,false,BALLE,"Manaure, LAG",Madrugada,10,true,,VDP,"Valledupar, CES",24,,270,troncal norte,0,3,4,8,4
gas_interrupted_3,2023-03-05,1,Gases del Caribe,CE4895,true,true,JOBO,"Sahagún, COR",Mañana,42,true,,STM,"Santa Marta, MAG",53,,639,Troncal principal,16,35,0,0,1
gas_interrupted_3,2023-03-06,2,Gases de la Guajira,CE0506,true,false,JOBO,"Sahagún, COR",Noche,52,true,,VDP,"Valledupar, CES",62,,232,RAMAL urbano,3,10,19,11,5
gas_interrupted_3,2023-03-07,3,Gasnacer,CE5263,false,false,BALLE,"Manaure, LAG",Tarde,37,true,,RIO,"Riohacha, LAG",21,,315,Ramal industrial,2,0,1,6,5
gas_interrupted_3,2023-03-08,4,Gases del Caribe,CE5265,true,false,BALLE,"Manaure, LAG",Noche,43,true,,SIN,"Sincelejo, SUC",34,,70,troncal norte,0,2,11,1,9
gas_interrupted_3,2023-03-09,5,Gases de la Guajira,CE5677,false,false,JOBO,"Sahagún, COR",Madrugada,48,true,,STM,"Santa Marta, MAG",25,,157,regional sur,0,11,19,0,1
gas_interrupted_3,2023-03-10,6,Gases de la Guajira,CE7985,true,false,JOBO,"Sahagún, COR",Madrugada,31,true,,BAQ,"Barranquilla, ATL",20,,565,RAMAL urbano,6,6,0,4,6
gas_interrupted_3,2023-03-11,7,Surtigas,CE9416,false,false,BALLE,"Manaure, LAG",Tarde,29,true,,BAQ,"Barranquilla, ATL",41,,538,Ramal industrial,7,13,12,1,0
gas_interrupted_3,2023-03-12,1,Efigas,CE6277,true,false,BALLE,"Manaure, LAG",Madrugada,-10,false,,STM,"Santa Marta, MAG",100,,477,Regional Sabanas,9,26,4,20,31
gas_interrupted_3,2023-03-13,2,Gasnacer,CE1247,true,false,JOBO,"Sahagún, COR",Tarde,59,true,,MAM,"Cartagena, BOL",48,,396,regional sur,9,1,13,2,22
gas_interrupted_3,2023-03-14,3,Gases de la Guajira,CE7206,true,false,JOBO,"Sahagún, COR",Mañana,7,true,,SIN,"Sincelejo, SUC",48,,403,Ramal industrial,6,15,10,23,0
gas_interrupted_3,2023-03-15,4,Efigas,CE3203,false,true,BALLE,"Manaure, LAG",Tarde,51,true,,STM,"Santa Marta, MAG",40,,443,Troncal principal,11,3,12,7,19
gas_interrupted_3,2023-03-16,5,Surtigas,CE8457,true,true,JOBO,"Sahagún, COR",Tarde,38,true,,RIO,"Riohacha, LAG",74,,617,Regional Sabanas,0,28,6,12,7
gas_interrupted_3,2023-03-17,6,Gasnacer,CE0485,true,false,JOBO,"Sahagún, COR",Noche,-10,false,,CTG,"Cartagena, BOL",42,,67,ductos varios,13,9,4,15,1
gas_interrupted_3,2023-03-18,7,Gases de la Guajira,CE2584,true,false,JOBO,"Sahagún, COR",Noche,40,true,,SIN,"Sincelejo, SUC",30,,248,RAMAL urbano,6,21,11,0,3
gas_interrupted_3,2023-03-19,1,Surtigas,CE0671,false,false,JOBO,"Sahagún, COR",Noche,40,true,,RIO,"Riohacha, LAG",56,,260,ductos varios,16,0,2,16,11
gas_interrupted_3,2023-03-20,2,Gasnacer,CE7919,true,true,BALLE,"Manaure, LAG",Tarde,12,true,,VDP,"Valledupar, CES",54,,490,troncal norte,7,9,6,31,9
gas_interrupted_3,2023-03-21,3,Gasnacer,CE3636,false,false,JOBO,"Sahagún, COR",Tarde,44,true,,STM,"Santa Marta, MAG",93,,107,ductos varios,25,30,2,6,6
gas_interrupted_3,2023-03-22,4,Efigas,CE1,true,false,BALLE,"Manaure, LAG",Tarde,3,true,,RIO,"Riohacha, LAG",24,,96,Ramal industrial,4,0,1,13,3
gas_interrupted_3,2023-03-23,5,Efigas,CE5309,true,false,BALLE,"Manaure, LAG",Tarde,64,true,,BAQ,"Barranquilla, ATL",64,,132,regional sur,19,11,11,16,11
gas_interrupted_3,2023-03-24,6,Gasnacer,CE1475,false,false,BALLE,"Manaure, LAG",Noche,52,true,,VDP,"Valledupar, CES",67,,223,troncal norte,1,11,29,1,4
gas_interrupted_3,2023-03-25,7,Gases de la Guajira,CE8542,true,true,JOBO,"Sahagún, COR",Madrugada,44,true,,CTG,"Cartagena, BOL",114,,273,Ramal industrial,14,15,5,28,25
gas_interrupted_3,2023-03-26,1,Gases del Caribe,CE8665,true,false,JOBO,"Sahagún, COR",Mañana,34,true,,,"Cartagena, BOL",72,,457,troncal norte,16,16,20,9,0
gas_interrupted_3,2023-03-27,2,Gasnacer,CE9215,true,true,BALLE,"Manaure, LAG",Madrugada,49,true,,STM,"Santa Marta, MAG",62,,338,regional sur,25,20,1,14,13
gas_interrupted_3,2023-03-28,3,Efigas,CE6877,true,true,JOBO,"Sahagún, COR",Mañana,38,true,,BAQ,"Barranquilla, ATL",36,,591,Ramal industrial,13,10,2,10,1
gas_interrupted_3,2023-03-29,4,Efigas,CE0990,true,false,JOBO,"Sahagún, COR",Tarde,-11,false,,STM,"Santa Marta, MAG",60,,438,regional sur,1,29,8,5,2
gas_interrupted_3,2023-03-30,5,Surtigas,CE3041,false,false,JOBO,"Sahagún, COR",Mañana,-1,false,,SIN,"Sincelejo, SUC",25,,539,troncal norte,4,6,2,7,0
gas_interrupted_3,2023-03-31,6,Gasnacer,CE5317,true,false,BALLE,"Manaure, LAG",Madrugada,63,true,,BAQ,"Barranquilla, ATL",45,,217,regional sur,4,13,4,12,0
gas_interrupted_4,2023-04-01,7,Gases del Caribe,CE8410,false,false,JOBO,"Sahagún, COR",Tarde,57,true,,MTR,"Montería, COR",9,,387,regional sur,1,5,2,1,1
gas_interrupted_4,2023-04-02,1,Gases de la Guajira,CE0469,false,true,JOBO,"Sahagún, COR",Madrugada,21,true,,VDP,"Valledupar, CES",131,,96,ductos varios,12,32,17,7,32
gas_interrupted_4,2023-04-03,2,Gases de la Guajira,CE3066,false,true,BALLE,"Manaure, LAG",Madrugada,35,true,,BAQ,"Barranquilla, ATL",44,,251,Troncal principal,0,5,11,7,17
gas_interrupted_4,2023-04-04,3,Gases del Caribe,CE2546,false,false,BALLE,"Manaure, LAG",Mañana,3,true,,VDP,"Valledupar, CES",45,,177,ductos varios,5,10,17,0,0
gas_interrupted_4,2023-04-05,4,Surtigas,CE2411,true,false,JOBO,"Sahagún, COR",Noche,47,true,,VDP,"Valledupar, CES",48,,177,ductos varios,33,3,8,1,1
gas_interrupted_4,2023-04-06,5,Gasnacer,CE9443,true,false,BALLE,"Manaure, LAG",Mañana,53,true,,SIN,"Sincelejo, SUC",36,,272,Regional Sabanas,29,0,0,0,18
gas_interrupted_4,2023-04-07,6,Efigas,CE5554,true,false,BALLE,"Manaure, LAG",Madrugada,59,true,,RIO,"Riohacha, LAG",39,,187,Regional Sabanas,1,7,8,9,6
gas_interrupted_4,2023-04-08,7,Gasnacer,CE3664,true,false,JOBO,"Sahagún, COR",Tarde,40,true,,CTG,"Cartagena, BOL",23,,426,Troncal principal,18,7,0,1,3
gas_interrupted_4,2023-04-09,1,Gases del Caribe,CE3299,true,false,JOBO,"Sahagún, COR",Tarde,29,true,,BAQ,"Barranquilla, ATL",40,,383,troncal norte,12,24,0,1,17
gas_interrupted_4,2023-04-10,2,Gasnacer,CE8249,true,false,JOBO,"Sahagún, COR",Mañana,-10,false,,MTR,"Montería, COR",86,,110,Troncal principal,28,4,13,2,20
gas_interrupted_4,2023-04-11,3,Gasnacer,CE9685,true,false,BALLE,"Manaure, LAG",Mañana,25,true,,SIN,"Sincelejo, SUC",68,,375,Troncal principal,3,11,9,17,6
gas_interrupted_4,2023-04-12,4,Efigas,CE0371,true,false,BALLE,"Manaure, LAG",Mañana,45,true,,MTR,"Montería, COR",79,,79,troncal norte,10,5,34,7,13
gas_interrupted_4,2023-04-13,5,Gasnacer,CE0723,true,true,JOBO,"Sahagún, COR",Noche,10,true,,VDP,"Valledupar, CES",60,,240,Regional Sabanas,4,1,16,32,14
gas_interrupted_4,2023-04-14,6,Gases de la Guajira,CE8852,false,true,BALLE,"Manaure, LAG",Tarde,32,true,,BAQ,"Barranquilla, ATL",30,,231,ductos varios,4,0,15,6,3
gas_interrupted_4,2023-04-15,7,Gasnacer,CE4625,false,false,BALLE,"Manaure, LAG",Noche,-5,false,,SIN,"Sincelejo, SUC",73,,235,ductos varios,0,18,25,15,25
gas_interrupted_4,2023-04-16,1,Efigas,CE0209,true,false,JOBO,"Sahagún, COR",Noche,7,true,,RIO,"Riohacha, LAG",58,,444,regional sur,18,8,9,8,0
gas_interrupted_4,2023-04-17,2,Gases del Caribe,CE2097,true,false,BALLE,"Manaure, LAG",Tarde,43,true,,MAM,"Cartagena, BOL",53,,656,RAMAL urbano,16,14,4,10,18
gas_interrupted_4,2023-04-18,3,Gases del Caribe,CE2441,true,false,JOBO,"Sahagún, COR",Madrugada,49,true,,MAM,"Cartagena, BOL",91,,235,Troncal principal,1,29,7,22,3
gas_interrupted_4,2023-04-19,4,Gasnacer,CE2489,false,false,JOBO,"Sahagún, COR",Madrugada,-6,false,,VDP,"Valledupar, CES",50,,400,Regional Sabanas,18,13,1,27,6
gas_interrupted_4,2023-04-20,5,Gases de la Guajira,CE8940,true,false,JOBO,"Sahagún, COR",Mañana,-12,false,,SIN,"Sincelejo, SUC",79,,499,troncal norte,21,16,13,10,0
gas_interrupted_4,2023-04-21,6,Gases de la Guajira,CE7260,true,false,JOBO,"Sahagún, COR",Mañana,62,true,,MTR,"Montería, COR",31,,89,Regional Sabanas,0,11,2,14,0
gas_interrupted_4,2023-04-22,7,Gasnacer,CE6734,true,false,JOBO,"Sahagún, COR",Noche,-11,false,,VDP,"Valledupar, CES",49,,217,ductos varios,10,8,22,20,7
gas_interrupted_4,2023-04-23,1,Efigas,CE4512,true,false,BALLE,"Manaure, LAG",Mañana,32,true,,BAQ,"Barranquilla, ATL",59,,457,Regional Sabanas,9,15,9,0,9
gas_interrupted_4,2023-04-24,2,Efigas,CE4446,true,true,JOBO,"Sahagún, COR",Madrugada,2,true,,RIO,"Riohacha, LAG",30,,319,troncal norte,7,7,4,1,13
gas_interrupted_4,2023-04-25,3,Gases del Caribe,CE4274,true,false,BALLE,"Manaure, LAG",Madrugada,58,true,,SIN,"Sincelejo, SUC",54,,628,regional sur,7,15,0,25,0
gas_interrupted_4,2023-04-26,4,Gases de la Guajira,CE9209,true,false,JOBO,"Sahagún, COR",Noche,64,true,,BAQ,"Barranquilla, ATL",65,,480,Ramal industrial,30,11,3,26,0
gas_interrupted_4,2023-04-27,5,Surtigas,CE2043,true,false,BALLE,"Manaure, LAG",Tarde,55,true,,STM,"Santa Marta, MAG",47,,267,Troncal principal,10,11,4,13,9
gas_interrupted_4,2023-04-28,6,Gases de la Guajira,CE1944,false,false,BALLE,"Manaure, LAG",Madrugada,22,true,,VDP,"Valledupar, CES",81,,116,Ramal industrial,10,30,19,0,2
gas_interrupted_4,2023-04-29,7,Efigas,CE7833,false,false,BALLE,"Manaure, LAG",Tarde,33,true,,RIO,"Riohacha, LAG",76,,288,Troncal principal,0,0,3,24,36
gas_interrupted_4,2023-04-30,1,Gases de la Guajira,CE3491,true,true,BALLE,"Manaure, LAG",Mañana,42,true,,RIO,"Riohacha, LAG",43,,620,Regional Sabanas,2,16,7,0,12
gas_interrupted_5,2023-05-01,2,Surtigas,CE1583,true,false,JOBO,"Sahagún, COR",Tarde,14,true,,VDP,"Valledupar, CES",31,,207,ductos varios,2,15,2,16,7
gas_interrupted_5,2023-05-02,3,Surtigas,CE8604,true,false,JOBO,"Sahagún, COR",Noche,20,true,,CTG,"Cartagena, BOL",79,,508,Ramal industrial,1,14,28,8,23
gas_interrupted_5,2023-05-03,4,Gases del Caribe,CE2694,false,false,BALLE,"Manaure, LAG",Madrugada,18,true,,MAM,"Cartagena, BOL",86,,444,Regional Sabanas,1,7,10,22,18
gas_interrupted_5,2023-05-04,5,Gases de la Guajira,CE9881,true,false,JOBO,"Sahagún, COR",Tarde,24,true,,VDP,"Valledupar, CES",77,,275,regional sur,8,10,4,20,10
gas_interrupted_5,2023-05-05,6,Surtigas,CE3211,false,false,JOBO,"Sahagún, COR",Madrugada,37,true,,SIN,"Sincelejo, SUC",52,,249,Troncal principal,0,14,9,14,13
gas_interrupted_5,2023-05-06,7,Gasnacer,CE7479,true,true,JOBO,"Sahagún, COR",Noche,31,true,,VDP,"Valledupar, CES",44,,65,ductos varios,5,2,0,10,19
gas_interrupted_5,2023-05-07,1,Surtigas,CE1640,false,false,BALLE,"Manaure, LAG",Tarde,11,true,,,"Montería, COR",26,,532,Ramal industrial,5,7,8,0,0
gas_interrupted_5,2023-05-08,2,Gases de la Guajira,CE4293,true,false,JOBO,"Sahagún, COR",Tarde,60,true,,VDP,"Valledupar, CES",29,,343,Ramal industrial,0,20,0,1,2
gas_interrupted_5,2023-05-09,3,Gasnacer,CE1293,true,true,BALLE,"Manaure, LAG",Madrugada,-13,false,,SIN,"Sincelejo, SUC",66,,413,RAMAL urbano,4,31,3,5,13
gas_interrupted_5,2023-05-10,4,Surtigas,CE4838,true,false,BALLE,"Manaure, LAG",Mañana,56,true,,VDP,"Valledupar, CES",53,,189,ductos varios,5,27,8,15,0
gas_interrupted_5,2023-05-11,5,Surtigas,CE5532,true,false,JOBO,"Sahagún, COR",Noche,37,true,,BAQ,"Barranquilla, ATL",40,,425,regional sur,12,0,3,10,5
gas_interrupted_5,2023-05-12,6,Surtigas,CE0714,true,true,JOBO,"Sahagún, COR",Tarde,48,true,,VDP,"Valledupar, CES",67,,117,Regional Sabanas,17,5,12,23,10
gas_interrupted_5,2023-05-13,7,Gasnacer,CE4195,true,false,JOBO,"Sahagún, COR",Mañana,21,true,,BAQ,"Barranquilla, ATL",11,,482,Regional Sabanas,0,2,2,3,7
gas_interrupted_5,2023-05-14,1,Efigas,CE6505,false,false,BALLE,"Manaure, LAG",Mañana,30,true,,VDP,"Valledupar, CES",103,,586,Ramal industrial,24,29,21,0,22
gas_interrupted_5,2023-05-15,2,Efigas,CE4239,true,false,JOBO,"Sahagún, COR",Noche,28,true,,MTR,"Montería, COR",61,,234,ductos varios,8,7,1,24,17
gas_interrupted_5,2023-05-16,3,Gasnacer,CE3447,true,false,BALLE,"Manaure, LAG",Tarde,6,true,,RIO,"Riohacha, LAG",41,,481,ductos varios,16,9,3,3,11
gas_interrupted_5,2023-05-17,4,Surtigas,CE2051,true,true,JOBO,"Sahagún, COR",Noche,25,true,,SIN,"Sincelejo, SUC",73,,375,Ramal industrial,17,3,2,34,0
gas_interrupted_5,2023-05-18,5,Surtigas,CE4990,true,false,JOBO,"Sahagún, COR",Noche,41,true,,CTG,"Cartagena, BOL",46,,128,regional sur,9,9,11,14,13
gas_interrupted_5,2023-05-19,6,Gases de la Guajira,CE9030,true,true,BALLE,"Manaure, LAG",Tarde,55,true,,CTG,"Cartagena, BOL",109,,617,Troncal principal,36,11,19,9,31
gas_interrupted_5,2023-05-20,7,Gases de la Guajira,CE4553,true,false,JOBO,"Sahagún, COR",Noche,30,true,,STM,"Santa Marta, MAG",132,,486,regional sur,2,31,28,11,25
gas_interrupted_5,2023-05-21,1,Gases del Caribe,CE1632,false,false,JOBO,"Sahagún, COR",Madrugada,52,true,,SIN,"Sincelejo, SUC",34,,416,troncal norte,7,0,3,3,27
gas_interrupted_5,2023-05-22,2,Gases del Caribe,CE6243,true,false,JOBO,"Sahagún, COR",Madrugada,-11,false,,STM,"Santa Marta, MAG",73,,560,Ramal industrial,25,18,25,6,1
gas_interrupted_5,2023-05-23,3,Efigas,CE7820,false,false,BALLE,"Manaure, LAG",Mañana,38,true,,CTG,"Cartagena, BOL",21,,585,Troncal principal,3,2,4,8,6
gas_interrupted_5,2023-05-24,4,Gasnacer,CE4825,false,true,BALLE,"Manaure, LAG",Tarde,55,true,,RIO,"Riohacha, LAG",29,,156,Regional Sabanas,11,6,0,3,2
gas_interrupted_5,2023-05-25,5,Efigas,CE9896,true,false,BALLE,"Manaure, LAG",Noche,19,true,,STM,"Santa Marta, MAG",47,,483,troncal norte,3,10,0,16,27
gas_interrupted_5,2023-05-26,6,Surtigas,CE2370,false,true,JOBO,"Sahagún, COR",Madrugada,-4,false,,CTG,"Cartagena, BOL",21,,467,Ramal industrial,3,1,7,9,5
gas_interrupted_5,2023-05-27,7,,CE2060,true,false,JOBO,"Sahagún, COR",Madrugada,19,true,,STM,"Santa Marta, MAG",52,,301,Troncal principal,7,29,6,7,0
gas_interrupted_5,2023-05-28,1,Surtigas,CE3897,true,true,BALLE,"Manaure, LAG",Noche,56,true,,MTR,"Montería, COR",82,,351,RAMAL urbano,0,24,30,2,20
gas_interrupted_5,2023-05-29,2,Gases del Caribe,CE3986,true,true,JOBO,"Sahagún, COR",Madrugada,38,true,,STM,"Santa Marta, MAG",26,,246,troncal norte,5,6,12,6,0
gas_interrupted_5,2023-05-30,3,Gasnacer,CE0007,true,false,JOBO,"Sahagún, COR",Tarde,-3,false,,VDP,"Valledupar, CES",34,,180,Regional Sabanas,12,11,16,1,2
gas_interrupted_5,2023-05-31,4,Efigas,CE5978,true,false,BALLE,"Manaure, LAG",Mañana,13,true,,MTR,"Montería, COR",45,,586,Regional Sabanas,12,3,15,0,0
gas_interrupted_6,2023-06-01,5,Gases de la Guajira,CE6021,true,false,BALLE,"Manaure, LAG",Mañana,64,true,,BAQ,"Barranquilla, ATL",71,,224,Troncal principal,31,5,14,7,4
gas_interrupted_6,2023-06-02,6,Gasnacer,CE2687,true,false,JOBO,"Sahagún, COR",Madrugada,63,true,,RIO,"Riohacha, LAG",46,,223,troncal norte,18,1,2,14,5
gas_interrupted_6,2023-06-03,7,Surtigas,CE3166,true,false,JOBO,"Sahagún, COR",Noche,60,true,,MAM,"Cartagena, BOL",81,,193,Regional Sabanas,4,3,20,15,25
gas_interrupted_6,2023-06-04,1,Surtigas,CE5318,true,true,BALLE,"Manaure, LAG",Mañana,14,true,,BAQ,"Barranquilla, ATL",35,,506,RAMAL urbano,3,13,3,4,18
gas_interrupted_6,2023-06-05,2,Gases del Caribe,CE1575,true,true,JOBO,"Sahagún, COR",Mañana,15,true,,SIN,"Sincelejo, SUC",84,,484,RAMAL urbano,11,4,32,29,13
gas_interrupted_6,2023-06-06,3,Efigas,CE2754,true,false,JOBO,"Sahagún, COR",Noche,-6,false,,BAQ,"Barranquilla, ATL",54,,526,ductos varios,1,20,14,12,5
gas_interrupted_6,2023-06-07,4,Surtigas,CE3950,true,true,JOBO,"Sahagún, COR",Madrugada,17,true,,CTG,"Cartagena, BOL",53,,126,ductos varios,0,33,2,16,15
gas_interrupted_6,2023-06-08,5,Efigas,CE3241,false,false,BALLE,"Manaure, LAG",Noche,22,true,,BAQ,"Barranquilla, ATL",72,,236,Regional Sabanas,18,9,13,18,20
gas_interrupted_6,2023-06-09,6,Gasnacer,CE9987,true,true,JOBO,"Sahagún, COR",Noche,-3,false,,BAQ,"Barranquilla, ATL",69,,464,ductos varios,15,3,21,5,3
gas_interrupted_6,2023-06-10,null,Efigas,CE0730,true,false,JOBO,"Sahagún, COR",Madrugada,27,true,,MAM,"Cartagena, BOL",47,,513,Troncal principal,10,16,4,7,24
gas_interrupted_6,2023-06-11,1,Gasnacer,CE4178,false,false,JOBO,"Sahagún, COR",Tarde,9,true,,BAQ,"Barranquilla, ATL",32,,130,regional sur,3,20,3,8,3
gas_interrupted_6,2023-06-12,2,Gasnacer,CE4706,true,true,JOBO,"Sahagún, COR",Mañana,-12,false,,VDP,"Valledupar, CES",67,,286,Ramal industrial,3,25,5,0,18
gas_interrupted_6,2023-06-13,3,Surtigas,CE7371,true,false,BALLE,"Manaure, LAG",Tarde,-2,false,,MTR,"Montería, COR",61,,562,ductos varios,9,11,30,5,0
gas_interrupted_6,2023-06-14,4,Surtigas,CE4076,false,false,BALLE,"Manaure, LAG",Tarde,28,true,,MTR,"Montería, COR",68,,134,ductos varios,2,10,29,3,7
gas_interrupted_6,2023-06-15,5,Gases de la Guajira,CE6243,false,true,BALLE,"Manaure, LAG",Noche,53,true,,BAQ,"Barranquilla, ATL",35,,567,ductos varios,4,0,5,6,10
gas_interrupted_6,2023-06-16,6,Gasnacer,CE0319,false,true,BALLE,"Manaure, LAG",Madrugada,56,true,,STM,"Santa Marta, MAG",23,,452,regional sur,0,4,4,10,10
gas_interrupted_6,2023-06-17,7,Efigas,CE5132,true,true,BALLE,"Manaure, LAG",Noche,38,true,,,"Montería, COR",20,,317,Troncal principal,1,7,3,6,9
gas_interrupted_6,2023-06-18,1,Gases del Caribe,CE7512,true,false,BALLE,"Manaure, LAG",Noche,-6,false,,STM,"Santa Marta, MAG",73,,233,regional sur,4,14,2,22,9
gas_interrupted_6,2023-06-19,2,Surtigas,CE7711,false,false,BALLE,"Manaure, LAG",Tarde,12,true,,RIO,"Riohacha, LAG",52,,362,Regional Sabanas,1,21,18,1,7
gas_interrupted_6,2023-06-20,3,Efigas,CE4807,true,false,JOBO,"Sahagún, COR",Tarde,-7,false,,RIO,"Riohacha, LAG",97,,406,RAMAL urbano,9,7,21,28,23
gas_interrupted_6,2023-06-21,4,Efigas,CE3562,true,false,JOBO,"Sahagún, COR",Madrugada,14,true,,STM,"Santa Marta, MAG",61,,214,troncal norte,7,3,7,2,28
gas_interrupted_6,2023-06-22,5,Efigas,CE1837,false,true,JOBO,"Sahagún, COR",Noche,56,true,,BAQ,"Barranquilla, ATL",89,,523,ductos varios,19,24,5,11,9
gas_interrupted_6,2023-06-23,6,Gases de la Guajira,CE3145,true,false,JOBO,"Sahagún, COR",Tarde,10,true,,CTG,"Cartagena, BOL",24,,190,RAMAL urbano,1,0,10,7,12
gas_interrupted_6,2023-06-24,7,Surtigas,CE4080,true,false,BALLE,"Manaure, LAG",Mañana,19,true,,RIO,"Riohacha, LAG",46,,161,RAMAL urbano,0,14,13,9,16
gas_interrupted_6,2023-06-25,1,Gasnacer,CE5407,true,false,JOBO,"Sahagún, COR",Madrugada,17,true,,VDP,"Valledupar, CES",33,,389,Regional Sabanas,0,2,6,0,27
gas_interrupted_6,2023-06-26,2,Gasnacer,CE7430,true,false,BALLE,"Manaure, LAG",Tarde,-10,false,,,"Santa Marta, MAG",53,,395,Troncal principal,0,18,1,16,2
gas_interrupted_6,2023-06-27,3,Gases del Caribe,CE6440,true,true,JOBO,"Sahagún, COR",Noche,55,true,,STM,"Santa Marta, MAG",91,,520,troncal norte,16,0,16,26,17
gas_interrupted_6,2023-06-28,4,Surtigas,CE8315,false,true,BALLE,"Manaure, LAG",Tarde,0,false,,CTG,"Cartagena, BOL",36,,218,Troncal principal,18,19,2,8,1
gas_interrupted_6,2023-06-29,5,Surtigas,CE0570,true,false,BALLE,"Manaure, LAG",Noche,26,true,,MTR,"Montería, COR",96,,92,regional sur,10,7,16,5,31
gas_interrupted_6,2023-06-30,6,Gases del Caribe,CE6636,true,true,BALLE,"Manaure, LAG",Mañana,16,true,,MTR,"Montería, COR",74,,401,Troncal principal,2,23,9,19,3
gas_interrupted_7,2023-07-01,7,Gases de la Guajira,CE1462,false,false,BALLE,"Manaure, LAG",Noche,26,true,,BAQ,"Barranquilla, ATL",63,,126,troncal norte,26,2,2,33,5
gas_interrupted_7,2023-07-02,1,Gases del Caribe,CE0616,true,true,BALLE,"Manaure, LAG",Noche,48,true,,VDP,"Valledupar, CES",138,,247,regional sur,14,34,35,20,17
gas_interrupted_7,2023-07-03,2,Efigas,CE9387,false,false,JOBO,"Sahagún, COR",Noche,-8,false,,MTR,"Montería, COR",56,,259,Ramal industrial,4,32,20,11,1
gas_interrupted_7,2023-07-04,3,Surtigas,CE4084,true,true,JOBO,"Sahagún, COR",Noche,12,true,,RIO,"Riohacha, LAG",42,,634,regional sur,20,11,4,17,5
gas_interrupted_7,2023-07-05,4,Surtigas,CE0665,true,false,BALLE,"Manaure, LAG",Tarde,6,true,,RIO,"Riohacha, LAG",32,,592,Ramal industrial,3,13,0,26,3
gas_interrupted_7,2023-07-06,5,Gasnacer,CE4831,false,true,JOBO,"Sahagún, COR",Tarde,59,true,,BAQ,"Barranquilla, ATL",18,,457,Troncal principal,0,0,7,5,5
gas_interrupted_7,2023-07-07,6,Gases del Caribe,CE1965,false,false,JOBO,"Sahagún, COR",Mañana,29,true,,VDP,"Valledupar, CES",94,,401,troncal norte,12,17,17,0,26
gas_interrupted_7,2023-07-08,7,Efigas,CE1428,true,false,JOBO,"Sahagún, COR",Mañana,48,true,,CTG,"Cartagena, BOL",34,,388,ductos varios,0,0,8,20,3
gas_interrupted_7,2023-07-09,1,Gases del Caribe,CE4512,true,true,BALLE,"Manaure, LAG",Noche,-1,false,,CTG,"Cartagena, BOL",24,,267,Troncal principal,28,1,0,0,3
gas_interrupted_7,2023-07-10,2,Gases del Caribe,CE4223,true,false,BALLE,"Manaure, LAG",Tarde,-12,false,,CTG,"Cartagena, BOL",45,,152,RAMAL urbano,0,5,8,3,15
gas_interrupted_7,2023-07-11,3,Gases del Caribe,CE5651,true,false,JOBO,"Sahagún, COR",Madrugada,-5,false,,RIO,"Riohacha, LAG",58,,592,RAMAL urbano,22,17,12,7,6
gas_interrupted_7,2023-07-12,4,Gases de la Guajira,CE5001,true,false,BALLE,"Manaure, LAG",Noche,52,true,,BAQ,"Barranquilla, ATL",65,,488,Ramal industrial,9,0,22,5,10
gas_interrupted_7,2023-07-13,5,Gases de la Guajira,CE0809,true,true,BALLE,"Manaure, LAG",Madrugada,-15,false,,CTG,"Cartagena, BOL",50,,602,Regional Sabanas,19,0,17,20,4
gas_interrupted_7,2023-07-14,6,Efigas,CE2352,false,true,BALLE,"Manaure, LAG",Noche,3,true,,RIO,"Riohacha, LAG",32,,548,Regional Sabanas,1,15,13,9,0
gas_interrupted_7,2023-07-15,7,Gases de la Guajira,CE9317,true,false,JOBO,"Sahagún, COR",Tarde,43,true,,RIO,"Riohacha, LAG",61,,240,ductos varios,3,15,6,2,23
gas_interrupted_7,2023-07-16,1,Gases del Caribe,CE8895,true,true,BALLE,"Manaure, LAG",Tarde,27,true,,CTG,"Cartagena, BOL",47,,465,Regional Sabanas,5,2,6,3,18
gas_interrupted_7,2023-07-17,2,Gases de la Guajira,CE0294,true,false,,"Sahagún, COR",Madrugada,61,true,,VDP,"Valledupar, CES",74,,213,troncal norte,1,14,5,29,4
gas_interrupted_7,2023-07-18,3,Gasnacer,CE6642,false,true,JOBO,"Sahagún, COR",Tarde,8,true,,BAQ,"Barranquilla, ATL",61,,360,Troncal principal,0,13,5,0,23
gas_interrupted_7,2023-07-19,4,Gases de la Guajira,CE4524,false,true,JOBO,"Sahagún, COR",Madrugada,46,true,,CTG,"Cartagena, BOL",45,,331,Ramal industrial,4,0,25,0,2
gas_interrupted_7,2023-07-20,5,Gases del Caribe,CE5826,true,false,BALLE,"Manaure, LAG",Mañana,37,true,,STM,"Santa Marta, MAG",34,,467,Troncal principal,16,0,1,12,7
gas_interrupted_7,2023-07-21,6,Surtigas,CE2831,true,false,JOBO,"Sahagún, COR",Noche,28,true,,RIO,"Riohacha, LAG",11,,497,Troncal principal,2,4,1,7,0
gas_interrupted_7,2023-07-22,7,Efigas,CE8656,true,false,JOBO,"Sahagún, COR",Mañana,39,true,,BAQ,"Barranquilla, ATL",38,,408,regional sur,9,13,16,7,0
gas_interrupted_7,2023-07-23,1,Gases de la Guajira,CE7088,true,true,BALLE,"Manaure, LAG",Mañana,-15,false,,VDP,"Valledupar, CES",34,,480,RAMAL urbano,22,3,9,1,7
gas_interrupted_7,2023-07-24,2,Surtigas,CE5638,true,false,BALLE,"Manaure, LAG",Noche,58,true,,CTG,"Cartagena, BOL",73,,224,Troncal principal,0,26,24,5,27
gas_interrupted_7,2023-07-25,3,Gasnacer,CE1,false,false,BALLE,"Manaure, LAG",Mañana,-9,false,,SIN,"Sincelejo, SUC",24,,576,regional sur,6,4,5,2,5
gas_interrupted_7,2023-07-26,4,Efigas,CE7913,true,false,JOBO,"Sahagún, COR",Noche,61,true,,STM,"Santa Marta, MAG",16,,295,ductos varios,0,0,8,13,0
gas_interrupted_7,2023-07-27,5,Gases de la Guajira,CE0014,true,false,BALLE,"Manaure, LAG",Tarde,-7,false,,STM,"Santa Marta, MAG",75,,622,RAMAL urbano,9,20,26,0,0
gas_interrupted_7,2023-07-28,6,Surtigas,CE0635,true,true,JOBO,"Sahagún, COR",Tarde,18,true,,VDP,"Valledupar, CES",72,,343,regional sur,0,2,22,33,23
gas_interrupted_7,2023-07-29,7,Gases de la Guajira,CE9618,true,false,BALLE,"Manaure, LAG",Tarde,-6,false,,MAM,"Cartagena, BOL",46,,496,Troncal principal,8,4,13,15,7
gas_interrupted_7,2023-07-30,1,Surtigas,CE0094,true,true,JOBO,"Sahagún, COR",Madrugada,4,true,,MAM,"Cartagena, BOL",154,,375,Troncal principal,24,16,9,31,23
gas_interrupted_7,2023-07-31,2,Gasnacer,CE6006,false,false,JOBO,"Sahagún, COR",Mañana,18,true,,RIO,"Riohacha, LAG",60,,200,troncal norte,12,12,2,2,13
gas_interrupted_8,2023-08-01,3,Gases del Caribe,CE8491,false,false,BALLE,"Manaure, LAG",Mañana,42,true,,VDP,"Valledupar, CES",51,,438,regional sur,4,24,1,25,2
gas_interrupted_8,2023-08-02,4,Gases del Caribe,CE3380,true,false,JOBO,"Sahagún, COR",Tarde,8,true,,RIO,"Riohacha, LAG",19,,547,ductos varios,13,8,1,5,0
gas_interrupted_8,2023-08-03,5,Surtigas,CE3914,true,false,JOBO,"Sahagún, COR",Madrugada,39,true,,BAQ,"Barranquilla, ATL",122,,443,Troncal principal,14,25,1,29,15
gas_interrupted_8,2023-08-04,6,Surtigas,CE6018,true,false,JOBO,"Sahagún, COR",Madrugada,-9,false,,BAQ,"Barranquilla, ATL",70,,132,ductos varios,0,14,16,5,19
gas_interrupted_8,2023-08-05,7,Gasnacer,CE6505,false,false,JOBO,"Sahagún, COR",Noche,-1,false,,MTR,"Montería, COR",52,,240,regional sur,16,12,7,3,9
gas_interrupted_8,2023-08-06,1,Gasnacer,CE5487,true,false,JOBO,"Sahagún, COR",Madrugada,12,true,,MTR,"Montería, COR",38,,112,regional sur,15,0,10,4,19
gas_interrupted_8,2023-08-07,2,Gases del Caribe,CE0230,true,false,BALLE,"Manaure, LAG",Mañana,-7,false,,VDP,"Valledupar, CES",28,,545,Ramal industrial,7,11,10,0,2
gas_interrupted_8,2023-08-08,3,,CE5690,true,true,JOBO,"Sahagún, COR",Noche,-10,false,,BAQ,"Barranquilla, ATL",72,,83,troncal norte,24,10,1,15,27
gas_interrupted_8,2023-08-09,4,Surtigas,CE8669,true,false,JOBO,"Sahagún, COR",Mañana,-3,false,,MTR,"Montería, COR",38,,412,troncal norte,2,0,27,3,4
gas_interrupted_8,2023-08-10,5,Gases de la Guajira,CE2463,true,false,JOBO,"Sahagún, COR",Noche,39,true,,STM,"Santa Marta, MAG",52,,384,ductos varios,0,1,19,11,19
gas_interrupted_8,2023-08-11,6,Surtigas,CE3798,true,false,BALLE,"Manaure, LAG",Noche,-13,false,,SIN,"Sincelejo, SUC",97,,79,regional sur,12,16,10,8,29
gas_interrupted_8,2023-08-12,7,Gases de la Guajira,CE0373,false,false,JOBO,"Sahagún, COR",Noche,4,true,,STM,"Santa Marta, MAG",40,,190,Ramal industrial,0,14,9,6,11
gas_interrupted_8,2023-08-13,1,Surtigas,CE3712,false,false,JOBO,"Sahagún, COR",Noche,64,true,,MTR,"Montería, COR",38,,422,troncal norte,5,2,14,17,10
gas_interrupted_8,2023-08-14,2,Efigas,CE4549,true,false,BALLE,"Manaure, LAG",Madrugada,37,true,,MTR,"Montería, COR",99,,67,Regional Sabanas,12,10,28,2,20
gas_interrupted_8,2023-08-15,3,Gases de la Guajira,CE2335,false,true,BALLE,"Manaure, LAG",Noche,22,true,,MTR,"Montería, COR",30,,525,regional sur,2,7,8,3,5
gas_interrupted_8,2023-08-16,4,Gases de la Guajira,CE0613,false,true,BALLE,"Manaure, LAG",Tarde,4,true,,STM,"Santa Marta, MAG",60,,241,regional sur,32,2,14,7,0
gas_interrupted_8,2023-08-17,5,Efigas,CE5260,false,false,BALLE,"Manaure, LAG",Tarde,37,true,,RIO,"Riohacha, LAG",23,,648,Troncal principal,9,0,0,10,9
gas_interrupted_8,2023-08-18,6,Gasnacer,CE0701,true,false,BALLE,"Manaure, LAG",Tarde,17,true,,CTG,"Cartagena, BOL",38,,202,Ramal industrial,12,19,1,9,10
gas_interrupted_8,2023-08-19,7,Gasnacer,CE2169,true,false,BALLE,"Manaure, LAG",Noche,12,true,,VDP,"Valledupar, CES",89,,63,troncal norte,9,23,25,6,1
gas_interrupted_8,2023-08-20,1,Efigas,CE7657,false,false,BALLE,"Manaure, LAG",Noche,4,true,,SIN,"Sincelejo, SUC",50,,540,Ramal industrial,1,10,10,22,20
gas_interrupted_8,2023-08-21,2,Gases de la Guajira,CE5998,true,true,JOBO,"Sahagún, COR",Noche,-9,false,,RIO,"Riohacha, LAG",56,,234,regional sur,2,9,27,2,2
gas_interrupted_8,2023-08-22,3,Gases de la Guajira,CE6139,true,false,BALLE,"Manaure, LAG",Tarde,53,true,,VDP,"Valledupar, CES",51,,406,ductos varios,14,18,3,13,2
gas_interrupted_8,2023-08-23,4,Surtigas,CE9702,true,false,BALLE,"Manaure, LAG",Noche,29,true,,VDP,"Valledupar, CES",45,,417,regional sur,11,0,8,32,2
gas_interrupted_8,2023-08-24,5,Efigas,CE7679,true,false,JOBO,"Sahagún, COR",Noche,13,true,,CTG,"Cartagena, BOL",80,,234,troncal norte,7,0,30,18,0
gas_interrupted_8,2023-08-25,6,Gases del Caribe,CE4785,true,true,JOBO,"Sahagún, COR",Tarde,-12,false,,CTG,"Cartagena, BOL",125,,548,ductos varios,7,21,20,27,11
gas_interrupted_8,2023-08-26,7,Surtigas,CE5227,true,true,BALLE,"Manaure, LAG",Noche,-13,false,,BAQ,"Barranquilla, ATL",29,,402,regional sur,0,15,7,2,0
gas_interrupted_8,2023-08-27,1,Efigas,CE4475,false,true,JOBO,"Sahagún, COR",Mañana,-9,false,,CTG,"Cartagena, BOL",37,,407,Regional Sabanas,6,13,0,0,30
gas_interrupted_8,2023-08-28,2,Gases del Caribe,CE7542,false,false,JOBO,"Sahagún, COR",Madrugada,35,true,,STM,"Santa Marta, MAG",70,,569,ductos varios,18,1,14,2,14
gas_interrupted_8,2023-08-29,3,,CE2728,true,false,BALLE,"Manaure, LAG",Tarde,12,true,,VDP,"Valledupar, CES",63,,260,troncal norte,1,2,2,35,8
gas_interrupted_8,2023-08-30,4,Gasnacer,CE1914,true,false,JOBO,"Sahagún, COR",Madrugada,-11,false,,CTG,"Cartagena, BOL",60,,335,troncal norte,20,15,23,1,9
gas_interrupted_8,2023-08-31,5,Efigas,CE4408,false,false,BALLE,"Manaure, LAG",Noche,17,true,,RIO,"Riohacha, LAG",82,,73,Ramal industrial,14,13,5,26,26
gas_interrupted_9,2023-09-01,6,Gasnacer,CE7523,false,false,JOBO,"Sahagún, COR",Tarde,18,true,,BAQ,"Barranquilla, ATL",36,,529,RAMAL urbano,4,21,0,4,2
gas_interrupted_9,2023-09-02,7,Gases del Caribe,CE2262,true,false,BALLE,"Manaure, LAG",Noche,35,true,,BAQ,"Barranquilla, ATL",84,,320,Regional Sabanas,18,24,13,2,6
gas_interrupted_9,2023-09-03,1,Surtigas,CE9161,true,false,BALLE,"Manaure, LAG",Madrugada,-1,false,,CTG,"Cartagena, BOL",38,,599,ductos varios,6,3,2,5,30
gas_interrupted_9,2023-09-04,2,Gasnacer,CE7018,false,false,BALLE,"Manaure, LAG",Madrugada,33,true,,RIO,"Riohacha, LAG",76,,382,RAMAL urbano,10,27,37,11,9
gas_interrupted_9,2023-09-05,3,Gases del Caribe,CE6737,false,false,BALLE,"Manaure, LAG",Tarde,17,true,,MAM,"Cartagena, BOL",48,,375,ductos varios,8,17,20,18,0
gas_interrupted_9,2023-09-06,4,Gases de la Guajira,CE6009,true,false,BALLE,"Manaure, LAG",Noche,1,true,,SIN,"Sincelejo, SUC",28,,393,Troncal principal,10,13,1,6,9
gas_interrupted_9,2023-09-07,5,Efigas,CE4565,false,false,BALLE,"Manaure, LAG",Mañana,24,true,,SIN,"Sincelejo, SUC",60,,158,ductos varios,12,7,1,4,19
gas_interrupted_9,2023-09-08,6,Gasnacer,CE9350,true,false,JOBO,"Sahagún, COR",Madrugada,18,true,,RIO,"Riohacha, LAG",35,,176,Regional Sabanas,10,1,9,26,3
gas_interrupted_9,2023-09-09,7,Gasnacer,CE1708,true,false,JOBO,"Sahagún, COR",Noche,46,true,,VDP,"Valledupar, CES",17,,537,RAMAL urbano,1,2,3,9,0
gas_interrupted_9,2023-09-10,1,Gases de la Guajira,CE2321,true,false,BALLE,"Manaure, LAG",Madrugada,19,true,,CTG,"Cartagena, BOL",83,,343,Ramal industrial,23,24,1,2,26
gas_interrupted_9,2023-09-11,2,Efigas,CE3919,true,true,BALLE,"Manaure, LAG",Madrugada,10,true,,STM,"Santa Marta, MAG",64,,370,ductos varios,10,24,10,0,13
gas_interrupted_9,2023-09-12,3,Efigas,CE7483,false,true,JOBO,"Sahagún, COR",Noche,-6,false,,RIO,"Riohacha, LAG",83,,530,ductos varios,2,9,4,13,29
gas_interrupted_9,2023-09-13,4,Surtigas,CE8849,false,true,JOBO,"Sahagún, COR",Noche,46,true,,RIO,"Riohacha, LAG",62,,301,Ramal industrial,24,2,8,5,13
gas_interrupted_9,2023-09-14,5,Surtigas,CE9449,true,true,JOBO,"Sahagún, COR",Madrugada,7,true,,RIO,"Riohacha, LAG",31,,483,Regional Sabanas,7,0,1,15,1
gas_interrupted_9,2023-09-15,6,Efigas,CE2202,true,false,BALLE,"Manaure, LAG",Tarde,23,true,,RIO,"Riohacha, LAG",24,,385,regional sur,2,15,0,12,3
gas_interrupted_9,2023-09-16,7,Gases del Caribe,CE0024,true,false,JOBO,"Sahagún, COR",Madrugada,47,true,,MAM,"Cartagena, BOL",40,,244,ductos varios,2,12,1,7,10
gas_interrupted_9,2023-09-17,1,Gases del Caribe,CE6471,false,false,BALLE,"Manaure, LAG",Noche,-11,false,,,"Santa Marta, MAG",73,,351,regional sur,28,4,0,6,15
gas_interrupted_9,2023-09-18,2,Efigas,CE1019,true,false,BALLE,"Manaure, LAG",Noche,10,true,,RIO,"Riohacha, LAG",41,,522,ductos varios,0,26,7,9,1
gas_interrupted_9,2023-09-19,3,Surtigas,CE1,true,true,JOBO,"Sahagún, COR",Madrugada,3,true,,RIO,"Riohacha, LAG",54,,580,Troncal principal,26,7,3,15,8
gas_interrupted_9,2023-09-20,4,Gases del Caribe,CE8504,true,false,BALLE,"Manaure, LAG",Tarde,16,true,,BAQ,"Barranquilla, ATL",62,,181,troncal norte,26,18,14,4,6
gas_interrupted_9,2023-09-21,5,Gases de la Guajira,CE7579,true,false,JOBO,"Sahagún, COR",Madrugada,4,true,,CTG,"Cartagena, BOL",17,,122,Regional Sabanas,0,3,12,2,3
gas_interrupted_9,2023-09-22,6,Gasnacer,CE8228,true,false,JOBO,"Sahagún, COR",Noche,40,true,,RIO,"Riohacha, LAG",122,,583,Ramal industrial,34,0,21,26,21
gas_interrupted_9,2023-09-23,7,,CE2108,true,false,JOBO,"Sahagún, COR",Noche,-4,false,,MTR,"Montería, COR",71,,512,ductos varios,7,1,25,8,7
gas_interrupted_9,2023-09-24,1,Efigas,CE2870,true,false,BALLE,"Manaure, LAG",Tarde,27,true,,SIN,"Sincelejo, SUC",58,,517,Regional Sabanas,5,27,14,7,2
gas_interrupted_9,2023-09-25,2,Efigas,CE6823,true,false,BALLE,"Manaure, LAG",Tarde,16,true,,MAM,"Cartagena, BOL",41,,610,Regional Sabanas,2,9,9,1,25
gas_interrupted_9,2023-09-26,3,Efigas,CE5527,true,true,BALLE,"Manaure, LAG",Noche,-3,false,,SIN,"Sincelejo, SUC",50,,303,Ramal industrial,2,1,8,32,16
gas_interrupted_9,2023-09-27,4,Gases del Caribe,CE7060,false,false,BALLE,"Manaure, LAG",Tarde,29,true,,BAQ,"Barranquilla, ATL",27,,443,ductos varios,5,14,4,7,3
gas_interrupted_9,2023-09-28,5,Efigas,CE2974,false,false,BALLE,"Manaure, LAG",Madrugada,25,true,,RIO,"Riohacha, LAG",62,,274,ductos varios,7,21,7,0,8
gas_interrupted_9,2023-09-29,6,Efigas,CE9917,true,false,,"Manaure, LAG",Madrugada,20,true,,CTG,"Cartagena, BOL",43,,186,Troncal principal,15,10,6,6,11
gas_interrupted_9,2023-09-30,7,Efigas,CE0016,false,false,JOBO,"Sahagún, COR",Madrugada,47,true,,VDP,"Valledupar, CES",38,,245,troncal norte,2,16,6,1,1
gas_interrupted_10,2023-10-01,1,Surtigas,CE5707,false,false,BALLE,"Manaure, LAG",Madrugada,14,true,,MAM,"Cartagena, BOL",63,,300,troncal norte,1,30,25,3,0
gas_interrupted_10,2023-10-02,2,Efigas,CE2665,false,false,BALLE,"Manaure, LAG",Mañana,37,true,,MTR,"Montería, COR",14,,659,regional sur,0,8,3,4,1
gas_interrupted_10,2023-10-03,3,Surtigas,CE1779,false,false,JOBO,"Sahagún, COR",Mañana,51,true,,MAM,"Cartagena, BOL",85,,526,ductos varios,2,1,10,22,26
gas_interrupted_10,2023-10-04,4,Gases del Caribe,CE2873,true,false,JOBO,"Sahagún, COR",Noche,61,true,,RIO,"Riohacha, LAG",22,,160,Regional Sabanas,0,5,14,0,6
gas_interrupted_10,2023-10-05,5,Gasnacer,CE3869,true,false,BALLE,"Manaure, LAG",Noche,-3,false,,SIN,"Sincelejo, SUC",49,,390,RAMAL urbano,13,10,22,8,13
gas_interrupted_10,2023-10-06,6,Gases del Caribe,CE9114,false,false,JOBO,"Sahagún, COR",Tarde,25,true,,MAM,"Cartagena, BOL",29,,327,regional sur,8,1,16,0,1
gas_interrupted_10,2023-10-07,7,Surtigas,CE5498,true,false,BALLE,"Manaure, LAG",Tarde,-13,false,,CTG,"Cartagena, BOL",110,,258,troncal norte,0,30,9,15,22
gas_interrupted_10,2023-10-08,1,Surtigas,CE0473,true,false,JOBO,"Sahagún, COR",Noche,32,true,,CTG,"Cartagena, BOL",32,,489,Troncal principal,20,1,3,6,3
gas_interrupted_10,2023-10-09,2,Surtigas,CE9697,false,false,BALLE,"Manaure, LAG",Mañana,40,true,,VDP,"Valledupar, CES",116,,482,ductos varios,35,19,19,18,10
gas_interrupted_10,2023-10-10,3,Gases del Caribe,CE1681,true,false,JOBO,"Sahagún, COR",Madrugada,59,true,,VDP,"Valledupar, CES",86,,88,ductos varios,0,21,26,12,15
gas_interrupted_10,2023-10-11,4,Gasnacer,CE4795,true,true,JOBO,"Sahagún, COR",Tarde,17,true,,VDP,"Valledupar, CES",56,,490,Troncal principal,1,22,0,13,2
gas_interrupted_10,2023-10-12,5,Efigas,CE6288,true,true,JOBO,"Sahagún, COR",Mañana,18,true,,MAM,"Cartagena, BOL",72,,116,Regional Sabanas,3,6,8,1,30
gas_interrupted_10,2023-10-13,6,Gases del Caribe,CE4194,true,true,BALLE,"Manaure, LAG",Mañana,5,true,,CTG,"Cartagena, BOL",37,,78,RAMAL urbano,11,0,10,14,1
gas_interrupted_10,2023-10-14,7,Gases del Caribe,CE9528,false,true,JOBO,"Sahagún, COR",Noche,7,true,,MAM,"Cartagena, BOL",86,,395,Regional Sabanas,10,0,32,13,5
gas_interrupted_10,2023-10-15,1,Gasnacer,CE3294,true,false,JOBO,"Sahagún, COR",Noche,-4,false,,BAQ,"Barranquilla, ATL",39,,478,Regional Sabanas,21,3,5,4,0
gas_interrupted_10,2023-10-16,2,Gases del Caribe,CE8602,false,true,JOBO,"Sahagún, COR",Tarde,27,true,,CTG,"Cartagena, BOL",48,,144,Troncal principal,28,5,0,4,3
gas_interrupted_10,2023-10-17,3,Gasnacer,CE0976,false,false,JOBO,"Sahagún, COR",Noche,-2,false,,CTG,"Cartagena, BOL",33,,217,regional sur,16,15,3,9,2
gas_interrupted_10,2023-10-18,4,Gasnacer,CE0661,true,false,JOBO,"Sahagún, COR",Noche,35,true,,MTR,"Montería, COR",55,,291,troncal norte,13,21,0,5,20
gas_interrupted_10,2023-10-19,5,Surtigas,CE9682,true,false,JOBO,"Sahagún, COR",Mañana,64,true,,CTG,"Cartagena, BOL",63,,479,Ramal industrial,0,6,14,25,1
gas_interrupted_10,2023-10-20,6,Gasnacer,CE8661,true,false,JOBO,"Sahagún, COR",Mañana,27,true,,SIN,"Sincelejo, SUC",43,,470,troncal norte,2,4,20,6,5
gas_interrupted_10,2023-10-21,7,Gases del Caribe,CE0891,true,true,BALLE,"Manaure, LAG",Mañana,-6,false,,MAM,"Cartagena, BOL",38,,193,Ramal industrial,5,9,8,4,5
gas_interrupted_10,2023-10-22,1,Surtigas,CE4617,true,false,BALLE,"Manaure, LAG",Noche,13,true,,MTR,"Montería, COR",74,,334,RAMAL urbano,29,6,15,1,4
gas_interrupted_10,2023-10-23,2,Gases del Caribe,CE2539,true,true,JOBO,"Sahagún, COR",Mañana,37,true,,MAM,"Cartagena, BOL",44,,232,RAMAL urbano,3,2,16,10,7
gas_interrupted_10,2023-10-24,3,Gasnacer,CE3596,false,false,BALLE,"Manaure, LAG",Mañana,22,true,,CTG,"Cartagena, BOL",112,,505,Regional Sabanas,4,31,22,11,7
gas_interrupted_10,2023-10-25,4,Efigas,CE4044,true,false,JOBO,"Sahagún, COR",Madrugada,60,true,,MAM,"Cartagena, BOL",45,,333,Troncal principal,7,20,1,3,16
gas_interrupted_10,2023-10-26,5,Surtigas,CE4395,true,false,JOBO,"Sahagún, COR",Mañana,62,true,,VDP,"Valledupar, CES",29,,133,troncal norte,10,5,6,2,6
gas_interrupted_10,2023-10-27,6,Gases del Caribe,CE2030,true,false,JOBO,"Sahagún, COR",Madrugada,53,true,,STM,"Santa Marta, MAG",54,,361,RAMAL urbano,29,13,19,0,12
gas_interrupted_10,2023-10-28,7,Gasnacer,CE9079,true,false,JOBO,"Sahagún, COR",Tarde,-5,false,,MAM,"Cartagena, BOL",98,,344,troncal norte,25,32,4,17,11
gas_interrupted_10,2023-10-29,1,Surtigas,CE0412,true,true,JOBO,"Sahagún, COR",Tarde,36,true,,BAQ,"Barranquilla, ATL",28,,67,RAMAL urbano,7,6,1,1,5
gas_interrupted_10,2023-10-30,2,Gases de la Guajira,CE0579,false,false,BALLE,"Manaure, LAG",Noche,26,true,,MTR,"Montería, COR",52,,545,Troncal principal,3,20,2,3,17
gas_interrupted_10,2023-10-31,3,Efigas,CE4887,true,true,JOBO,"Sahagún, COR",Tarde,58,true,,MAM,"Cartagena, BOL",73,,641,Troncal principal,33,0,6,10,4
gas_interrupted_11,2023-11-01,4,Gases de la Guajira,CE4353,true,false,JOBO,"Sahagún, COR",Mañana,64,true,,STM,"Santa Marta, MAG",60,,236,Ramal industrial,20,17,4,2,0
gas_interrupted_11,2023-11-02,5,Gases del Caribe,CE2277,true,true,BALLE,"Manaure, LAG",Noche,34,true,,VDP,"Valledupar, CES",76,,533,Troncal principal,2,1,22,25,2
gas_interrupted_11,2023-11-03,6,Gases de la Guajira,CE0890,true,false,BALLE,"Manaure, LAG",Noche,21,true,,RIO,"Riohacha, LAG",82,,250,ductos varios,22,29,12,0,9
gas_interrupted_11,2023-11-04,7,Efigas,CE9785,true,false,JOBO,"Sahagún, COR",Mañana,50,true,,BAQ,"Barranquilla, ATL",41,,159,RAMAL urbano,5,1,23,8,7
gas_interrupted_11,2023-11-05,1,Gasnacer,CE0581,true,false,BALLE,"Manaure, LAG",Madrugada,24,true,,SIN,"Sincelejo, SUC",27,,225,Troncal principal,0,12,0,8,1
gas_interrupted_11,2023-11-06,2,Efigas,CE9077,false,false,BALLE,"Manaure, LAG",Mañana,25,true,,MTR,"Montería, COR",27,,647,ductos varios,3,0,2,12,3
gas_interrupted_11,2023-11-07,3,Gasnacer,CE7403,true,false,JOBO,"Sahagún, COR",Madrugada,-1,false,,STM,"Santa Marta, MAG",74,,280,ductos varios,19,1,6,16,24
gas_interrupted_11,2023-11-08,4,Efigas,CE1068,false,false,BALLE,"Manaure, LAG",Madrugada,44,true,,CTG,"Cartagena, BOL",50,,319,regional sur,11,2,3,12,9
gas_interrupted_11,2023-11-09,5,Efigas,CE1922,false,true,BALLE,"Manaure, LAG",Mañana,-13,false,,MTR,"Montería, COR",34,,261,Regional Sabanas,5,7,1,8,5
gas_interrupted_11,2023-11-10,6,Gases del Caribe,CE2063,true,false,BALLE,"Manaure, LAG",Madrugada,34,true,,MTR,"Montería, COR",88,,127,Regional Sabanas,14,13,10,16,6
gas_interrupted_11,2023-11-11,7,Gasnacer,CE4622,false,false,BALLE,"Manaure, LAG",Tarde,25,true,,CTG,"Cartagena, BOL",27,,287,Regional Sabanas,0,0,14,4,11
gas_interrupted_11,2023-11-12,1,Gases del Caribe,CE7684,false,false,JOBO,"Sahagún, COR",Noche,7,true,,VDP,"Valledupar, CES",72,,567,Troncal principal,4,21,5,1,32
gas_interrupted_11,2023-11-13,2,Efigas,CE4404,true,false,JOBO,"Sahagún, COR",Madrugada,26,true,,STM,"Santa Marta, MAG",35,,570,regional sur,8,4,19,0,3
gas_interrupted_11,2023-11-14,3,Gases del Caribe,CE9497,true,false,BALLE,"Manaure, LAG",Tarde,4,true,,MAM,"Cartagena, BOL",32,,416,regional sur,15,9,4,2,3
gas_interrupted_11,2023-11-15,4,Efigas,CE0085,false,false,JOBO,"Sahagún, COR",Madrugada,22,true,,MTR,"Montería, COR",4,,368,regional sur,0,0,4,0,1
gas_interrupted_11,2023-11-16,5,Gases de la Guajira,CE7530,false,false,JOBO,"Sahagún, COR",Mañana,48,true,,MTR,"Montería, COR",21,,125,regional sur,0,7,5,4,3
gas_interrupted_11,2023-11-17,6,Gases del Caribe,CE8547,false,false,JOBO,"Sahagún, COR",Tarde,56,true,,STM,"Santa Marta, MAG",31,,415,Troncal principal,3,16,5,1,0
gas_interrupted_11,2023-11-18,7,Gases de la Guajira,CE1,true,false,JOBO,"Sahagún, COR",Madrugada,18,true,,CTG,"Cartagena, BOL",26,,339,Regional Sabanas,2,1,13,6,3
gas_interrupted_11,2023-11-19,1,Surtigas,CE1,true,false,JOBO,"Sahagún, COR",Noche,7,true,,RIO,"Riohacha, LAG",35,,187,Troncal principal,5,18,1,2,6
gas_interrupted_11,2023-11-20,2,,CE7611,true,true,JOBO,"Sahagún, COR",Noche,52,true,,MTR,"Montería, COR",11,,471,Troncal principal,0,1,7,0,0
gas_interrupted_11,2023-11-21,3,Surtigas,CE8604,true,true,BALLE,"Manaure, LAG",Mañana,-13,false,,RIO,"Riohacha, LAG",57,,83,Ramal industrial,17,2,25,12,0
gas_interrupted_11,2023-11-22,4,Gases de la Guajira,CE5685,true,false,JOBO,"Sahagún, COR",Mañana,61,true,,STM,"Santa Marta, MAG",58,,657,RAMAL urbano,4,3,23,9,6
gas_interrupted_11,2023-11-23,5,Gasnacer,CE5408,true,false,JOBO,"Sahagún, COR",Mañana,26,true,,RIO,"Riohacha, LAG",29,,262,troncal norte,2,17,7,3,6
gas_interrupted_11,2023-11-24,6,Gasnacer,CE2147,false,false,BALLE,"Manaure, LAG",Noche,-9,false,,CTG,"Cartagena, BOL",10,,378,ductos varios,3,0,1,6,3
gas_interrupted_11,2023-11-25,7,Gases del Caribe,CE6245,true,false,BALLE,"Manaure, LAG",Mañana,29,true,,RIO,"Riohacha, LAG",99,,582,Ramal industrial,22,15,17,3,25
gas_interrupted_11,2023-11-26,1,Surtigas,CE5272,false,false,BALLE,"Manaure, LAG",Madrugada,37,true,,STM,"Santa Marta, MAG",29,,113,regional sur,4,10,1,1,7
gas_interrupted_11,2023-11-27,2,Gases de la Guajira,CE0227,true,true,BALLE,"Manaure, LAG",Mañana,-12,false,,MTR,"Montería, COR",44,,148,RAMAL urbano,3,15,7,23,4
gas_interrupted_11,2023-11-28,3,Gases del Caribe,CE4043,false,false,BALLE,"Manaure, LAG",Noche,6,true,,SIN,"Sincelejo, SUC",48,,180,Troncal principal,12,2,16,6,8
gas_interrupted_11,2023-11-29,4,Efigas,CE2380,false,false,BALLE,"Manaure, LAG",Mañana,53,true,,STM,"Santa Marta, MAG",66,,146,troncal norte,13,10,18,17,15
gas_interrupted_11,2023-11-30,5,Gases de la Guajira,CE3011,true,false,BALLE,"Manaure, LAG",Mañana,31,true,,CTG,"Cartagena, BOL",17,,602,Regional Sabanas,3,0,15,0,1
gas_interrupted_12,2023-12-01,6,Gasnacer,CE2408,false,false,BALLE,"Manaure, LAG",Tarde,16,true,,BAQ,"Barranquilla, ATL",41,,243,regional sur,27,3,11,10,5
gas_interrupted_12,2023-12-02,7,Surtigas,CE9156,false,false,JOBO,"Sahagún, COR",Noche,38,true,,CTG,"Cartagena, BOL",52,,150,troncal norte,32,6,8,10,5
gas_interrupted_12,2023-12-03,1,Gases del Caribe,CE5654,false,false,BALLE,"Manaure, LAG",Mañana,21,true,,MAM,"Cartagena, BOL",97,,329,Troncal principal,12,10,23,22,0
gas_interrupted_12,2023-12-04,2,Efigas,CE5634,false,true,BALLE,"Manaure, LAG",Madrugada,44,true,,SIN,"Sincelejo, SUC",14,,295,RAMAL urbano,4,2,1,9,0
gas_interrupted_12,2023-12-05,3,Surtigas,CE0103,false,false,BALLE,"Manaure, LAG",Madrugada,46,true,,CTG,"Cartagena, BOL",40,,320,regional sur,1,6,9,11,8
gas_interrupted_12,2023-12-06,4,Gases del Caribe,CE3195,true,false,JOBO,"Sahagún, COR",Mañana,-13,false,,MTR,"Montería, COR",75,,267,troncal norte,0,1,14,7,34
gas_interrupted_12,2023-12-07,5,Efigas,CE3178,false,false,JOBO,"Sahagún, COR",Noche,44,true,,RIO,"Riohacha, LAG",71,,595,Troncal principal,6,7,16,13,9
gas_interrupted_12,2023-12-08,6,Efigas,CE2563,true,false,JOBO,"Sahagún, COR",Mañana,64,true,,SIN,"Sincelejo, SUC",46,,448,Regional Sabanas,32,9,8,3,8
gas_interrupted_12,2023-12-09,7,Gases del Caribe,CE6145,true,false,BALLE,"Manaure, LAG",Mañana,44,true,,MTR,"Montería, COR",72,,386,regional sur,0,13,5,29,24
gas_interrupted_12,2023-12-10,1,Surtigas,CE8725,true,false,BALLE,"Manaure, LAG",Tarde,6,true,,MTR,"Montería, COR",46,,212,Troncal principal,0,5,9,4,14
gas_interrupted_12,2023-12-11,2,Gasnacer,CE3611,false,true,JOBO,"Sahagún, COR",Mañana,24,true,,VDP,"Valledupar, CES",30,,521,ductos varios,15,1,7,1,6
gas_interrupted_12,2023-12-12,3,Efigas,CE3166,true,true,JOBO,"Sahagún, COR",Tarde,58,true,,VDP,"Valledupar, CES",103,,145,Troncal principal,31,16,5,8,14
gas_interrupted_12,2023-12-13,4,Gasnacer,CE9181,true,false,,"Sahagún, COR",Mañana,38,true,,SIN,"Sincelejo, SUC",57,,106,Regional Sabanas,8,10,17,1,10
gas_interrupted_12,2023-12-14,5,Gases de la Guajira,CE9064,true,false,JOBO,"Sahagún, COR",Madrugada,-4,false,,VDP,"Valledupar, CES",113,,358,RAMAL urbano,13,16,28,24,25
gas_interrupted_12,2023-12-15,6,Gases de la Guajira,CE6093,true,false,BALLE,"Manaure, LAG",Mañana,32,true,,CTG,"Cartagena, BOL",27,,88,Troncal principal,4,4,7,0,12
gas_interrupted_12,2023-12-16,7,Gases del Caribe,CE8382,false,false,JOBO,"Sahagún, COR",Mañana,22,true,,VDP,"Valledupar, CES",44,,226,troncal norte,12,12,8,10,0
gas_interrupted_12,2023-12-17,1,Gases del Caribe,CE0104,true,false,JOBO,"Sahagún, COR",Mañana,15,true,,BAQ,"Barranquilla, ATL",109,,574,troncal norte,8,26,5,35,34
gas_interrupted_12,2023-12-18,2,Efigas,CE8093,true,true,JOBO,"Sahagún, COR",Noche,15,true,,CTG,"Cartagena, BOL",26,,243,Ramal industrial,5,19,1,3,7
gas_interrupted_12,2023-12-19,3,Gases del Caribe,CE4856,true,true,JOBO,"Sahagún, COR",Tarde,25,true,,RIO,"Riohacha, LAG",37,,376,Troncal principal,15,2,14,14,5
gas_interrupted_12,2023-12-20,4,Gases de la Guajira,CE2321,true,true,BALLE,"Manaure, LAG",Mañana,62,true,,SIN,"Sincelejo, SUC",38,,188,Ramal industrial,3,6,3,3,15
gas_interrupted_12,2023-12-21,5,Efigas,CE2401,true,false,JOBO,"Sahagún, COR",Mañana,11,true,,MAM,"Cartagena, BOL",69,,67,Regional Sabanas,24,20,1,13,20
gas_interrupted_12,2023-12-22,null,Surtigas,CE7455,false,true,BALLE,"Manaure, LAG",Madrugada,33,true,,STM,"Santa Marta, MAG",96,,205,RAMAL urbano,0,3,39,5,31
gas_interrupted_12,2023-12-23,7,Surtigas,CE5100,true,false,BALLE,"Manaure, LAG",Mañana,38,true,,RIO,"Riohacha, LAG",18,,520,regional sur,11,0,10,0,0
gas_interrupted_12,2023-12-24,1,Gases de la Guajira,CE3007,true,false,BALLE,"Manaure, LAG",Tarde,-5,false,,MTR,"Montería, COR",24,,354,troncal norte,5,3,5,10,1
gas_interrupted_12,2023-12-25,2,Gases del Caribe,CE8707,false,false,JOBO,"Sahagún, COR",Noche,64,true,,STM,"Santa Marta, MAG",72,,197,troncal norte,23,15,6,5,28
gas_interrupted_12,2023-12-26,3,Gasnacer,CE0412,true,false,BALLE,"Manaure, LAG",Mañana,32,true,,BAQ,"Barranquilla, ATL",99,,149,Troncal principal,1,8,25,28,13
gas_interrupted_12,2023-12-27,4,Surtigas,CE8091,true,false,,"Manaure, LAG",Madrugada,-14,false,,RIO,"Riohacha, LAG",38,,414,Troncal principal,0,3,9,2,25
gas_interrupted_12,2023-12-28,5,Gases del Caribe,CE5834,true,false,JOBO,"Sahagún, COR",Madrugada,9,true,,SIN,"Sincelejo, SUC",41,,544,troncal norte,13,11,0,2,27
gas_interrupted_12,2023-12-29,6,Efigas,CE7206,false,false,BALLE,"Manaure, LAG",Tarde,31,true,,CTG,"Cartagena, BOL",27,,630,troncal norte,0,7,2,4,8
gas_interrupted_12,2023-12-30,7,Gases de la Guajira,CE2021,false,false,BALLE,"Manaure, LAG",Noche,53,true,,MAM,"Cartagena, BOL",36,,414,RAMAL urbano,1,11,7,0,6
gas_interrupted_12,2023-12-31,1,Efigas,CE4670,true,true,JOBO,"Sahagún, COR",Noche,30,true,,CTG,"Cartagena, BOL",31,,286,RAMAL urbano,19,11,4,1,1
gas_interrupted_1,2023-01-01,1,Gasnacer,CE8611,true,true,BALLE,"Manaure, LAG",Madrugada,60,true,,RIO,"Riohacha, LAG",104,,190,Troncal principal,17,2,19,27,11
gas_interrupted_1,2023-01-02,2,Gases de la Guajira,CE0192,true,false,BALLE,"Manaure, LAG",Mañana,-13,false,,MAM,"Cartagena, BOL",53,,572,troncal norte,15,17,3,10,6
gas_interrupted_1,2023-01-03,3,Surtigas,CE0219,true,false,BALLE,"Manaure, LAG",Madrugada,-13,false,,MAM,"Cartagena, BOL",23,,86,Troncal principal,0,16,6,1,10
gas_interrupted_1,2023-01-04,4,Efigas,CE3645,false,true,JOBO,"Sahagún, COR",Noche,40,true,,CTG,"Cartagena, BOL",61,,595,ductos varios,4,3,7,30,2
gas_interrupted_1,2023-01-05,5,Gases de la Guajira,CE5814,true,false,JOBO,"Sahagún, COR",Mañana,18,true,,VDP,"Valledupar, CES",44,,479,Troncal principal,11,6,3,12,11
gas_interrupted_1,2023-01-06,6,Gases de la Guajira,CE8545,false,true,JOBO,"Sahagún, COR",Noche,64,true,,SIN,"Sincelejo, SUC",61,,276,ductos varios,17,2,14,18,2
gas_interrupted_1,2023-01-07,7,Surtigas,CE2832,true,false,BALLE,"Manaure, LAG",Mañana,-8,false,,SIN,"Sincelejo, SUC",66,,624,troncal norte,3,3,2,23,19
gas_interrupted_1,2023-01-08,1,Surtigas,CE9321,false,true,JOBO,"Sahagún, COR",Tarde,-15,false,,STM,"Santa Marta, MAG",37,,302,Troncal principal,13,16,0,2,0
gas_interrupted_1,2023-01-09,2,Efigas,CE3704,true,false,JOBO,"Sahagún, COR",Madrugada,34,true,,STM,"Santa Marta, MAG",82,,385,Regional Sabanas,36,2,1,6,12
gas_interrupted_1,2023-01-10,3,Gases del Caribe,CE3552,false,false,JOBO,"Sahagún, COR",Mañana,7,true,,STM,"Santa Marta, MAG",57,,552,ductos varios,7,5,22,0,14
gas_interrupted_1,2023-01-11,4,Surtigas,CE7939,false,true,BALLE,"Manaure, LAG",Mañana,-5,false,,RIO,"Riohacha, LAG",38,,152,Ramal industrial,0,6,24,6,5
gas_interrupted_1,2023-01-12,5,Efigas,CE4870,true,false,JOBO,"Sahagún, COR",Mañana,-6,false,,MAM,"Cartagena, BOL",76,,254,Ramal industrial,19,15,20,11,5
gas_interrupted_1,2023-01-13,6,Efigas,CE0022,false,false,BALLE,"Manaure, LAG",Tarde,35,true,,BAQ,"Barranquilla, ATL",60,,382,Ramal industrial,12,14,2,14,5
gas_interrupted_1,2023-01-14,7,Gases de la Guajira,CE8728,false,true,JOBO,"Sahagún, COR",Noche,4,true,,MTR,"Montería, COR",37,,280,Ramal industrial,25,7,10,1,1
gas_interrupted_1,2023-01-15,1,Surtigas,CE7583,true,true,BALLE,"Manaure, LAG",Madrugada,-4,false,,CTG,"Cartagena, BOL",67,,303,RAMAL urbano,28,6,5,4,3
gas_interrupted_1,2023-01-16,2,Surtigas,CE2625,true,false,JOBO,"Sahagún, COR",Mañana,53,true,,BAQ,"Barranquilla, ATL",65,,195,ductos varios,1,24,12,7,13
gas_interrupted_1,2023-01-17,3,Gases de la Guajira,CE1,true,false,JOBO,"Sahagún, COR",Mañana,-2,false,,CTG,"Cartagena, BOL",37,,166,RAMAL urbano,5,5,8,1,12
gas_interrupted_1,2023-01-18,4,Surtigas,CE7198,true,false,BALLE,"Manaure, LAG",Mañana,64,true,,SIN,"Sincelejo, SUC",58,,520,troncal norte,30,0,3,29,18
gas_interrupted_1,2023-01-19,5,Gases de la Guajira,CE4627,true,false,BALLE,"Manaure, LAG",Noche,18,true,,STM,"Santa Marta, MAG",57,,60,Troncal principal,0,18,13,19,5
gas_interrupted_1,2023-01-20,6,Gases del Caribe,CE7407,true,true,JOBO,"Sahagún, COR",Noche,27,true,,CTG,"Cartagena, BOL",29,,213,RAMAL urbano,1,0,17,11,11
gas_interrupted_1,2023-01-21,7,Gasnacer,CE1851,true,false,JOBO,"Sahagún, COR",Madrugada,39,true,,VDP,"Valledupar, CES",41,,574,regional sur,7,4,15,6,0
gas_interrupted_1,2023-01-22,1,Surtigas,CE9368,true,true,JOBO,"Sahagún, COR",Mañana,13,true,,SIN,"Sincelejo, SUC",45,,119,ductos varios,14,7,6,5,13
gas_interrupted_1,2023-01-23,2,Surtigas,CE7701,true,false,BALLE,"Manaure, LAG",Tarde,43,true,,MAM,"Cartagena, BOL",56,,398,troncal norte,24,1,1,15,0
gas_interrupted_1,2023-01-24,3,Gasnacer,CE8421,false,true,JOBO,"Sahagún, COR",Madrugada,60,true,,BAQ,"Barranquilla, ATL",75,,259,Regional Sabanas,11,3,25,5,18
gas_interrupted_1,2023-01-25,4,Efigas,CE1635,false,true,JOBO,"Sahagún, COR",Noche,13,true,,SIN,"Sincelejo, SUC",7,,67,Troncal principal,0,1,4,4,1
gas_interrupted_1,2023-01-26,5,Gasnacer,CE3284,true,false,BALLE,"Manaure, LAG",Mañana,55,true,,CTG,"Cartagena, BOL",121,,555,Troncal principal,21,20,27,25,8
gas_interrupted_1,2023-01-27,6,Efigas,CE5668,false,false,JOBO,"Sahagún, COR",Mañana,44,true,,SIN,"Sincelejo, SUC",19,,580,Troncal principal,0,6,1,2,11
gas_interrupted_1,2023-01-28,7,Gases del Caribe,CE1359,false,false,JOBO,"Sahagún, COR",Mañana,16,true,,SIN,"Sincelejo, SUC",70,,242,troncal norte,0,8,32,3,9
gas_interrupted_1,2023-01-29,1,Surtigas,CE2308,true,false,BALLE,"Manaure, LAG",Mañana,27,true,,CTG,"Cartagena, BOL",71,,205,ductos varios,13,9,17,14,6
gas_interrupted_1,2023-01-30,2,Gases del Caribe,CE0716,true,false,BALLE,"Manaure, LAG",Tarde,11,true,,MTR,"Montería, COR",98,,304,Regional Sabanas,10,8,26,8,14
gas_interrupted_1,2023-01-31,3,Gases de la Guajira,CE1246,true,false,BALLE,"Manaure, LAG",Madrugada,23,true,,STM,"Santa Marta, MAG",30,,119,Regional Sabanas,18,1,2,1,21
gas_interrupted_2,2023-02-01,4,Gases del Caribe,CE5510,true,false,BALLE,"Manaure, LAG",Madrugada,20,true,,STM,"Santa Marta, MAG",62,,438,regional sur,6,12,6,5,17
gas_interrupted_2,2023-02-02,5,Gasnacer,CE7669,false,false,BALLE,"Manaure, LAG",Tarde,15,true,,BAQ,"Barranquilla, ATL",55,,575,Regional Sabanas,9,7,15,4,19
gas_interrupted_2,2023-02-03,6,Gases de la Guajira,CE6009,true,true,JOBO,"Sahagún, COR",Madrugada,14,true,,VDP,"Valledupar, CES",92,,303,Regional Sabanas,14,19,14,27,1
gas_interrupted_2,2023-02-04,7,Efigas,CE1582,false,false,JOBO,"Sahagún, COR",Madrugada,-13,false,,BAQ,"Barranquilla, ATL",40,,79,Troncal principal,8,19,9,3,5
gas_interrupted_2,2023-02-05,1,Gases del Caribe,CE7154,false,false,JOBO,"Sahagún, COR",Madrugada,-4,false,,CTG,"Cartagena, BOL",69,,98,Regional Sabanas,7,20,25,2,15
gas_interrupted_2,2023-02-06,2,Gases del Caribe,CE8135,false,true,JOBO,"Sahagún, COR",Noche,63,true,,VDP,"Valledupar, CES",74,,192,ductos varios,19,13,37,7,8
gas_interrupted_2,2023-02-07,3,Efigas,CE3550,true,true,BALLE,"Manaure, LAG",Mañana,-12,false,,RIO,"Riohacha, LAG",55,,154,Ramal industrial,16,25,15,0,0
gas_interrupted_2,2023-02-08,4,Surtigas,CE7477,true,false,JOBO,"Sahagún, COR",Madrugada,47,true,,MTR,"Montería, COR",48,,332,regional sur,4,16,31,1,1
gas_interrupted_2,2023-02-09,5,Gases de la Guajira,CE5091,true,false,BALLE,"Manaure, LAG",Noche,23,true,,CTG,"Cartagena, BOL",47,,587,Troncal principal,23,1,0,6,6
gas_interrupted_2,2023-02-10,6,Gasnacer,CE5850,true,false,BALLE,"Manaure, LAG",Noche,20,true,,MAM,"Cartagena, BOL",35,,566,Ramal industrial,20,5,3,2,6
gas_interrupted_2,2023-02-11,7,Efigas,CE7481,true,false,JOBO,"Sahagún, COR",Noche,52,true,,VDP,"Valledupar, CES",116,,205,Ramal industrial,33,0,38,4,15
gas_interrupted_2,2023-02-12,1,Gases de la Guajira,CE2413,true,false,BALLE,"Manaure, LAG",Mañana,34,true,,MTR,"Montería, COR",50,,420,troncal norte,3,23,6,22,6
gas_interrupted_2,2023-02-13,2,Gases de la Guajira,CE1196,true,true,BALLE,"Manaure, LAG",Noche,-5,false,,STM,"Santa Marta, MAG",39,,91,Regional Sabanas,19,6,12,5,4
gas_interrupted_2,2023-02-14,3,Gases de la Guajira,CE6241,true,false,BALLE,"Manaure, LAG",Tarde,44,true,,BAQ,"Barranquilla, ATL",33,,164,ductos varios,3,1,18,2,8
gas_interrupted_2,2023-02-15,4,Gasnacer,CE0216,true,false,JOBO,"Sahagún, COR",Tarde,42,true,,VDP,"Valledupar, CES",94,,203,troncal norte,22,11,19,10,12
gas_interrupted_2,2023-02-16,5,Gasnacer,CE9671,true,false,BALLE,"Manaure, LAG",Tarde,31,true,,STM,"Santa Marta, MAG",66,,447,Regional Sabanas,15,8,0,12,11
gas_interrupted_2,2023-02-17,6,Gasnacer,CE6894,false,false,BALLE,"Manaure, LAG",Mañana,38,true,,VDP,"Valledupar, CES",67,,463,troncal norte,2,33,2,18,4
gas_interrupted_2,2023-02-18,7,Surtigas,CE3261,true,false,BALLE,"Manaure, LAG",Noche,18,true,,RIO,"Riohacha, LAG",37,,155,RAMAL urbano,9,0,17,2,0
gas_interrupted_2,2023-02-19,1,Gasnacer,CE0252,true,false,JOBO,"Sahagún, COR",Madrugada,43,true,,MTR,"Montería, COR",43,,620,Ramal industrial,31,0,3,1,3
gas_interrupted_2,2023-02-20,2,Efigas,CE8696,true,false,BALLE,"Manaure, LAG",Mañana,-8,false,,BAQ,"Barranquilla, ATL",30,,245,Ramal industrial,3,0,2,11,19
gas_interrupted_2,2023-02-21,3,Gases del Caribe,CE0342,true,true,JOBO,"Sahagún, COR",Tarde,8,true,,VDP,"Valledupar, CES",49,,495,troncal norte,3,34,3,3,6
gas_interrupted_2,2023-02-22,4,Gases del Caribe,CE4989,true,false,JOBO,"Sahagún, COR",Madrugada,43,true,,RIO,"Riohacha, LAG",68,,171,Regional Sabanas,5,2,6,38,0
gas_interrupted_2,2023-02-23,5,Efigas,CE7452,true,false,JOBO,"Sahagún, COR",Mañana,11,true,,,"Sincelejo, SUC",40,,319,troncal norte,18,13,3,3,6
gas_interrupted_2,2023-02-24,6,Surtigas,CE6995,true,true,BALLE,"Manaure, LAG",Mañana,25,true,,MAM,"Cartagena, BOL",42,,98,Ramal industrial,17,5,14,1,5
gas_interrupted_2,2023-02-25,7,Gasnacer,CE8966,true,false,BALLE,"Manaure, LAG",Noche,26,true,,VDP,"Valledupar, CES",44,,443,ductos varios,4,9,26,11,3
gas_interrupted_2,2023-02-26,1,Gasnacer,CE5495,true,true,JOBO,"Sahagún, COR",Mañana,23,true,,RIO,"Riohacha, LAG",45,,118,Regional Sabanas,17,5,15,2,6
gas_interrupted_2,2023-02-27,2,Gasnacer,CE3948,false,false,BALLE,"Manaure, LAG",Tarde,30,true,,CTG,"Cartagena, BOL",60,,638,Troncal principal,0,9,16,11,37
gas_interrupted_2,2023-02-28,3,Gases del Caribe,CE3089,true,false,BALLE,"Manaure, LAG",Tarde,9,true,,SIN,"Sincelejo, SUC",55,,65,ductos varios,6,19,5,12,1
gas_interrupted_3,2023-03-01,4,Gasnacer,CE7751,true,false,BALLE,"Manaure, LAG",Noche,3,true,,MAM,"Cartagena, BOL",50,,656,Troncal principal,11,1,12,9,9
gas_interrupted_3,2023-03-02,5,Gases del Caribe,CE2566,false,false,BALLE,"Manaure, LAG",Noche,-7,false,,BAQ,"Barranquilla, ATL",89,,506,Regional Sabanas,28,28,8,1,0
gas_interrupted_3,2023-03-03,6,Gases del Caribe,CE1,false,false,BALLE,"Manaure, LAG",Noche,2,true,,MAM,"Cartagena, BOL",81,,400,ductos varios,16,20,19,17,0
gas_interrupted_3,2023-03-04,7,Gases del Caribe,CE3082,false,false,JOBO,"Sahagún, COR",Madrugada,24,true,,SIN,"Sincelejo, SUC",41,,350,troncal norte,1,15,0,15,0
gas_interrupted_3,2023-03-05,1,Gases del Caribe,CE5070,true,false,JOBO,"Sahagún, COR",Noche,-9,false,,SIN,"Sincelejo, SUC",88,,519,Troncal principal,20,21,0,3,29
gas_interrupted_3,2023-03-06,2,Gasnacer,CE0968,true,true,BALLE,"Manaure, LAG",Noche,-12,false,,STM,"Santa Marta, MAG",105,,314,RAMAL urbano,30,19,1,9,11
gas_interrupted_3,2023-03-07,3,Gasnacer,CE1748,true,false,BALLE,"Manaure, LAG",Madrugada,5,true,,CTG,"Cartagena, BOL",47,,659,ductos varios,21,7,2,4,9
gas_interrupted_3,2023-03-08,4,Efigas,CE2116,true,false,BALLE,"Manaure, LAG",Noche,-11,false,,RIO,"Riohacha, LAG",62,,611,Ramal industrial,23,8,15,2,2
gas_interrupted_3,2023-03-09,5,Efigas,CE9822,true,true,BALLE,"Manaure, LAG",Noche,26,true,,STM,"Santa Marta, MAG",59,,62,Troncal principal,25,15,2,0,3
gas_interrupted_3,2023-03-10,6,Surtigas,CE4949,true,false,BALLE,"Manaure, LAG",Madrugada,49,true,,RIO,"Riohacha, LAG",44,,400,Regional Sabanas,13,3,18,22,0
gas_interrupted_3,2023-03-11,7,Efigas,CE6011,false,true,JOBO,"Sahagún, COR",Noche,25,true,,SIN,"Sincelejo, SUC",46,,492,Regional Sabanas,4,12,3,10,3
gas_interrupted_3,2023-03-12,1,Efigas,CE7047,true,false,JOBO,"Sahagún, COR",Noche,1,true,,STM,"Santa Marta, MAG",30,,437,RAMAL urbano,0,1,27,3,3
gas_interrupted_3,2023-03-13,2,Gases de la Guajira,CE0081,true,false,JOBO,"Sahagún, COR",Noche,-9,false,,RIO,"Riohacha, LAG",40,,446,Troncal principal,8,3,7,3,13
gas_interrupted_3,2023-03-14,3,Surtigas,CE7457,false,false,JOBO,"Sahagún, COR",Mañana,15,true,,MAM,"Cartagena, BOL",17,,358,ductos varios,7,6,0,6,2
gas_interrupted_3,2023-03-15,4,Surtigas,CE1395,true,true,JOBO,"Sahagún, COR",Noche,23,true,,MTR,"Montería, COR",42,,416,Ramal industrial,25,3,3,11,0
gas_interrupted_3,2023-03-16,5,Surtigas,CE2390,true,false,JOBO,"Sahagún, COR",Mañana,35,true,,CTG,"Cartagena, BOL",110,,156,RAMAL urbano,25,26,27,1,2
gas_interrupted_3,2023-03-17,6,Efigas,CE6036,true,false,BALLE,"Manaure, LAG",Mañana,41,true,,SIN,"Sincelejo, SUC",112,,579,RAMAL urbano,29,6,32,2,10
gas_interrupted_3,2023-03-18,7,Gases del Caribe,CE6716,false,false,JOBO,"Sahagún, COR",Noche,50,true,,BAQ,"Barranquilla, ATL",63,,392,ductos varios,31,20,18,13,7
gas_interrupted_3,2023-03-19,1,Surtigas,CE2053,false,false,BALLE,"Manaure, LAG",Tarde,61,true,,VDP,"Valledupar, CES",34,,429,troncal norte,11,2,19,5,0
gas_interrupted_3,2023-03-20,2,Efigas,CE5200,false,true,JOBO,"Sahagún, COR",Tarde,29,true,,STM,"Santa Marta, MAG",81,,328,Regional Sabanas,17,31,2,13,10
gas_interrupted_3,2023-03-21,3,Gases de la Guajira,CE9972,true,false,BALLE,"Manaure, LAG",Noche,12,true,,RIO,"Riohacha, LAG",45,,606,Regional Sabanas,3,3,34,8,8
gas_interrupted_3,2023-03-22,4,Surtigas,CE2741,true,false,JOBO,"Sahagún, COR",Mañana,52,true,,MTR,"Montería, COR",149,,83,Troncal principal,31,0,8,31,32
gas_interrupted_3,2023-03-23,5,Gases de la Guajira,CE8034,false,false,JOBO,"Sahagún, COR",Mañana,33,true,,MAM,"Cartagena, BOL",43,,573,ductos varios,9,4,5,0,12
gas_interrupted_3,2023-03-24,6,Gases del Caribe,CE0605,true,false,BALLE,"Manaure, LAG",Noche,17,true,,CTG,"Cartagena, BOL",59,,497,RAMAL urbano,26,4,27,4,11
gas_interrupted_3,2023-03-25,7,Gasnacer,CE5931,true,true,BALLE,"Manaure, LAG",Tarde,1,true,,STM,"Santa Marta, MAG",84,,297,troncal norte,9,1,14,23,10
gas_interrupted_3,2023-03-26,1,Gasnacer,CE1849,true,false,BALLE,"Manaure, LAG",Madrugada,2,true,,SIN,"Sincelejo, SUC",41,,387,Ramal industrial,1,5,8,29,0
gas_interrupted_3,2023-03-27,2,Gases de la Guajira,CE5965,true,true,BALLE,"Manaure, LAG",Noche,21,true,,CTG,"Cartagena, BOL",54,,91,Regional Sabanas,18,3,3,29,2
gas_interrupted_3,2023-03-28,null,Surtigas,CE2373,true,true,BALLE,"Manaure, LAG",Tarde,35,true,,SIN,"Sincelejo, SUC",39,,491,RAMAL urbano,2,4,25,0,6
gas_interrupted_3,2023-03-29,4,Gasnacer,CE5861,false,false,JOBO,"Sahagún, COR",Mañana,6,true,,STM,"Santa Marta, MAG",51,,582,ductos varios,0,11,0,34,5
gas_interrupted_3,2023-03-30,5,Efigas,CE2005,true,false,,"Sahagún, COR",Tarde,62,true,,CTG,"Cartagena, BOL",29,,497,Regional Sabanas,1,6,0,11,22
gas_interrupted_3,2023-03-31,6,Gases del Caribe,CE7324,true,false,BALLE,"Manaure, LAG",Mañana,9,true,,VDP,"Valledupar, CES",43,,520,RAMAL urbano,11,8,18,8,6
gas_interrupted_4,2023-04-01,7,Gases de la Guajira,CE5682,true,false,BALLE,"Manaure, LAG",Madrugada,26,true,,MAM,"Cartagena, BOL",41,,405,Ramal industrial,6,5,2,6,29
gas_interrupted_4,2023-04-02,1,Efigas,CE9368,true,false,JOBO,"Sahagún, COR",Tarde,23,true,,VDP,"Valledupar, CES",41,,410,troncal norte,0,7,39,3,5
gas_interrupted_4,2023-04-03,2,Surtigas,CE4257,true,false,BALLE,"Manaure, LAG",Tarde,28,true,,MTR,"Montería, COR",45,,120,Troncal principal,2,21,0,1,7
gas_interrupted_4,2023-04-04,3,Gasnacer,CE9656,true,false,JOBO,"Sahagún, COR",Mañana,36,true,,STM,"Santa Marta, MAG",126,,601,regional sur,34,12,7,11,33
gas_interrupted_4,2023-04-05,4,Surtigas,CE4492,true,false,BALLE,"Manaure, LAG",Madrugada,44,true,,SIN,"Sincelejo, SUC",62,,387,regional sur,19,10,9,10,0
gas_interrupted_4,2023-04-06,5,Gases de la Guajira,CE5836,false,false,JOBO,"Sahagún, COR",Noche,36,true,,MTR,"Montería, COR",58,,189,Ramal industrial,5,20,14,18,23
gas_interrupted_4,2023-04-07,6,Efigas,CE2353,false,false,BALLE,"Manaure, LAG",Madrugada,34,true,,STM,"Santa Marta, MAG",59,,248,Troncal principal,11,19,12,0,1
gas_interrupted_4,2023-04-08,null,Surtigas,CE3869,true,true,JOBO,"Sahagún, COR",Noche,49,true,,SIN,"Sincelejo, SUC",58,,593,Troncal principal,13,5,1,27,2
gas_interrupted_4,2023-04-09,1,Gases del Caribe,CE8353,false,false,BALLE,"Manaure, LAG",Tarde,-6,false,,MTR,"Montería, COR",65,,375,regional sur,16,0,8,17,5
gas_interrupted_4,2023-04-10,2,Surtigas,CE2072,true,false,BALLE,"Manaure, LAG",Noche,-4,false,,BAQ,"Barranquilla, ATL",103,,147,Ramal industrial,2,9,17,24,27
gas_interrupted_4,2023-04-11,3,Efigas,CE3557,false,false,JOBO,"Sahagún, COR",Madrugada,50,true,,VDP,"Valledupar, CES",28,,71,Troncal principal,16,4,2,10,7
gas_interrupted_4,2023-04-12,4,Gases del Caribe,CE9313,false,false,JOBO,"Sahagún, COR",Madrugada,-11,false,,STM,"Santa Marta, MAG",58,,377,regional sur,16,18,4,0,4
gas_interrupted_4,2023-04-13,5,Gasnacer,CE2777,true,true,JOBO,"Sahagún, COR",Madrugada,38,true,,BAQ,"Barranquilla, ATL",40,,71,Ramal industrial,1,28,2,10,2
gas_interrupted_4,2023-04-14,6,Gases de la Guajira,CE0790,true,false,JOBO,"Sahagún, COR",Mañana,48,true,,CTG,"Cartagena, BOL",23,,146,Ramal industrial,3,2,10,8,9
gas_interrupted_4,2023-04-15,7,Gases de la Guajira,CE8680,true,false,BALLE,"Manaure, LAG",Tarde,25,true,,RIO,"Riohacha, LAG",70,,546,ductos varios,15,6,11,11,10
gas_interrupted_4,2023-04-16,1,Gases de la Guajira,CE7314,false,false,BALLE,"Manaure, LAG",Noche,48,true,,RIO,"Riohacha, LAG",35,,215,ductos varios,21,8,6,4,4
gas_interrupted_4,2023-04-17,2,Gases de la Guajira,CE0604,true,false,JOBO,"Sahagún, COR",Mañana,34,true,,VDP,"Valledupar, CES",122,,65,Regional Sabanas,35,20,14,18,6
gas_interrupted_4,2023-04-18,3,Efigas,CE0497,true,false,BALLE,"Manaure, LAG",Madrugada,26,true,,BAQ,"Barranquilla, ATL",30,,604,Regional Sabanas,2,3,7,6,4
gas_interrupted_4,2023-04-19,4,Efigas,CE0858,true,false,JOBO,"Sahagún, COR",Mañana,60,true,,MAM,"Cartagena, BOL",36,,117,Regional Sabanas,1,4,18,12,3
gas_interrupted_4,2023-04-20,5,Efigas,CE1831,false,false,BALLE,"Manaure, LAG",Tarde,7,true,,MTR,"Montería, COR",67,,173,troncal norte,16,0,2,2,32
gas_interrupted_4,2023-04-21,6,Gasnacer,CE6689,true,false,BALLE,"Manaure, LAG",Madrugada,47,true,,STM,"Santa Marta, MAG",41,,505,RAMAL urbano,0,20,4,2,9
gas_interrupted_4,2023-04-22,7,Gases del Caribe,CE1205,true,false,JOBO,"Sahagún, COR",Madrugada,-2,false,,CTG,"Cartagena, BOL",26,,193,ductos varios,22,0,2,0,1
gas_interrupted_4,2023-04-23,1,Gases del Caribe,CE8172,true,false,JOBO,"Sahagún, COR",Madrugada,11,true,,BAQ,"Barranquilla, ATL",78,,121,Troncal principal,25,29,19,9,4
gas_interrupted_4,2023-04-24,2,Surtigas,CE7251,false,false,BALLE,"Manaure, LAG",Noche,7,true,,MTR,"Montería, COR",38,,90,Regional Sabanas,23,2,3,1,14
gas_interrupted_4,2023-04-25,3,Efigas,CE0586,false,true,BALLE,"Manaure, LAG",Noche,58,true,,STM,"Santa Marta, MAG",40,,479,Ramal industrial,9,19,4,5,17
gas_interrupted_4,2023-04-26,4,Gasnacer,CE1905,true,true,BALLE,"Manaure, LAG",Tarde,-6,false,,VDP,"Valledupar, CES",42,,363,RAMAL urbano,18,5,3,3,4
gas_interrupted_4,2023-04-27,5,Gases de la Guajira,CE8764,false,true,BALLE,"Manaure, LAG",Noche,55,true,,CTG,"Cartagena, BOL",69,,166,RAMAL urbano,8,15,12,33,10
gas_interrupted_4,2023-04-28,6,Gasnacer,CE8955,true,true,JOBO,"Sahagún, COR",Tarde,-12,false,,MTR,"Montería, COR",53,,483,troncal norte,1,18,7,9,20
gas_interrupted_4,2023-04-29,7,Gases del Caribe,CE9122,true,false,JOBO,"Sahagún, COR",Madrugada,16,true,,CTG,"Cartagena, BOL",25,,171,RAMAL urbano,7,1,9,8,1
gas_interrupted_4,2023-04-30,1,Efigas,CE5858,false,false,JOBO,"Sahagún, COR",Tarde,43,true,,STM,"Santa Marta, MAG",73,,535,Troncal principal,12,8,25,0,18
gas_interrupted_5,2023-05-01,2,Surtigas,CE1907,true,true,JOBO,"Sahagún, COR",Tarde,12,true,,SIN,"Sincelejo, SUC",44,,100,troncal norte,5,13,3,13,0
gas_interrupted_5,2023-05-02,3,Efigas,CE5571,true,false,JOBO,"Sahagún, COR",Madrugada,-1,false,,VDP,"Valledupar, CES",83,,548,Regional Sabanas,1,20,7,9,25
gas_interrupted_5,2023-05-03,4,Surtigas,CE1149,true,false,BALLE,"Manaure, LAG",Tarde,6,true,,MTR,"Montería, COR",45,,626,troncal norte,14,6,2,14,1
gas_interrupted_5,2023-05-04,5,Gases de la Guajira,CE8532,false,false,JOBO,"Sahagún, COR",Noche,10,true,,VDP,"Valledupar, CES",43,,385,Troncal principal,12,5,5,9,0
gas_interrupted_5,2023-05-05,6,Gases del Caribe,CE9208,true,false,JOBO,"Sahagún, COR",Madrugada,0,false,,RIO,"Riohacha, LAG",44,,262,Troncal principal,18,5,6,2,0
gas_interrupted_5,2023-05-06,7,Gasnacer,CE3882,true,false,JOBO,"Sahagún, COR",Mañana,19,true,,MAM,"Cartagena, BOL",61,,142,regional sur,27,5,24,5,0
gas_interrupted_5,2023-05-07,1,Efigas,CE3846,true,false,JOBO,"Sahagún, COR",Mañana,42,true,,BAQ,"Barranquilla, ATL",39,,379,Regional Sabanas,6,18,3,11,14
gas_interrupted_5,2023-05-08,2,Gases de la Guajira,CE9665,true,false,BALLE,"Manaure, LAG",Noche,36,true,,RIO,"Riohacha, LAG",68,,118,Ramal industrial,4,3,12,29,10
gas_interrupted_5,2023-05-09,3,Surtigas,CE1255,true,false,JOBO,"Sahagún, COR",Tarde,-4,false,,MTR,"Montería, COR",39,,335,Troncal principal,1,11,12,3,8
gas_interrupted_5,2023-05-10,4,Gasnacer,CE1,false,false,JOBO,"Sahagún, COR",Tarde,54,true,,SIN,"Sincelejo, SUC",67,,546,Regional Sabanas,18,1,13,0,17
gas_interrupted_5,2023-05-11,5,Gasnacer,CE9255,true,false,JOBO,"Sahagún, COR",Mañana,34,true,,RIO,"Riohacha, LAG",39,,216,ductos varios,0,1,6,15,4
gas_interrupted_5,2023-05-12,6,Efigas,CE1476,false,false,JOBO,"Sahagún, COR",Noche,54,true,,STM,"Santa Marta, MAG",17,,472,Regional Sabanas,0,5,1,2,7
gas_interrupted_5,2023-05-13,7,Gasnacer,CE6106,true,true,JOBO,"Sahagún, COR",Noche,37,true,,STM,"Santa Marta, MAG",31,,593,ductos varios,16,6,2,1,7
gas_interrupted_5,2023-05-14,1,Gases del Caribe,CE0369,false,true,JOBO,"Sahagún, COR",Madrugada,38,true,,MTR,"Montería, COR",61,,496,regional sur,14,4,0,29,7
gas_interrupted_5,2023-05-15,2,Efigas,CE9718,true,true,JOBO,"Sahagún, COR",Mañana,-3,false,,MAM,"Cartagena, BOL",77,,117,ductos varios,2,17,27,4,10
gas_interrupted_5,2023-05-16,3,Gases de la Guajira,CE6099,true,true,JOBO,"Sahagún, COR",Madrugada,41,true,,MTR,"Montería, COR",16,,93,Troncal principal,12,5,0,0,2
gas_interrupted_5,2023-05-17,4,Gasnacer,CE5443,true,true,BALLE,"Manaure, LAG",Mañana,27,true,,MTR,"Montería, COR",96,,650,RAMAL urbano,13,14,24,1,17
gas_interrupted_5,2023-05-18,5,Gasnacer,CE3572,true,false,JOBO,"Sahagún, COR",Madrugada,39,true,,MTR,"Montería, COR",33,,168,troncal norte,7,9,2,4,9
gas_interrupted_5,2023-05-19,6,Gases del Caribe,CE0873,false,false,JOBO,"Sahagún, COR",Tarde,0,false,,VDP,"Valledupar, CES",24,,442,ductos varios,4,6,17,1,1
gas_interrupted_5,2023-05-20,7,Surtigas,CE9982,true,false,BALLE,"Manaure, LAG",Madrugada,7,true,,VDP,"Valledupar, CES",48,,302,regional sur,23,8,0,18,0
gas_interrupted_5,2023-05-21,1,Efigas,CE0170,true,true,JOBO,"Sahagún, COR",Mañana,43,true,,BAQ,"Barranquilla, ATL",52,,241,Ramal industrial,4,0,26,17,26
gas_interrupted_5,2023-05-22,2,Gases de la Guajira,CE6550,true,false,JOBO,"Sahagún, COR",Madrugada,-7,false,,CTG,"Cartagena, BOL",59,,519,Ramal industrial,11,16,18,31,3
gas_interrupted_5,2023-05-23,3,Gasnacer,CE3024,true,true,BALLE,"Manaure, LAG",Tarde,22,true,,MTR,"Montería, COR",83,,449,Regional Sabanas,7,20,8,5,27
gas_interrupted_5,2023-05-24,4,Gases del Caribe,CE9383,true,true,JOBO,"Sahagún, COR",Madrugada,52,true,,STM,"Santa Marta, MAG",27,,479,Regional Sabanas,12,0,2,6,4
gas_interrupted_5,2023-05-25,5,Efigas,CE4212,false,true,BALLE,"Manaure, LAG",Noche,64,true,,MTR,"Montería, COR",48,,87,Troncal principal,0,11,6,25,10
gas_interrupted_5,2023-05-26,6,Efigas,CE7458,true,false,BALLE,"Manaure, LAG",Noche,22,true,,STM,"Santa Marta, MAG",83,,516,Ramal industrial,1,7,25,21,14
gas_interrupted_5,2023-05-27,7,Gases del Caribe,CE4033,true,false,JOBO,"Sahagún, COR",Mañana,31,true,,VDP,"Valledupar, CES",68,,250,Troncal principal,2,5,27,35,22
gas_interrupted_5,2023-05-28,1,Efigas,CE9355,false,false,JOBO,"Sahagún, COR",Tarde,55,true,,MTR,"Montería, COR",66,,497,troncal norte,27,4,11,2,10
gas_interrupted_5,2023-05-29,2,Surtigas,CE4083,true,false,JOBO,"Sahagún, COR",Noche,-1,false,,VDP,"Valledupar, CES",104,,125,regional sur,31,4,18,2,26
gas_interrupted_5,2023-05-30,3,Efigas,CE2440,true,false,JOBO,"Sahagún, COR",Noche,19,true,,MTR,"Montería, COR",34,,633,troncal norte,6,3,14,14,5
gas_interrupted_5,2023-05-31,4,Surtigas,CE5959,true,false,BALLE,"Manaure, LAG",Madrugada,3,true,,BAQ,"Barranquilla, ATL",57,,446,Ramal industrial,0,12,6,9,13
gas_interrupted_6,2023-06-01,5,Gases del Caribe,CE1272,true,true,BALLE,"Manaure, LAG",Madrugada,-10,false,,STM,"Santa Marta, MAG",37,,213,troncal norte,4,16,0,17,0
gas_interrupted_6,2023-06-02,6,Efigas,CE2693,true,true,BALLE,"Manaure, LAG",Tarde,11,true,,VDP,"Valledupar, CES",65,,499,Troncal principal,12,9,12,11,4
gas_interrupted_6,2023-06-03,7,Gases de la Guajira,CE3845,true,false,JOBO,"Sahagún, COR",Tarde,33,true,,RIO,"Riohacha, LAG",84,,507,troncal norte,3,30,2,23,5
gas_interrupted_6,2023-06-04,1,Gasnacer,CE8197,false,false,BALLE,"Manaure, LAG",Noche,0,false,,RIO,"Riohacha, LAG",62,,645,troncal norte,31,0,2,4,5
gas_interrupted_6,2023-06-05,2,Efigas,CE3830,false,false,JOBO,"Sahagún, COR",Madrugada,-6,false,,BAQ,"Barranquilla, ATL",19,,330,regional sur,4,8,5,0,1
gas_interrupted_6,2023-06-06,3,Efigas,CE0778,true,true,JOBO,"Sahagún, COR",Madrugada,-8,false,,STM,"Santa Marta, MAG",35,,589,Regional Sabanas,11,3,3,7,4
gas_interrupted_6,2023-06-07,4,Gases del Caribe,CE3522,true,false,JOBO,"Sahagún, COR",Madrugada,34,true,,VDP,"Valledupar, CES",23,,641,Regional Sabanas,6,4,2,0,8
gas_interrupted_6,2023-06-08,5,Efigas,CE5310,true,true,BALLE,"Manaure, LAG",Mañana,41,true,,MTR,"Montería, COR",29,,417,Ramal industrial,0,2,5,27,4
gas_interrupted_6,2023-06-09,6,Gasnacer,CE1845,false,false,JOBO,"Sahagún, COR",Mañana,-12,false,,SIN,"Sincelejo, SUC",38,,241,troncal norte,1,0,17,8,6
gas_interrupted_6,2023-06-10,7,Gases del Caribe,CE5060,true,true,JOBO,"Sahagún, COR",Tarde,17,true,,VDP,"Valledupar, CES",75,,110,RAMAL urbano,0,34,7,0,15
gas_interrupted_6,2023-06-11,1,Gases del Caribe,CE9909,true,false,JOBO,"Sahagún, COR",Madrugada,29,true,,STM,"Santa Marta, MAG",51,,588,Ramal industrial,23,9,2,1,0
gas_interrupted_6,2023-06-12,2,Gases del Caribe,CE2632,true,false,JOBO,"Sahagún, COR",Tarde,22,true,,BAQ,"Barranquilla, ATL",16,,366,RAMAL urbano,5,1,5,0,0
gas_interrupted_6,2023-06-13,3,Gases del Caribe,CE6259,false,false,JOBO,"Sahagún, COR",Noche,5,true,,SIN,"Sincelejo, SUC",42,,245,troncal norte,15,8,1,19,7
gas_interrupted_6,2023-06-14,4,Gases del Caribe,CE0081,true,false,JOBO,"Sahagún, COR",Noche,10,true,,MAM,"Cartagena, BOL",17,,598,Troncal principal,4,6,6,0,0
gas_interrupted_6,2023-06-15,5,Efigas,CE3366,true,false,JOBO,"Sahagún, COR",Tarde,39,true,,SIN,"Sincelejo, SUC",55,,431,RAMAL urbano,0,26,4,12,14
gas_interrupted_6,2023-06-16,6,Gasnacer,CE9417,true,true,JOBO,"Sahagún, COR",Madrugada,-14,false,,BAQ,"Barranquilla, ATL",98,,544,regional sur,30,6,10,0,26
gas_interrupted_6,2023-06-17,7,Gases del Caribe,CE2346,true,true,JOBO,"Sahagún, COR",Noche,29,true,,VDP,"Valledupar, CES",73,,597,Troncal principal,18,7,5,18,2
gas_interrupted_6,2023-06-18,1,Surtigas,CE7381,false,true,JOBO,"Sahagún, COR",Mañana,48,true,,MAM,"Cartagena, BOL",40,,90,RAMAL urbano,0,1,12,12,4
gas_interrupted_6,2023-06-19,2,Efigas,CE1629,true,true,JOBO,"Sahagún, COR",Madrugada,31,true,,MTR,"Montería, COR",67,,211,troncal norte,13,9,25,19,2
gas_interrupted_6,2023-06-20,3,Gases de la Guajira,CE1,false,false,BALLE,"Manaure, LAG",Tarde,24,true,,SIN,"Sincelejo, SUC",40,,497,Ramal industrial,3,19,2,24,2
gas_interrupted_6,2023-06-21,4,Gases del Caribe,CE4135,false,false,JOBO,"Sahagún, COR",Noche,10,true,,MAM,"Cartagena, BOL",19,,254,troncal norte,5,0,2,2,9
gas_interrupted_6,2023-06-22,5,Surtigas,CE9438,false,false,JOBO,"Sahagún, COR",Mañana,28,true,,MTR,"Montería, COR",39,,286,Troncal principal,6,10,2,22,0
gas_interrupted_6,2023-06-23,6,Gases de la Guajira,CE5148,true,false,BALLE,"Manaure, LAG",Tarde,-10,false,,BAQ,"Barranquilla, ATL",56,,627,regional sur,8,5,17,1,15
gas_interrupted_6,2023-06-24,7,Gases del Caribe,CE9633,true,false,JOBO,"Sahagún, COR",Tarde,5,true,,VDP,"Valledupar, CES",66,,62,RAMAL urbano,21,4,6,31,0
gas_interrupted_6,2023-06-25,1,Gases del Caribe,CE5740,true,false,BALLE,"Manaure, LAG",Tarde,32,true,,RIO,"Riohacha, LAG",49,,320,Regional Sabanas,1,14,10,4,4
gas_interrupted_6,2023-06-26,2,Gasnacer,CE2268,true,false,JOBO,"Sahagún, COR",Mañana,56,true,,BAQ,"Barranquilla, ATL",48,,593,RAMAL urbano,2,9,0,28,2
gas_interrupted_6,2023-06-27,3,Surtigas,CE4318,true,false,JOBO,"Sahagún, COR",Mañana,55,true,,CTG,"Cartagena, BOL",93,,181,regional sur,16,33,11,1,9
gas_interrupted_6,2023-06-28,4,Gasnacer,CE4649,true,false,JOBO,"Sahagún, COR",Madrugada,26,true,,CTG,"Cartagena, BOL",55,,531,Troncal principal,13,18,14,0,8
gas_interrupted_6,2023-06-29,5,Gases de la Guajira,CE9525,false,false,JOBO,"Sahagún, COR",Mañana,-3,false,,VDP,"Valledupar, CES",44,,374,regional sur,10,9,16,0,1
gas_interrupted_6,2023-06-30,6,Surtigas,CE9779,true,true,JOBO,"Sahagún, COR",Mañana,0,false,,SIN,"Sincelejo, SUC",30,,459,ductos varios,2,15,2,1,3
gas_interrupted_7,2023-07-01,7,Gases de la Guajira,CE3678,false,false,BALLE,"Manaure, LAG",Madrugada,17,true,,STM,"Santa Marta, MAG",83,,643,ductos varios,1,4,28,13,13
gas_interrupted_7,2023-07-02,1,Efigas,CE6452,false,false,BALLE,"Manaure, LAG",Noche,45,true,,BAQ,"Barranquilla, ATL",39,,656,Ramal industrial,19,10,1,12,1
gas_interrupted_7,2023-07-03,2,Efigas,CE5255,true,true,JOBO,"Sahagún, COR",Mañana,1,true,,CTG,"Cartagena, BOL",45,,340,Troncal principal,8,2,12,1,15
gas_interrupted_7,2023-07-04,3,Surtigas,CE8395,true,false,JOBO,"Sahagún, COR",Madrugada,14,true,,STM,"Santa Marta, MAG",22,,472,RAMAL urbano,0,6,4,7,4
gas_interrupted_7,2023-07-05,4,Surtigas,CE5679,true,false,,"Manaure, LAG",Madrugada,14,true,,SIN,"Sincelejo, SUC",37,,227,Troncal principal,5,9,4,1,14
gas_interrupted_7,2023-07-06,5,Gases de la Guajira,CE5637,true,true,JOBO,"Sahagún, COR",Tarde,20,true,,MAM,"Cartagena, BOL",106,,139,RAMAL urbano,6,27,34,5,0
gas_interrupted_7,2023-07-07,6,Gasnacer,CE8208,true,false,BALLE,"Manaure, LAG",Tarde,39,true,,MAM,"Cartagena, BOL",28,,653,Ramal industrial,21,7,1,1,10
gas_interrupted_7,2023-07-08,7,Gasnacer,CE4900,true,false,JOBO,"Sahagún, COR",Tarde,59,true,,CTG,"Cartagena, BOL",74,,624,Ramal industrial,20,4,34,0,20
gas_interrupted_7,2023-07-09,1,Gases de la Guajira,CE1944,true,false,JOBO,"Sahagún, COR",Madrugada,6,true,,STM,"Santa Marta, MAG",49,,308,regional sur,19,1,0,4,9
gas_interrupted_7,2023-07-10,2,Gasnacer,CE0011,true,false,JOBO,"Sahagún, COR",Madrugada,-15,false,,CTG,"Cartagena, BOL",48,,524,Ramal industrial,6,21,16,5,3
gas_interrupted_7,2023-07-11,3,Gases de la Guajira,CE9192,true,false,BALLE,"Manaure, LAG",Mañana,52,true,,BAQ,"Barranquilla, ATL",35,,250,Regional Sabanas,6,10,1,4,17
gas_interrupted_7,2023-07-12,4,Gases de la Guajira,CE8591,true,true,JOBO,"Sahagún, COR",Mañana,40,true,,STM,"Santa Marta, MAG",45,,125,Ramal industrial,2,14,10,1,4
gas_interrupted_7,2023-07-13,5,Surtigas,CE5053,true,false,JOBO,"Sahagún, COR",Mañana,37,true,,STM,"Santa Marta, MAG",56,,278,RAMAL urbano,19,2,2,3,28
gas_interrupted_7,2023-07-14,6,Surtigas,CE3108,true,true,JOBO,"Sahagún, COR",Tarde,-10,false,,CTG,"Cartagena, BOL",35,,267,regional sur,11,11,15,4,0
gas_interrupted_7,2023-07-15,7,Surtigas,CE3951,false,false,JOBO,"Sahagún, COR",Noche,-9,false,,SIN,"Sincelejo, SUC",58,,316,Regional Sabanas,15,2,6,15,9
gas_interrupted_7,2023-07-16,1,Gases del Caribe,CE7293,true,false,BALLE,"Manaure, LAG",Noche,31,true,,STM,"Santa Marta, MAG",47,,82,Ramal industrial,3,0,0,0,29
gas_interrupted_7,2023-07-17,2,Efigas,CE5225,true,false,JOBO,"Sahagún, COR",Tarde,44,true,,VDP,"Valledupar, CES",44,,65,RAMAL urbano,19,19,0,2,5
gas_interrupted_7,2023-07-18,3,Gases del Caribe,CE0287,false,true,BALLE,"Manaure, LAG",Tarde,20,true,,RIO,"Riohacha, LAG",51,,118,Ramal industrial,15,5,14,0,24
gas_interrupted_7,2023-07-19,4,Gases de la Guajira,CE6693,true,true,JOBO,"Sahagún, COR",Tarde,32,true,,MTR,"Montería, COR",36,,142,Troncal principal,8,5,19,1,5
gas_interrupted_7,2023-07-20,5,Surtigas,CE1833,true,false,JOBO,"Sahagún, COR",Tarde,-11,false,,BAQ,"Barranquilla, ATL",34,,556,ductos varios,0,12,1,18,0
gas_interrupted_7,2023-07-21,6,Gases de la Guajira,CE7625,true,false,BALLE,"Manaure, LAG",Tarde,9,true,,VDP,"Valledupar, CES",49,,111,ductos varios,7,22,6,0,15
gas_interrupted_7,2023-07-22,7,Gases de la Guajira,CE2345,true,false,BALLE,"Manaure, LAG",Noche,56,true,,CTG,"Cartagena, BOL",27,,563,regional sur,7,6,7,4,6
gas_interrupted_7,2023-07-23,1,Efigas,CE4768,true,false,BALLE,"Manaure, LAG",Mañana,-10,false,,RIO,"Riohacha, LAG",69,,412,regional sur,23,4,2,12,26
gas_interrupted_7,2023-07-24,2,Surtigas,CE0666,true,false,JOBO,"Sahagún, COR",Tarde,50,true,,MTR,"Montería, COR",79,,313,RAMAL urbano,20,23,9,14,1
gas_interrupted_7,2023-07-25,3,Surtigas,CE8327,true,false,JOBO,"Sahagún, COR",Mañana,30,true,,RIO,"Riohacha, LAG",22,,319,RAMAL urbano,2,8,3,0,6
gas_interrupted_7,2023-07-26,4,Efigas,CE1267,true,true,BALLE,"Manaure, LAG",Mañana,40,true,,STM,"Santa Marta, MAG",52,,482,RAMAL urbano,5,4,25,2,13
gas_interrupted_7,2023-07-27,5,Gases del Caribe,CE0567,true,true,BALLE,"Manaure, LAG",Tarde,23,true,,VDP,"Valledupar, CES",38,,302,RAMAL urbano,25,0,1,8,9
gas_interrupted_7,2023-07-28,6,Surtigas,CE9748,true,false,JOBO,"Sahagún, COR",Tarde,48,true,,CTG,"Cartagena, BOL",31,,504,ductos varios,16,14,2,5,1
gas_interrupted_7,2023-07-29,7,Efigas,CE7889,true,false,BALLE,"Manaure, LAG",Madrugada,-8,false,,SIN,"Sincelejo, SUC",112,,119,ductos varios,7,9,16,30,22
gas_interrupted_7,2023-07-30,1,Surtigas,CE6340,false,false,BALLE,"Manaure, LAG",Madrugada,50,true,,MTR,"Montería, COR",30,,104,troncal norte,2,5,1,6,12
gas_interrupted_7,2023-07-31,2,Gases de la Guajira,CE9690,true,true,JOBO,"Sahagún, COR",Tarde,9,true,,MTR,"Montería, COR",39,,196,Ramal industrial,19,2,1,2,11
gas_interrupted_8,2023-08-01,3,Gases de la Guajira,CE4059,true,true,BALLE,"Manaure, LAG",Noche,29,true,,VDP,"Valledupar, CES",53,,189,Ramal industrial,14,2,27,10,1
gas_interrupted_8,2023-08-02,4,Gases del Caribe,CE7816,true,false,JOBO,"Sahagún, COR",Mañana,46,true,,RIO,"Riohacha, LAG",75,,108,regional sur,21,16,2,7,8
gas_interrupted_8,2023-08-03,5,Gases del Caribe,CE1,true,false,BALLE,"Manaure, LAG",Tarde,51,true,,CTG,"Cartagena, BOL",26,,235,Troncal principal,0,4,2,5,7
gas_interrupted_8,2023-08-04,6,Gasnacer,CE6758,true,false,BALLE,"Manaure, LAG",Noche,-15,false,,RIO,"Riohacha, LAG",46,,230,ductos varios,15,1,5,1,14
gas_interrupted_8,2023-08-05,7,Surtigas,CE6121,true,false,JOBO,"Sahagún, COR",Noche,24,true,,MTR,"Montería, COR",42,,449,Regional Sabanas,2,31,2,9,1
gas_interrupted_8,2023-08-06,1,Gases del Caribe,CE1126,true,true,JOBO,"Sahagún, COR",Madrugada,11,true,,MTR,"Montería, COR",53,,378,regional sur,15,0,4,8,11
gas_interrupted_8,2023-08-07,2,Gases del Caribe,CE2009,true,false,BALLE,"Manaure, LAG",Madrugada,16,true,,RIO,"Riohacha, LAG",21,,536,Ramal industrial,4,0,1,13,0
gas_interrupted_8,2023-08-08,3,Efigas,CE8347,false,false,JOBO,"Sahagún, COR",Noche,-9,false,,BAQ,"Barranquilla, ATL",62,,623,Regional Sabanas,37,13,2,7,15
gas_interrupted_8,2023-08-09,4,Gases del Caribe,CE7980,true,false,BALLE,"Manaure, LAG",Madrugada,8,true,,SIN,"Sincelejo, SUC",29,,164,Ramal industrial,0,9,3,22,2
gas_interrupted_8,2023-08-10,5,Surtigas,CE5803,true,false,BALLE,"Manaure, LAG",Tarde,-10,false,,MTR,"Montería, COR",26,,635,Regional Sabanas,1,9,4,1,20
gas_interrupted_8,2023-08-11,6,Gases de la Guajira,CE3109,true,true,BALLE,"Manaure, LAG",Noche,24,true,,RIO,"Riohacha, LAG",28,,413,troncal norte,21,6,1,0,0
gas_interrupted_8,2023-08-12,7,Gases del Caribe,CE6153,true,false,JOBO,"Sahagún, COR",Tarde,-5,false,,RIO,"Riohacha, LAG",40,,62,Troncal principal,4,0,9,14,1
gas_interrupted_8,2023-08-13,1,Surtigas,CE7243,false,true,BALLE,"Manaure, LAG",Mañana,39,true,,SIN,"Sincelejo, SUC",65,,652,Ramal industrial,11,15,1,18,0
gas_interrupted_8,2023-08-14,2,Gasnacer,CE1110,false,false,JOBO,"Sahagún, COR",Madrugada,62,true,,MAM,"Cartagena, BOL",42,,410,Regional Sabanas,3,6,15,22,9
gas_interrupted_8,2023-08-15,3,Surtigas,CE7259,true,false,JOBO,"Sahagún, COR",Noche,58,true,,VDP,"Valledupar, CES",29,,379,ductos varios,12,1,2,3,6
gas_interrupted_8,2023-08-16,4,Gases de la Guajira,CE1217,true,false,BALLE,"Manaure, LAG",Mañana,29,true,,STM,"Santa Marta, MAG",110,,71,RAMAL urbano,29,16,16,9,24
gas_interrupted_8,2023-08-17,5,Gases del Caribe,CE9101,true,false,BALLE,"Manaure, LAG",Tarde,60,true,,MAM,"Cartagena, BOL",127,,342,Troncal principal,11,22,5,35,16
gas_interrupted_8,2023-08-18,6,Gasnacer,CE4040,true,true,JOBO,"Sahagún, COR",Noche,58,true,,VDP,"Valledupar, CES",135,,656,ductos varios,33,5,19,33,22
gas_interrupted_8,2023-08-19,7,Gases de la Guajira,CE3649,true,false,JOBO,"Sahagún, COR",Tarde,50,true,,BAQ,"Barranquilla, ATL",42,,105,troncal norte,5,10,17,4,3
gas_interrupted_8,2023-08-20,1,Gases del Caribe,CE4817,true,false,JOBO,"Sahagún, COR",Madrugada,37,true,,STM,"Santa Marta, MAG",41,,88,Ramal industrial,3,5,1,0,22
gas_interrupted_8,2023-08-21,2,Gasnacer,CE7292,true,false,BALLE,"Manaure, LAG",Madrugada,60,true,,STM,"Santa Marta, MAG",48,,380,Troncal principal,10,3,20,0,7
gas_interrupted_8,2023-08-22,3,Gases del Caribe,CE8496,true,false,JOBO,"Sahagún, COR",Tarde,52,true,,MTR,"Montería, COR",30,,289,regional sur,4,2,4,1,15
gas_interrupted_8,2023-08-23,4,Surtigas,CE9577,true,false,JOBO,"Sahagún, COR",Noche,29,true,,SIN,"Sincelejo, SUC",50,,420,troncal norte,12,15,0,8,2
gas_interrupted_8,2023-08-24,5,Gases del Caribe,CE4060,true,false,JOBO,"Sahagún, COR",Mañana,20,true,,STM,"Santa Marta, MAG",34,,415,Regional Sabanas,2,6,19,7,0
gas_interrupted_8,2023-08-25,6,Efigas,CE9896,false,false,JOBO,"Sahagún, COR",Madrugada,39,true,,CTG,"Cartagena, BOL",62,,210,regional sur,4,5,10,28,7
gas_interrupted_8,2023-08-26,7,Gases de la Guajira,CE4263,true,false,JOBO,"Sahagún, COR",Mañana,10,true,,MAM,"Cartagena, BOL",51,,325,RAMAL urbano,4,27,11,2,1
gas_interrupted_8,2023-08-27,1,Gases de la Guajira,CE2968,true,false,JOBO,"Sahagún, COR",Mañana,-14,false,,SIN,"Sincelejo, SUC",68,,271,RAMAL urbano,6,28,2,0,14
gas_interrupted_8,2023-08-28,2,Gases de la Guajira,CE5706,false,false,BALLE,"Manaure, LAG",Tarde,28,true,,SIN,"Sincelejo, SUC",62,,135,Regional Sabanas,38,7,15,3,4
gas_interrupted_8,2023-08-29,3,Gases del Caribe,CE9739,true,false,JOBO,"Sahagún, COR",Tarde,10,true,,MTR,"Montería, COR",81,,385,Troncal principal,8,6,10,34,0
gas_interrupted_8,2023-08-30,4,Gases del Caribe,CE2032,false,true,JOBO,"Sahagún, COR",Tarde,-9,false,,VDP,"Valledupar, CES",46,,198,troncal norte,7,0,8,6,11
gas_interrupted_8,2023-08-31,5,Gases del Caribe,CE1050,false,false,JOBO,"Sahagún, COR",Noche,26,true,,CTG,"Cartagena, BOL",100,,465,troncal norte,4,23,17,25,7
gas_interrupted_9,2023-09-01,6,Gases del Caribe,CE3152,true,false,JOBO,"Sahagún, COR",Tarde,52,true,,STM,"Santa Marta, MAG",58,,71,troncal norte,29,0,18,9,0
gas_interrupted_9,2023-09-02,7,Gases de la Guajira,CE1268,true,true,JOBO,"Sahagún, COR",Madrugada,51,true,,MAM,"Cartagena, BOL",96,,455,RAMAL urbano,20,14,5,4,23
gas_interrupted_9,2023-09-03,1,Gasnacer,CE7610,false,true,BALLE,"Manaure, LAG",Madrugada,54,true,,RIO,"Riohacha, LAG",31,,123,Troncal principal,14,5,2,9,6
gas_interrupted_9,2023-09-04,2,Efigas,CE4624,true,true,JOBO,"Sahagún, COR",Tarde,39,true,,SIN,"Sincelejo, SUC",22,,176,regional sur,15,1,0,3,0
gas_interrupted_9,2023-09-05,3,Surtigas,CE4505,true,true,JOBO,"Sahagún, COR",Tarde,5,true,,VDP,"Valledupar, CES",71,,323,ductos varios,4,5,12,20,13
gas_interrupted_9,2023-09-06,4,Gasnacer,CE9229,false,true,JOBO,"Sahagún, COR",Madrugada,5,true,,STM,"Santa Marta, MAG",98,,306,regional sur,2,31,6,24,6
gas_interrupted_9,2023-09-07,5,Gases del Caribe,CE5798,true,false,BALLE,"Manaure, LAG",Mañana,34,true,,BAQ,"Barranquilla, ATL",36,,539,Ramal industrial,0,1,8,13,18
gas_interrupted_9,2023-09-08,6,Surtigas,CE5152,true,true,JOBO,"Sahagún, COR",Noche,45,true,,MTR,"Montería, COR",93,,399,Troncal principal,6,30,17,8,4
gas_interrupted_9,2023-09-09,7,Efigas,CE5812,true,false,BALLE,"Manaure, LAG",Madrugada,46,true,,CTG,"Cartagena, BOL",87,,583,RAMAL urbano,14,26,10,13,4
gas_interrupted_9,2023-09-10,1,Gases del Caribe,CE7860,true,false,BALLE,"Manaure, LAG",Noche,-2,false,,SIN,"Sincelejo, SUC",101,,493,RAMAL urbano,19,16,24,12,31
gas_interrupted_9,2023-09-11,2,Gases del Caribe,CE0083,true,false,BALLE,"Manaure, LAG",Madrugada,18,true,,SIN,"Sincelejo, SUC",20,,172,troncal norte,1,2,8,2,2
gas_interrupted_9,2023-09-12,3,Efigas,CE8726,true,true,JOBO,"Sahagún, COR",Tarde,47,true,,MAM,"Cartagena, BOL",28,,101,troncal norte,0,11,0,0,10
gas_interrupted_9,2023-09-13,4,Gasnacer,CE7243,true,false,BALLE,"Manaure, LAG",Madrugada,8,true,,STM,"Santa Marta, MAG",39,,192,RAMAL urbano,0,7,4,12,16
gas_interrupted_9,2023-09-14,5,Gases del Caribe,CE5833,false,false,BALLE,"Manaure, LAG",Madrugada,31,true,,STM,"Santa Marta, MAG",29,,549,Regional Sabanas,4,0,1,32,1
gas_interrupted_9,2023-09-15,6,Gases de la Guajira,CE5118,true,false,JOBO,"Sahagún, COR",Madrugada,22,true,,VDP,"Valledupar, CES",55,,227,regional sur,1,14,2,16,13
gas_interrupted_9,2023-09-16,7,Surtigas,CE0905,false,false,BALLE,"Manaure, LAG",Tarde,50,true,,STM,"Santa Marta, MAG",38,,563,Ramal industrial,23,9,0,3,9
gas_interrupted_9,2023-09-17,1,Gasnacer,CE5714,true,false,BALLE,"Manaure, LAG",Mañana,46,true,,MAM,"Cartagena, BOL",55,,620,regional sur,6,10,17,0,15
gas_interrupted_9,2023-09-18,2,Gasnacer,CE4211,true,false,BALLE,"Manaure, LAG",Tarde,52,true,,RIO,"Riohacha, LAG",46,,191,RAMAL urbano,6,20,0,23,0
gas_interrupted_9,2023-09-19,3,Gases del Caribe,CE7799,false,false,BALLE,"Manaure, LAG",Mañana,42,true,,STM,"Santa Marta, MAG",66,,536,Ramal industrial,5,11,25,27,9
gas_interrupted_9,2023-09-20,4,Efigas,CE5655,true,true,JOBO,"Sahagún, COR",Noche,16,true,,CTG,"Cartagena, BOL",25,,90,RAMAL urbano,2,6,7,4,3
gas_interrupted_9,2023-09-21,5,Efigas,CE4049,true,false,BALLE,"Manaure, LAG",Madrugada,25,true,,SIN,"Sincelejo, SUC",26,,442,Regional Sabanas,1,8,2,16,3
gas_interrupted_9,2023-09-22,6,Gasnacer,CE8952,false,false,JOBO,"Sahagún, COR",Mañana,61,true,,CTG,"Cartagena, BOL",64,,263,troncal norte,0,0,23,18,14
gas_interrupted_9,2023-09-23,7,Gases de la Guajira,CE5072,true,false,JOBO,"Sahagún, COR",Mañana,31,true,,STM,"Santa Marta, MAG",20,,68,Ramal industrial,1,4,1,17,3
gas_interrupted_9,2023-09-24,1,Surtigas,CE2740,true,false,BALLE,"Manaure, LAG",Madrugada,23,true,,VDP,"Valledupar, CES",76,,605,RAMAL urbano,20,4,4,32,0
gas_interrupted_9,2023-09-25,2,Gasnacer,CE0445,false,false,JOBO,"Sahagún, COR",Noche,11,true,,CTG,"Cartagena, BOL",68,,589,Ramal industrial,3,16,15,27,0
gas_interrupted_9,2023-09-26,3,Efigas,CE8429,true,false,JOBO,"Sahagún, COR",Tarde,13,true,,MTR,"Montería, COR",61,,339,Regional Sabanas,8,33,9,13,11
gas_interrupted_9,2023-09-27,4,Surtigas,CE6812,false,false,JOBO,"Sahagún, COR",Tarde,41,true,,MAM,"Cartagena, BOL",40,,98,troncal norte,17,0,16,14,5
gas_interrupted_9,2023-09-28,5,Surtigas,CE8446,true,false,BALLE,"Manaure, LAG",Tarde,35,true,,RIO,"Riohacha, LAG",51,,602,RAMAL urbano,14,11,12,34,1
gas_interrupted_9,2023-09-29,6,Gases del Caribe,CE4564,true,false,BALLE,"Manaure, LAG",Mañana,36,true,,RIO,"Riohacha, LAG",57,,140,troncal norte,12,5,6,22,3
gas_interrupted_9,2023-09-30,7,Efigas,CE9105,false,false,JOBO,"Sahagún, COR",Tarde,12,true,,SIN,"Sincelejo, SUC",36,,629,Troncal principal,16,2,12,4,0
gas_interrupted_10,2023-10-01,1,Surtigas,CE7113,true,false,JOBO,"Sahagún, COR",Madrugada,53,true,,CTG,"Cartagena, BOL",50,,334,Regional Sabanas,29,13,6,4,17
gas_interrupted_10,2023-10-02,2,Gasnacer,CE0819,false,true,JOBO,"Sahagún, COR",Madrugada,45,true,,VDP,"Valledupar, CES",19,,189,Troncal principal,0,13,5,0,4
gas_interrupted_10,2023-10-03,3,Gasnacer,CE1932,false,false,JOBO,"Sahagún, COR",Noche,-2,false,,MTR,"Montería, COR",63,,280,RAMAL urbano,0,29,14,5,14
gas_interrupted_10,2023-10-04,4,Efigas,CE6379,true,true,BALLE,"Manaure, LAG",Tarde,27,true,,VDP,"Valledupar, CES",26,,142,regional sur,4,1,17,2,3
gas_interrupted_10,2023-10-05,5,Efigas,CE8743,true,true,BALLE,"Manaure, LAG",Madrugada,58,true,,BAQ,"Barranquilla, ATL",24,,523,Regional Sabanas,1,9,16,1,7
gas_interrupted_10,2023-10-06,6,Gasnacer,CE6167,true,false,JOBO,"Sahagún, COR",Mañana,53,true,,VDP,"Valledupar, CES",7,,368,troncal norte,0,1,3,3,0
gas_interrupted_10,2023-10-07,7,Gasnacer,CE7692,true,false,BALLE,"Manaure, LAG",Tarde,42,true,,BAQ,"Barranquilla, ATL",35,,123,Regional Sabanas,12,10,9,10,0
gas_interrupted_10,2023-10-08,1,Gases de la Guajira,CE7769,true,false,BALLE,"Manaure, LAG",Noche,18,true,,SIN,"Sincelejo, SUC",21,,444,Ramal industrial,2,12,8,3,4
gas_interrupted_10,2023-10-09,2,Gases de la Guajira,CE9540,true,true,BALLE,"Manaure, LAG",Noche,12,true,,MAM,"Cartagena, BOL",38,,356,Regional Sabanas,11,15,1,0,3
gas_interrupted_10,2023-10-10,3,Gases del Caribe,CE4912,true,false,JOBO,"Sahagún, COR",Mañana,45,true,,CTG,"Cartagena, BOL",39,,209,ductos varios,0,6,2,1,20
gas_interrupted_10,2023-10-11,4,Gasnacer,CE0838,true,true,BALLE,"Manaure, LAG",Noche,26,true,,BAQ,"Barranquilla, ATL",44,,209,regional sur,8,7,2,10,4
gas_interrupted_10,2023-10-12,5,Gasnacer,CE3359,true,false,BALLE,"Manaure, LAG",Noche,-6,false,,VDP,"Valledupar, CES",23,,591,Troncal principal,3,1,12,0,2
gas_interrupted_10,2023-10-13,6,Gases del Caribe,CE9597,true,false,JOBO,"Sahagún, COR",Mañana,56,true,,MAM,"Cartagena, BOL",34,,463,Regional Sabanas,7,4,10,4,3
gas_interrupted_10,2023-10-14,7,Gases del Caribe,CE8827,true,false,BALLE,"Manaure, LAG",Madrugada,-7,false,,BAQ,"Barranquilla, ATL",68,,595,troncal norte,25,2,8,24,7
gas_interrupted_10,2023-10-15,1,Gases del Caribe,CE2603,false,true,BALLE,"Manaure, LAG",Mañana,63,true,,RIO,"Riohacha, LAG",54,,314,regional sur,2,3,13,25,0
gas_interrupted_10,2023-10-16,2,Gasnacer,CE6685,true,true,JOBO,"Sahagún, COR",Noche,10,true,,MAM,"Cartagena, BOL",58,,608,Ramal industrial,0,18,3,3,24
gas_interrupted_10,2023-10-17,3,Surtigas,CE1839,true,false,BALLE,"Manaure, LAG",Noche,-5,false,,MAM,"Cartagena, BOL",82,,495,RAMAL urbano,8,33,4,17,20
gas_interrupted_10,2023-10-18,4,Efigas,CE3107,true,false,JOBO,"Sahagún, COR",Mañana,-7,false,,MTR,"Montería, COR",23,,597,ductos varios,1,0,6,1,8
gas_interrupted_10,2023-10-19,5,Gases del Caribe,CE3885,false,false,BALLE,"Manaure, LAG",Tarde,21,true,,VDP,"Valledupar, CES",76,,128,Regional Sabanas,25,10,2,0,17
gas_interrupted_10,2023-10-20,6,Gasnacer,CE5994,false,true,BALLE,"Manaure, LAG",Tarde,40,true,,BAQ,"Barranquilla, ATL",53,,264,RAMAL urbano,26,4,4,0,3
gas_interrupted_10,2023-10-21,7,Gasnacer,CE3674,true,false,BALLE,"Manaure, LAG",Mañana,62,true,,RIO,"Riohacha, LAG",44,,435,Ramal industrial,18,2,14,2,7
gas_interrupted_10,2023-10-22,1,Surtigas,CE2362,true,false,BALLE,"Manaure, LAG",Noche,57,true,,SIN,"Sincelejo, SUC",58,,93,Regional Sabanas,6,24,11,4,4
gas_interrupted_10,2023-10-23,2,Gasnacer,CE1180,false,false,JOBO,"Sahagún, COR",Noche,-9,false,,MAM,"Cartagena, BOL",56,,198,ductos varios,19,7,13,3,6
gas_interrupted_10,2023-10-24,3,Efigas,CE1320,false,false,JOBO,"Sahagún, COR",Madrugada,55,true,,RIO,"Riohacha, LAG",34,,589,Ramal industrial,1,2,6,16,0
gas_interrupted_10,2023-10-25,4,Gases de la Guajira,CE2866,false,false,JOBO,"Sahagún, COR",Mañana,16,true,,SIN,"Sincelejo, SUC",21,,273,troncal norte,1,9,1,8,7
gas_interrupted_10,2023-10-26,5,Surtigas,CE1155,true,true,JOBO,"Sahagún, COR",Madrugada,11,true,,VDP,"Valledupar, CES",39,,544,RAMAL urbano,7,5,7,19,17
gas_interrupted_10,2023-10-27,6,Gases del Caribe,CE6739,true,true,JOBO,"Sahagún, COR",Noche,0,false,,SIN,"Sincelejo, SUC",40,,511,regional sur,9,7,4,4,10
gas_interrupted_10,2023-10-28,7,Gases de la Guajira,CE5152,true,true,JOBO,"Sahagún, COR",Madrugada,5,true,,SIN,"Sincelejo, SUC",30,,599,regional sur,2,5,2,2,21
gas_interrupted_10,2023-10-29,1,Surtigas,CE5201,false,false,JOBO,"Sahagún, COR",Tarde,33,true,,MTR,"Montería, COR",29,,546,RAMAL urbano,22,3,0,1,4
gas_interrupted_10,2023-10-30,2,Surtigas,CE8294,true,true,BALLE,"Manaure, LAG",Mañana,12,true,,MTR,"Montería, COR",47,,624,Regional Sabanas,16,17,22,2,1
gas_interrupted_10,2023-10-31,3,Gases del Caribe,CE8135,false,false,JOBO,"Sahagún, COR",Mañana,48,true,,VDP,"Valledupar, CES",38,,359,Troncal principal,6,8,8,0,4
gas_interrupted_11,2023-11-01,4,Gasnacer,CE1375,true,true,JOBO,"Sahagún, COR",Noche,11,true,,MAM,"Cartagena, BOL",73,,201,troncal norte,26,16,3,14,8
gas_interrupted_11,2023-11-02,5,Surtigas,CE0243,true,false,JOBO,"Sahagún, COR",Madrugada,19,true,,MTR,"Montería, COR",44,,326,ductos varios,24,6,12,12,1
gas_interrupted_11,2023-11-03,6,Gases de la Guajira,CE2831,true,false,JOBO,"Sahagún, COR",Tarde,55,true,,MTR,"Montería, COR",88,,327,Troncal principal,33,20,15,26,11
gas_interrupted_11,2023-11-04,7,Gases del Caribe,CE3192,true,false,BALLE,"Manaure, LAG",Madrugada,21,true,,CTG,"Cartagena, BOL",50,,501,regional sur,26,9,10,20,0
gas_interrupted_11,2023-11-05,1,Surtigas,CE6331,false,false,BALLE,"Manaure, LAG",Noche,29,true,,MTR,"Montería, COR",64,,606,RAMAL urbano,19,5,5,12,6
gas_interrupted_11,2023-11-06,2,Gasnacer,CE6020,true,true,JOBO,"Sahagún, COR",Mañana,-14,false,,STM,"Santa Marta, MAG",76,,338,ductos varios,29,3,10,4,12
gas_interrupted_11,2023-11-07,3,Gases del Caribe,CE9370,true,false,JOBO,"Sahagún, COR",Madrugada,-9,false,,RIO,"Riohacha, LAG",79,,602,RAMAL urbano,5,3,18,29,13
gas_interrupted_11,2023-11-08,4,Gasnacer,CE9002,true,true,JOBO,"Sahagún, COR",Noche,49,true,,,"Riohacha, LAG",24,,618,Regional Sabanas,11,10,8,4,0
gas_interrupted_11,2023-11-09,5,Gasnacer,CE5050,true,false,JOBO,"Sahagún, COR",Mañana,16,true,,MTR,"Montería, COR",16,,548,Ramal industrial,3,10,6,0,0
gas_interrupted_11,2023-11-10,6,Gasnacer,CE0025,true,false,BALLE,"Manaure, LAG",Madrugada,37,true,,VDP,"Valledupar, CES",77,,272,Ramal industrial,19,19,4,9,7
gas_interrupted_11,2023-11-11,7,Efigas,CE1595,false,true,JOBO,"Sahagún, COR",Mañana,60,true,,BAQ,"Barranquilla, ATL",44,,571,RAMAL urbano,14,0,3,12,10
gas_interrupted_11,2023-11-12,1,Surtigas,CE0137,true,true,JOBO,"Sahagún, COR",Madrugada,32,true,,MTR,"Montería, COR",38,,201,Regional Sabanas,9,10,7,0,3
gas_interrupted_11,2023-11-13,2,Efigas,CE2356,true,false,BALLE,"Manaure, LAG",Mañana,26,true,,MAM,"Cartagena, BOL",60,,370,Regional Sabanas,5,3,19,3,11
gas_interrupted_11,2023-11-14,3,Gases del Caribe,CE5210,false,false,JOBO,"Sahagún, COR",Noche,8,true,,CTG,"Cartagena, BOL",49,,392,ductos varios,0,15,15,4,26
gas_interrupted_11,2023-11-15,4,Surtigas,CE1330,false,true,BALLE,"Manaure, LAG",Madrugada,64,true,,STM,"Santa Marta, MAG",46,,141,RAMAL urbano,6,9,21,7,8
gas_interrupted_11,2023-11-16,5,Gases del Caribe,CE7217,false,false,BALLE,"Manaure, LAG",Tarde,23,true,,MTR,"Montería, COR",24,,432,Troncal principal,0,0,11,0,6
gas_interrupted_11,2023-11-17,6,Gases del Caribe,CE9323,false,false,JOBO,"Sahagún, COR",Noche,29,true,,BAQ,"Barranquilla, ATL",68,,297,RAMAL urbano,6,10,26,0,18
gas_interrupted_11,2023-11-18,7,Surtigas,CE7409,false,true,JOBO,"Sahagún, COR",Noche,36,true,,VDP,"Valledupar, CES",57,,655,RAMAL urbano,3,17,4,2,26
gas_interrupted_11,2023-11-19,1,Gasnacer,CE3486,false,false,BALLE,"Manaure, LAG",Madrugada,43,true,,CTG,"Cartagena, BOL",63,,74,Ramal industrial,12,20,10,24,9
gas_interrupted_11,2023-11-20,2,Gases del Caribe,CE4206,true,false,BALLE,"Manaure, LAG",Tarde,29,true,,CTG,"Cartagena, BOL",48,,153,regional sur,14,0,6,11,4
gas_interrupted_11,2023-11-21,3,Gasnacer,CE4364,true,false,JOBO,"Sahagún, COR",Mañana,56,true,,RIO,"Riohacha, LAG",65,,562,troncal norte,27,1,16,8,0
gas_interrupted_11,2023-11-22,4,Gasnacer,CE0258,false,false,JOBO,"Sahagún, COR",Tarde,44,true,,SIN,"Sincelejo, SUC",64,,415,regional sur,5,19,2,10,7
gas_interrupted_11,2023-11-23,null,Surtigas,CE0187,true,false,JOBO,"Sahagún, COR",Noche,8,true,,STM,"Santa Marta, MAG",12,,520,troncal norte,0,1,10,3,0
gas_interrupted_11,2023-11-24,6,Gases del Caribe,CE0833,false,false,JOBO,"Sahagún, COR",Mañana,54,true,,SIN,"Sincelejo, SUC",45,,323,regional sur,9,2,13,2,17
gas_interrupted_11,2023-11-25,7,Efigas,CE7830,false,false,JOBO,"Sahagún, COR",Tarde,44,true,,RIO,"Riohacha, LAG",28,,404,RAMAL urbano,8,2,0,6,5
gas_interrupted_11,2023-11-26,1,Efigas,CE7828,true,false,BALLE,"Manaure, LAG",Noche,13,true,,CTG,"Cartagena, BOL",100,,410,Troncal principal,4,9,31,19,30
gas_interrupted_11,2023-11-27,2,Surtigas,CE0201,true,false,BALLE,"Manaure, LAG",Madrugada,58,true,,SIN,"Sincelejo, SUC",63,,93,regional sur,6,1,10,34,30
gas_interrupted_11,2023-11-28,3,Gases de la Guajira,CE0943,false,true,JOBO,"Sahagún, COR",Madrugada,5,true,,SIN,"Sincelejo, SUC",41,,338,RAMAL urbano,2,10,20,4,3
gas_interrupted_11,2023-11-29,4,Gases del Caribe,CE9077,true,false,JOBO,"Sahagún, COR",Mañana,-9,false,,VDP,"Valledupar, CES",88,,506,regional sur,3,0,20,13,31
gas_interrupted_11,2023-11-30,5,Efigas,CE9590,true,true,BALLE,"Manaure, LAG",Noche,18,true,,STM,"Santa Marta, MAG",37,,253,Troncal principal,10,2,23,0,12
gas_interrupted_12,2023-12-01,6,Gases de la Guajira,CE1,true,false,JOBO,"Sahagún, COR",Mañana,9,true,,SIN,"Sincelejo, SUC",85,,492,troncal norte,31,13,9,3,1
gas_interrupted_12,2023-12-02,7,Gasnacer,CE1991,true,false,JOBO,"Sahagún, COR",Mañana,6,true,,MAM,"Cartagena, BOL",48,,475,ductos varios,12,0,11,11,4
gas_interrupted_12,2023-12-03,1,Surtigas,CE0752,true,true,BALLE,"Manaure, LAG",Madrugada,47,true,,CTG,"Cartagena, BOL",44,,443,Troncal principal,16,6,24,1,2
gas_interrupted_12,2023-12-04,2,Gasnacer,CE1937,false,false,BALLE,"Manaure, LAG",Madrugada,43,true,,RIO,"Riohacha, LAG",37,,399,RAMAL urbano,4,2,1,24,2
gas_interrupted_12,2023-12-05,3,Gases de la Guajira,CE7056,true,false,BALLE,"Manaure, LAG",Noche,27,true,,RIO,"Riohacha, LAG",60,,251,troncal norte,8,23,22,0,0
gas_interrupted_12,2023-12-06,4,Surtigas,CE3383,true,false,JOBO,"Sahagún, COR",Mañana,58,true,,CTG,"Cartagena, BOL",31,,378,troncal norte,5,13,0,10,2
gas_interrupted_12,2023-12-07,5,,CE5672,true,true,JOBO,"Sahagún, COR",Tarde,1,true,,STM,"Santa Marta, MAG",80,,201,Ramal industrial,14,14,5,20,28
gas_interrupted_12,2023-12-08,6,Gases de la Guajira,CE2373,false,true,BALLE,"Manaure, LAG",Noche,36,true,,CTG,"Cartagena, BOL",31,,321,ductos varios,6,14,4,2,6
gas_interrupted_12,2023-12-09,7,Gasnacer,CE1,true,true,JOBO,"Sahagún, COR",Noche,34,true,,VDP,"Valledupar, CES",69,,136,RAMAL urbano,12,31,7,11,8
gas_interrupted_12,2023-12-10,1,Gasnacer,CE3095,true,false,BALLE,"Manaure, LAG",Madrugada,4,true,,SIN,"Sincelejo, SUC",22,,658,Ramal industrial,11,5,0,13,2
gas_interrupted_12,2023-12-11,2,Gasnacer,CE9250,true,false,JOBO,"Sahagún, COR",Tarde,22,true,,STM,"Santa Marta, MAG",52,,347,troncal norte,9,1,0,26,3
gas_interrupted_12,2023-12-12,3,Gasnacer,CE7712,true,true,BALLE,"Manaure, LAG",Madrugada,43,true,,SIN,"Sincelejo, SUC",61,,572,Troncal principal,23,24,4,12,9
gas_interrupted_12,2023-12-13,4,Gases de la Guajira,CE4503,true,false,JOBO,"Sahagún, COR",Mañana,12,true,,STM,"Santa Marta, MAG",77,,281,regional sur,32,8,0,11,5
gas_interrupted_12,2023-12-14,5,Gases del Caribe,CE2955,true,true,JOBO,"Sahagún, COR",Noche,-1,false,,BAQ,"Barranquilla, ATL",92,,70,troncal norte,27,11,1,22,8
gas_interrupted_12,2023-12-15,6,Efigas,CE5607,true,true,BALLE,"Manaure, LAG",Mañana,58,true,,CTG,"Cartagena, BOL",81,,471,ductos varios,10,20,35,22,8
gas_interrupted_12,2023-12-16,7,Gases del Caribe,CE5280,true,true,JOBO,"Sahagún, COR",Mañana,32,true,,CTG,"Cartagena, BOL",29,,204,regional sur,2,2,3,5,15
gas_interrupted_12,2023-12-17,1,Gases del Caribe,CE3963,false,false,BALLE,"Manaure, LAG",Noche,29,true,,CTG,"Cartagena, BOL",53,,412,Ramal industrial,0,15,5,23,21
gas_interrupted_12,2023-12-18,2,Gases del Caribe,CE5779,true,true,BALLE,"Manaure, LAG",Madrugada,12,true,,STM,"Santa Marta, MAG",119,,327,RAMAL urbano,8,32,6,17,18
gas_interrupted_12,2023-12-19,3,Surtigas,CE6435,false,true,BALLE,"Manaure, LAG",Mañana,51,true,,BAQ,"Barranquilla, ATL",52,,393,regional sur,10,19,6,9,12
gas_interrupted_12,2023-12-20,4,Gases de la Guajira,CE9309,true,false,JOBO,"Sahagún, COR",Tarde,8,true,,STM,"Santa Marta, MAG",42,,596,regional sur,7,0,14,11,6
gas_interrupted_12,2023-12-21,5,Efigas,CE3989,true,false,JOBO,"Sahagún, COR",Noche,11,true,,RIO,"Riohacha, LAG",62,,633,ductos varios,4,30,0,29,7
gas_interrupted_12,2023-12-22,6,Surtigas,CE8445,false,false,JOBO,"Sahagún, COR",Mañana,54,true,,SIN,"Sincelejo, SUC",65,,86,Troncal principal,2,2,0,24,19
gas_interrupted_12,2023-12-23,7,Surtigas,CE5386,true,true,JOBO,"Sahagún, COR",Mañana,14,true,,MAM,"Cartagena, BOL",32,,327,troncal norte,20,1,13,3,5
gas_interrupted_12,2023-12-24,1,,CE4328,true,false,JOBO,"Sahagún, COR",Mañana,35,true,,STM,"Santa Marta, MAG",38,,271,regional sur,0,18,29,6,0
gas_interrupted_12,2023-12-25,2,Gasnacer,CE3303,false,true,BALLE,"Manaure, LAG",Tarde,46,true,,MAM,"Cartagena, BOL",101,,247,Troncal principal,10,13,11,23,23
gas_interrupted_12,2023-12-26,3,Surtigas,CE9620,true,false,JOBO,"Sahagún, COR",Mañana,56,true,,BAQ,"Barranquilla, ATL",70,,95,troncal norte,4,5,21,2,29
gas_interrupted_12,2023-12-27,4,Gases del Caribe,CE0838,false,false,BALLE,"Manaure, LAG",Noche,20,true,,MAM,"Cartagena, BOL",76,,100,ductos varios,8,12,31,2,3
gas_interrupted_12,2023-12-28,5,Gasnacer,CE8346,true,false,JOBO,"Sahagún, COR",Madrugada,54,true,,BAQ,"Barranquilla, ATL",75,,73,ductos varios,31,1,7,6,5
gas_interrupted_12,2023-12-29,6,Gases del Caribe,CE9083,true,false,JOBO,"Sahagún, COR",Mañana,-6,false,,SIN,"Sincelejo, SUC",32,,100,troncal norte,0,6,2,7,13
gas_interrupted_12,2023-12-30,7,Gases del Caribe,CE3228,false,true,JOBO,"Sahagún, COR",Tarde,13,true,,MAM,"Cartagena, BOL",53,,467,ductos varios,0,6,24,1,16
gas_interrupted_12,2023-12-31,1,Efigas,CE9113,true,true,JOBO,"Sahagún, COR",Tarde,2,true,,MTR,"Montería, COR",22,,140,troncal norte,1,9,2,1,2
gas_interrupted_1,2023-01-01,1,Gases del Caribe,CE7781,true,false,BALLE,"Manaure, LAG",Mañana,0,false,,CTG,"Cartagena, BOL",59,,219,Regional Sabanas,24,5,4,15,3
gas_interrupted_1,2023-01-02,2,Efigas,CE5900,false,false,BALLE,"Manaure, LAG",Tarde,23,true,,SIN,"Sincelejo, SUC",21,,195,ductos varios,0,0,11,3,7
gas_interrupted_1,2023-01-03,3,Gases de la Guajira,CE0292,true,false,BALLE,"Manaure, LAG",Madrugada,-5,false,,SIN,"Sincelejo, SUC",21,,442,RAMAL urbano,9,5,1,2,2
gas_interrupted_1,2023-01-04,4,Surtigas,CE6357,true,false,JOBO,"Sahagún, COR",Madrugada,12,true,,RIO,"Riohacha, LAG",39,,562,regional sur,2,15,0,2,26
gas_interrupted_1,2023-01-05,5,Surtigas,CE6696,true,false,BALLE,"Manaure, LAG",Noche,17,true,,CTG,"Cartagena, BOL",80,,233,regional sur,15,32,0,20,10
gas_interrupted_1,2023-01-06,6,Gases del Caribe,CE2772,false,false,BALLE,"Manaure, LAG",Noche,18,true,,MTR,"Montería, COR",84,,588,regional sur,30,2,23,26,7
gas_interrupted_1,2023-01-07,7,Gases de la Guajira,CE8835,false,true,JOBO,"Sahagún, COR",Tarde,-4,false,,RIO,"Riohacha, LAG",84,,231,Regional Sabanas,13,5,22,6,13
gas_interrupted_1,2023-01-08,1,Efigas,CE1441,false,false,BALLE,"Manaure, LAG",Noche,23,true,,VDP,"Valledupar, CES",83,,231,troncal norte,9,32,33,12,0
gas_interrupted_1,2023-01-09,2,Gases del Caribe,CE7094,false,false,JOBO,"Sahagún, COR",Noche,-10,false,,CTG,"Cartagena, BOL",58,,238,Troncal principal,8,15,19,4,7
gas_interrupted_1,2023-01-10,3,Efigas,CE4721,true,false,BALLE,"Manaure, LAG",Madrugada,46,true,,VDP,"Valledupar, CES",97,,267,Regional Sabanas,25,5,8,13,21
gas_interrupted_1,2023-01-11,4,Gases de la Guajira,CE0599,true,true,JOBO,"Sahagún, COR",Mañana,31,true,,BAQ,"Barranquilla, ATL",52,,522,troncal norte,0,30,3,4,2
gas_interrupted_1,2023-01-12,5,Gasnacer,CE8057,false,false,BALLE,"Manaure, LAG",Madrugada,44,true,,CTG,"Cartagena, BOL",65,,561,Ramal industrial,25,17,1,25,5
gas_interrupted_1,2023-01-13,6,Gases del Caribe,CE9398,true,false,BALLE,"Manaure, LAG",Tarde,27,true,,STM,"Santa Marta, MAG",58,,112,ductos varios,18,4,13,0,10
gas_interrupted_1,2023-01-14,7,Gases del Caribe,CE7174,true,true,BALLE,"Manaure, LAG",Madrugada,56,true,,MTR,"Montería, COR",71,,283,regional sur,1,12,29,2,19
gas_interrupted_1,2023-01-15,1,Efigas,CE5894,true,false,JOBO,"Sahagún, COR",Madrugada,38,true,,MAM,"Cartagena, BOL",32,,626,RAMAL urbano,5,1,6,18,9
gas_interrupted_1,2023-01-16,2,,CE6283,false,false,JOBO,"Sahagún, COR",Madrugada,47,true,,BAQ,"Barranquilla, ATL",37,,60,Ramal industrial,4,11,1,4,5
gas_interrupted_1,2023-01-17,3,Gases de la Guajira,CE0443,true,true,BALLE,"Manaure, LAG",Mañana,19,true,,BAQ,"Barranquilla, ATL",135,,360,Troncal principal,31,17,27,28,14
gas_interrupted_1,2023-01-18,4,Gases de la Guajira,CE1797,false,false,JOBO,"Sahagún, COR",Madrugada,45,true,,CTG,"Cartagena, BOL",24,,383,Troncal principal,1,3,6,20,3
gas_interrupted_1,2023-01-19,5,,CE8130,true,false,JOBO,"Sahagún, COR",Madrugada,-14,false,,MAM,"Cartagena, BOL",77,,445,Ramal industrial,10,24,3,4,16
gas_interrupted_1,2023-01-20,6,Efigas,CE3657,true,false,BALLE,"Manaure, LAG",Noche,50,true,,BAQ,"Barranquilla, ATL",39,,172,Troncal principal,5,2,2,11,8
gas_interrupted_1,2023-01-21,7,Gasnacer,CE1779,false,false,BALLE,"Manaure, LAG",Tarde,-12,false,,RIO,"Riohacha, LAG",34,,587,ductos varios,11,2,2,0,18
gas_interrupted_1,2023-01-22,1,Efigas,CE9526,true,true,JOBO,"Sahagún, COR",Mañana,8,true,,SIN,"Sincelejo, SUC",39,,536,troncal norte,1,3,15,1,6
gas_interrupted_1,2023-01-23,2,Gasnacer,CE1836,false,false,JOBO,"Sahagún, COR",Noche,36,true,,CTG,"Cartagena, BOL",117,,341,Troncal principal,11,23,19,10,16
gas_interrupted_1,2023-01-24,3,Surtigas,CE3096,true,false,BALLE,"Manaure, LAG",Noche,11,true,,CTG,"Cartagena, BOL",48,,223,troncal norte,6,2,5,29,1
gas_interrupted_1,2023-01-25,4,Gases de la Guajira,CE6845,false,false,JOBO,"Sahagún, COR",Tarde,-2,false,,MTR,"Montería, COR",68,,620,troncal norte,3,30,7,9,1
gas_interrupted_1,2023-01-26,5,Gases del Caribe,CE9773,true,true,JOBO,"Sahagún, COR",Tarde,1,true,,CTG,"Cartagena, BOL",77,,129,Regional Sabanas,29,10,2,3,21
gas_interrupted_1,2023-01-27,6,Gases de la Guajira,CE8863,true,true,JOBO,"Sahagún, COR",Madrugada,4,true,,CTG,"Cartagena, BOL",85,,113,Troncal principal,24,3,19,2,12
gas_interrupted_1,2023-01-28,7,Efigas,CE5449,false,false,JOBO,"Sahagún, COR",Mañana,50,true,,BAQ,"Barranquilla, ATL",51,,467,troncal norte,12,18,5,7,3
gas_interrupted_1,2023-01-29,1,Gasnacer,CE4012,true,false,BALLE,"Manaure, LAG",Tarde,-9,false,,CTG,"Cartagena, BOL",36,,163,troncal norte,13,7,9,11,4
gas_interrupted_1,2023-01-30,2,Efigas,CE2307,false,false,JOBO,"Sahagún, COR",Tarde,21,true,,RIO,"Riohacha, LAG",33,,430,RAMAL urbano,4,16,1,9,6
gas_interrupted_1,2023-01-31,3,Gases del Caribe,CE1718,true,true,JOBO,"Sahagún, COR",Mañana,16,true,,BAQ,"Barranquilla, ATL",103,,95,ductos varios,11,21,11,33,20
gas_interrupted_2,2023-02-01,4,Surtigas,CE0204,true,false,BALLE,"Manaure, LAG",Mañana,54,true,,BAQ,"Barranquilla, ATL",14,,200,Regional Sabanas,7,1,2,5,1
gas_interrupted_2,2023-02-02,5,Surtigas,CE2712,true,false,BALLE,"Manaure, LAG",Mañana,42,true,,MAM,"Cartagena, BOL",18,,139,ductos varios,1,3,12,1,0
gas_interrupted_2,2023-02-03,6,Gases del Caribe,CE5952,true,false,JOBO,"Sahagún, COR",Noche,18,true,,RIO,"Riohacha, LAG",26,,170,troncal norte,21,1,5,2,5
gas_interrupted_2,2023-02-04,7,Gases del Caribe,CE8041,true,false,BALLE,"Manaure, LAG",Noche,58,true,,SIN,"Sincelejo, SUC",38,,249,troncal norte,0,6,6,3,15
gas_interrupted_2,2023-02-05,1,Gases del Caribe,CE6805,true,false,JOBO,"Sahagún, COR",Madrugada,23,true,,SIN,"Sincelejo, SUC",33,,398,ductos varios,8,17,3,6,3
gas_interrupted_2,2023-02-06,2,Gases del Caribe,CE0840,true,true,JOBO,"Sahagún, COR",Mañana,33,true,,VDP,"Valledupar, CES",64,,259,Regional Sabanas,19,18,16,4,0
gas_interrupted_2,2023-02-07,3,Gases de la Guajira,CE6046,true,false,BALLE,"Manaure, LAG",Madrugada,26,true,,SIN,"Sincelejo, SUC",56,,621,RAMAL urbano,3,29,7,7,0
gas_interrupted_2,2023-02-08,4,Efigas,CE7298,false,false,JOBO,"Sahagún, COR",Madrugada,52,true,,RIO,"Riohacha, LAG",41,,658,ductos varios,6,1,5,32,3
gas_interrupted_2,2023-02-09,5,Gasnacer,CE4229,true,false,JOBO,"Sahagún, COR",Tarde,51,true,,BAQ,"Barranquilla, ATL",20,,293,Regional Sabanas,10,0,0,5,9
gas_interrupted_2,2023-02-10,6,Gases del Caribe,CE1494,true,false,JOBO,"Sahagún, COR",Mañana,16,true,,CTG,"Cartagena, BOL",53,,313,regional sur,13,8,8,1,7
gas_interrupted_2,2023-02-11,7,Gasnacer,CE6929,true,false,JOBO,"Sahagún, COR",Mañana,6,true,,MTR,"Montería, COR",53,,585,Troncal principal,19,12,3,2,10
gas_interrupted_2,2023-02-12,1,Efigas,CE6876,true,false,JOBO,"Sahagún, COR",Madrugada,-4,false,,RIO,"Riohacha, LAG",84,,447,Ramal industrial,9,22,19,16,13
gas_interrupted_2,2023-02-13,2,Surtigas,CE7981,true,false,BALLE,"Manaure, LAG",Mañana,9,true,,STM,"Santa Marta, MAG",63,,583,ductos varios,0,18,15,6,10
gas_interrupted_2,2023-02-14,3,Efigas,CE1392,true,false,JOBO,"Sahagún, COR",Noche,34,true,,CTG,"Cartagena, BOL",62,,319,Ramal industrial,14,3,7,5,22
gas_interrupted_2,2023-02-15,4,Gases del Caribe,CE1,true,false,JOBO,"Sahagún, COR",Noche,-4,false,,STM,"Santa Marta, MAG",28,,595,regional sur,1,8,3,9,0
gas_interrupted_2,2023-02-16,5,Surtigas,CE6628,true,false,JOBO,"Sahagún, COR",Mañana,-8,false,,BAQ,"Barranquilla, ATL",78,,450,Regional Sabanas,8,1,0,32,17
gas_interrupted_2,2023-02-17,6,Gasnacer,CE5502,false,false,JOBO,"Sahagún, COR",Tarde,63,true,,MTR,"Montería, COR",32,,289,Troncal principal,14,1,14,3,10
gas_interrupted_2,2023-02-18,7,Efigas,CE1762,true,true,JOBO,"Sahagún, COR",Mañana,-14,false,,BAQ,"Barranquilla, ATL",58,,361,Ramal industrial,6,6,24,2,4
gas_interrupted_2,2023-02-19,1,Gases de la Guajira,CE1320,true,false,JOBO,"Sahagún, COR",Mañana,39,true,,VDP,"Valledupar, CES",21,,170,Troncal principal,4,3,1,9,1
gas_interrupted_2,2023-02-20,2,Surtigas,CE7895,true,false,BALLE,"Manaure, LAG",Noche,32,true,,CTG,"Cartagena, BOL",63,,99,Ramal industrial,1,35,1,14,1
gas_interrupted_2,2023-02-21,3,Efigas,CE3375,true,false,JOBO,"Sahagún, COR",Noche,0,false,,MTR,"Montería, COR",72,,280,Ramal industrial,17,3,11,27,12
gas_interrupted_2,2023-02-22,4,Gasnacer,CE9768,true,true,JOBO,"Sahagún, COR",Madrugada,14,true,,SIN,"Sincelejo, SUC",72,,450,Troncal principal,11,9,31,7,11
gas_interrupted_2,2023-02-23,5,Gases del Caribe,CE9116,true,false,BALLE,"Manaure, LAG",Noche,39,true,,STM,"Santa Marta, MAG",41,,596,ductos varios,10,15,18,0,12
gas_interrupted_2,2023-02-24,6,Efigas,CE9742,true,false,BALLE,"Manaure, LAG",Tarde,59,true,,RIO,"Riohacha, LAG",64,,421,Troncal principal,0,1,6,30,19
gas_interrupted_2,2023-02-25,7,Gases del Caribe,CE8493,false,false,JOBO,"Sahagún, COR",Madrugada,-4,false,,BAQ,"Barranquilla, ATL",34,,642,troncal norte,9,20,0,8,1
gas_interrupted_2,2023-02-26,1,Efigas,CE9727,true,false,BALLE,"Manaure, LAG",Tarde,-8,false,,MAM,"Cartagena, BOL",38,,649,Ramal industrial,11,3,0,3,17
gas_interrupted_2,2023-02-27,2,Gases del Caribe,CE1908,true,false,BALLE,"Manaure, LAG",Mañana,52,true,,BAQ,"Barranquilla, ATL",13,,389,Troncal principal,0,7,0,1,2
gas_interrupted_2,2023-02-28,3,Surtigas,CE1,true,false,JOBO,"Sahagún, COR",Noche,31,true,,SIN,"Sincelejo, SUC",122,,595,troncal norte,0,34,16,12,30
gas_interrupted_3,2023-03-01,4,Surtigas,CE6433,true,false,BALLE,"Manaure, LAG",Tarde,21,true,,BAQ,"Barranquilla, ATL",37,,422,Ramal industrial,3,2,12,11,24
gas_interrupted_3,2023-03-02,5,Efigas,CE1227,true,false,JOBO,"Sahagún, COR",Tarde,41,true,,BAQ,"Barranquilla, ATL",56,,293,Regional Sabanas,14,5,12,0,14
gas_interrupted_3,2023-03-03,6,Gases de la Guajira,CE3618,true,false,JOBO,"Sahagún, COR",Noche,-10,false,,BAQ,"Barranquilla, ATL",72,,356,RAMAL urbano,28,5,21,15,30
gas_interrupted_3,2023-03-04,7,Surtigas,CE1,true,false,BALLE,"Manaure, LAG",Noche,10,true,,SIN,"Sincelejo, SUC",77,,427,RAMAL urbano,25,24,4,14,14
gas_interrupted_3,2023-03-05,1,Efigas,CE8878,false,false,JOBO,"Sahagún, COR",Tarde,56,true,,RIO,"Riohacha, LAG",32,,118,troncal norte,0,9,26,8,1
gas_interrupted_3,2023-03-06,2,Efigas,CE7355,true,false,JOBO,"Sahagún, COR",Noche,50,true,,BAQ,"Barranquilla, ATL",86,,75,regional sur,16,1,1,17,29
gas_interrupted_3,2023-03-07,3,Surtigas,CE2932,true,false,BALLE,"Manaure, LAG",Tarde,18,true,,MTR,"Montería, COR",38,,517,Regional Sabanas,10,1,6,18,2
gas_interrupted_3,2023-03-08,4,Gases del Caribe,CE2445,true,true,JOBO,"Sahagún, COR",Tarde,17,true,,BAQ,"Barranquilla, ATL",22,,407,Troncal principal,7,6,7,0,6
gas_interrupted_3,2023-03-09,5,Surtigas,CE9224,false,false,BALLE,"Manaure, LAG",Noche,51,true,,BAQ,"Barranquilla, ATL",78,,125,ductos varios,10,6,14,10,18
gas_interrupted_3,2023-03-10,6,Surtigas,CE6327,true,true,BALLE,"Manaure, LAG",Mañana,64,true,,SIN,"Sincelejo, SUC",115,,278,RAMAL urbano,32,23,15,12,12
gas_interrupted_3,2023-03-11,7,Gases del Caribe,CE5267,true,false,BALLE,"Manaure, LAG",Mañana,21,true,,STM,"Santa Marta, MAG",86,,148,regional sur,26,3,9,15,6
gas_interrupted_3,2023-03-12,1,Gasnacer,CE6840,false,false,JOBO,"Sahagún, COR",Madrugada,58,true,,,"Barranquilla, ATL",64,,422,ductos varios,19,0,21,22,20
gas_interrupted_3,2023-03-13,2,Surtigas,CE5624,true,true,JOBO,"Sahagún, COR",Noche,56,true,,CTG,"Cartagena, BOL",97,,90,ductos varios,32,24,16,14,0
gas_interrupted_3,2023-03-14,3,Efigas,CE5677,true,false,BALLE,"Manaure, LAG",Tarde,27,true,,CTG,"Cartagena, BOL",91,,548,ductos varios,5,7,8,23,21
gas_interrupted_3,2023-03-15,null,Gases del Caribe,CE7698,false,true,BALLE,"Manaure, LAG",Tarde,41,true,,MTR,"Montería, COR",39,,505,regional sur,6,17,11,4,15
gas_interrupted_3,2023-03-16,5,Gases de la Guajira,CE2679,false,false,BALLE,"Manaure, LAG",Madrugada,20,true,,SIN,"Sincelejo, SUC",77,,292,troncal norte,23,6,9,9,6
gas_interrupted_3,2023-03-17,6,Gases de la Guajira,CE1260,true,false,BALLE,"Manaure, LAG",Noche,39,true,,VDP,"Valledupar, CES",49,,640,Troncal principal,14,8,8,12,5
gas_interrupted_3,2023-03-18,7,Gases de la Guajira,CE6716,true,false,JOBO,"Sahagún, COR",Noche,9,true,,RIO,"Riohacha, LAG",85,,265,Troncal principal,10,7,10,8,23
gas_interrupted_3,2023-03-19,1,Gases de la Guajira,CE8147,true,false,BALLE,"Manaure, LAG",Mañana,6,true,,MAM,"Cartagena, BOL",67,,142,ductos varios,3,10,0,23,10
gas_interrupted_3,2023-03-20,2,Efigas,CE1676,false,false,BALLE,"Manaure, LAG",Mañana,41,true,,MAM,"Cartagena, BOL",52,,340,ductos varios,28,12,2,0,1
gas_interrupted_3,2023-03-21,3,Surtigas,CE8166,true,false,BALLE,"Manaure, LAG",Tarde,61,true,,VDP,"Valledupar, CES",44,,128,Ramal industrial,3,31,3,7,14
gas_interrupted_3,2023-03-22,4,Surtigas,CE3394,true,true,BALLE,"Manaure, LAG",Noche,28,true,,MTR,"Montería, COR",47,,582,Ramal industrial,1,23,29,10,2
gas_interrupted_3,2023-03-23,5,Gasnacer,CE0275,true,false,BALLE,"Manaure, LAG",Madrugada,-8,false,,RIO,"Riohacha, LAG",74,,72,Troncal principal,17,9,9,0,19
gas_interrupted_3,2023-03-24,6,Gases del Caribe,CE1889,true,false,JOBO,"Sahagún, COR",Noche,48,true,,MTR,"Montería, COR",20,,467,Troncal principal,0,2,19,3,0
gas_interrupted_3,2023-03-25,7,Surtigas,CE1552,true,true,BALLE,"Manaure, LAG",Tarde,54,true,,CTG,"Cartagena, BOL",28,,173,ductos varios,11,2,19,5,2
gas_interrupted_3,2023-03-26,1,Efigas,CE9366,true,false,JOBO,"Sahagún, COR",Tarde,-9,false,,VDP,"Valledupar, CES",20,,497,Troncal principal,0,1,10,2,15
gas_interrupted_3,2023-03-27,2,Efigas,CE0233,true,false,JOBO,"Sahagún, COR",Madrugada,-15,false,,MAM,"Cartagena, BOL",56,,334,RAMAL urbano,0,1,26,22,5
gas_interrupted_3,2023-03-28,3,Efigas,CE7207,false,false,JOBO,"Sahagún, COR",Noche,30,true,,CTG,"Cartagena, BOL",53,,396,regional sur,5,9,21,1,8
gas_interrupted_3,2023-03-29,4,Gasnacer,CE3331,true,false,BALLE,"Manaure, LAG",Tarde,50,true,,SIN,"Sincelejo, SUC",60,,422,ductos varios,0,15,0,19,19
gas_interrupted_3,2023-03-30,5,Efigas,CE6487,true,false,BALLE,"Manaure, LAG",Mañana,-6,false,,MTR,"Montería, COR",47,,605,Regional Sabanas,14,5,5,8,2
gas_interrupted_3,2023-03-31,6,Gases del Caribe,CE4571,false,true,BALLE,"Manaure, LAG",Noche,59,true,,CTG,"Cartagena, BOL",32,,166,ductos varios,2,14,16,3,6
gas_interrupted_4,2023-04-01,7,,CE5465,true,false,JOBO,"Sahagún, COR",Noche,49,true,,VDP,"Valledupar, CES",16,,257,Regional Sabanas,8,5,4,2,0
gas_interrupted_4,2023-04-02,1,Gasnacer,CE2743,true,true,JOBO,"Sahagún, COR",Mañana,56,true,,VDP,"Valledupar, CES",38,,565,Regional Sabanas,0,6,6,7,13
gas_interrupted_4,2023-04-03,2,Gasnacer,CE8899,true,false,BALLE,"Manaure, LAG",Noche,-9,false,,MTR,"Montería, COR",54,,146,regional sur,15,14,3,11,0
gas_interrupted_4,2023-04-04,3,Gasnacer,CE1,true,false,JOBO,"Sahagún, COR",Mañana,-4,false,,BAQ,"Barranquilla, ATL",42,,269,Regional Sabanas,5,15,0,3,9
gas_interrupted_4,2023-04-05,4,Gasnacer,CE0587,true,false,BALLE,"Manaure, LAG",Noche,39,true,,MTR,"Montería, COR",51,,659,RAMAL urbano,23,12,11,5,12
gas_interrupted_4,2023-04-06,5,Gases de la Guajira,CE5507,false,false,JOBO,"Sahagún, COR",Noche,-10,false,,MTR,"Montería, COR",90,,109,RAMAL urbano,0,17,23,1,30
gas_interrupted_4,2023-04-07,6,Efigas,CE8224,true,false,BALLE,"Manaure, LAG",Mañana,-3,false,,STM,"Santa Marta, MAG",106,,537,troncal norte,6,23,14,9,27
gas_interrupted_4,2023-04-08,7,Surtigas,CE7145,true,false,BALLE,"Manaure, LAG",Mañana,39,true,,VDP,"Valledupar, CES",69,,419,Ramal industrial,9,14,13,10,1
gas_interrupted_4,2023-04-09,1,Surtigas,CE3947,false,false,JOBO,"Sahagún, COR",Madrugada,29,true,,BAQ,"Barranquilla, ATL",105,,320,Troncal principal,23,29,0,7,17
gas_interrupted_4,2023-04-10,2,Gases de la Guajira,CE3294,false,false,BALLE,"Manaure, LAG",Mañana,45,true,,BAQ,"Barranquilla, ATL",62,,88,regional sur,28,27,4,8,2
gas_interrupted_4,2023-04-11,3,Gases del Caribe,CE2087,true,false,BALLE,"Manaure, LAG",Madrugada,44,true,,STM,"Santa Marta, MAG",73,,457,Troncal principal,7,34,8,10,3
gas_interrupted_4,2023-04-12,4,Surtigas,CE0191,false,false,JOBO,"Sahagún, COR",Noche,24,true,,BAQ,"Barranquilla, ATL",55,,70,RAMAL urbano,0,9,10,9,21
gas_interrupted_4,2023-04-13,5,Efigas,CE3000,true,false,BALLE,"Manaure, LAG",Tarde,-10,false,,RIO,"Riohacha, LAG",61,,642,Troncal principal,0,22,1,3,33
gas_interrupted_4,2023-04-14,6,Surtigas,CE4450,true,false,BALLE,"Manaure, LAG",Tarde,16,true,,RIO,"Riohacha, LAG",97,,417,regional sur,15,21,4,28,6
gas_interrupted_4,2023-04-15,7,Gases del Caribe,CE1742,false,true,BALLE,"Manaure, LAG",Noche,31,true,,SIN,"Sincelejo, SUC",32,,611,regional sur,9,8,16,2,2
gas_interrupted_4,2023-04-16,1,Surtigas,CE8632,true,true,BALLE,"Manaure, LAG",Tarde,11,true,,RIO,"Riohacha, LAG",34,,588,RAMAL urbano,6,6,4,6,15
gas_interrupted_4,2023-04-17,2,Gases del Caribe,CE1381,false,false,JOBO,"Sahagún, COR",Tarde,20,true,,MTR,"Montería, COR",15,,390,regional sur,1,0,2,5,5
gas_interrupted_4,2023-04-18,3,Gasnacer,CE5131,false,false,BALLE,"Manaure, LAG",Madrugada,54,true,,RIO,"Riohacha, LAG",21,,365,Regional Sabanas,1,0,1,12,6
gas_interrupted_4,2023-04-19,4,Gases del Caribe,CE7052,true,false,JOBO,"Sahagún, COR",Mañana,64,true,,BAQ,"Barranquilla, ATL",58,,204,Ramal industrial,8,12,5,8,7
gas_interrupted_4,2023-04-20,5,Gases del Caribe,CE4961,true,false,BALLE,"Manaure, LAG",Madrugada,39,true,,CTG,"Cartagena, BOL",54,,147,Regional Sabanas,6,31,5,2,9
gas_interrupted_4,2023-04-21,6,Gases de la Guajira,CE0152,true,true,JOBO,"Sahagún, COR",Mañana,55,true,,STM,"Santa Marta, MAG",33,,627,troncal norte,6,13,0,12,0
gas_interrupted_4,2023-04-22,7,Surtigas,CE4959,true,false,BALLE,"Manaure, LAG",Mañana,-4,false,,BAQ,"Barranquilla, ATL",81,,619,troncal norte,2,15,4,39,13
gas_interrupted_4,2023-04-23,1,Efigas,CE4988,true,false,JOBO,"Sahagún, COR",Mañana,-14,false,,SIN,"Sincelejo, SUC",31,,366,Regional Sabanas,4,16,14,1,6
gas_interrupted_4,2023-04-24,2,Gases del Caribe,CE1665,true,false,JOBO,"Sahagún, COR",Mañana,50,true,,STM,"Santa Marta, MAG",37,,253,RAMAL urbano,4,10,1,14,12
gas_interrupted_4,2023-04-25,3,Gasnacer,CE6094,false,true,JOBO,"Sahagún, COR",Mañana,-12,false,,RIO,"Riohacha, LAG",78,,94,regional sur,15,1,15,1,24
gas_interrupted_4,2023-04-26,4,Gases del Caribe,CE3561,false,false,JOBO,"Sahagún, COR",Noche,-7,false,,CTG,"Cartagena, BOL",44,,385,regional sur,2,18,16,0,1
gas_interrupted_4,2023-04-27,5,Efigas,CE2935,true,false,BALLE,"Manaure, LAG",Madrugada,-11,false,,RIO,"Riohacha, LAG",15,,254,Regional Sabanas,2,10,2,0,1
gas_interrupted_4,2023-04-28,6,Efigas,CE2999,true,true,JOBO,"Sahagún, COR",Mañana,27,true,,CTG,"Cartagena, BOL",28,,183,Troncal principal,2,22,0,5,1
gas_interrupted_4,2023-04-29,7,Gasnacer,CE2246,false,false,JOBO,"Sahagún, COR",Madrugada,7,true,,MTR,"Montería, COR",74,,262,troncal norte,9,16,12,28,6
gas_interrupted_4,2023-04-30,1,Gases del Caribe,CE5510,true,false,BALLE,"Manaure, LAG",Mañana,-14,false,,SIN,"Sincelejo, SUC",10,,321,ductos varios,0,14,0,0,0
gas_interrupted_5,2023-05-01,2,Surtigas,CE4983,false,true,JOBO,"Sahagún, COR",Noche,15,true,,VDP,"Valledupar, CES",30,,104,Troncal principal,0,6,15,15,0
gas_interrupted_5,2023-05-02,3,Gases del Caribe,CE0750,true,true,JOBO,"Sahagún, COR",Tarde,44,true,,RIO,"Riohacha, LAG",37,,185,troncal norte,9,14,1,8,5
gas_interrupted_5,2023-05-03,4,Gasnacer,CE0758,false,true,BALLE,"Manaure, LAG",Mañana,60,true,,MAM,"Cartagena, BOL",41,,489,Regional Sabanas,8,15,6,1,5
gas_interrupted_5,2023-05-04,5,Gases del Caribe,CE8133,true,false,JOBO,"Sahagún, COR",Madrugada,55,true,,CTG,"Cartagena, BOL",102,,230,Troncal principal,20,23,20,0,6
gas_interrupted_5,2023-05-05,6,Gases del Caribe,CE2528,true,false,BALLE,"Manaure, LAG",Noche,61,true,,STM,"Santa Marta, MAG",25,,359,regional sur,4,23,5,2,1
gas_interrupted_5,2023-05-06,7,Efigas,CE4386,true,false,BALLE,"Manaure, LAG",Madrugada,29,true,,BAQ,"Barranquilla, ATL",70,,390,Regional Sabanas,19,7,15,12,19
gas_interrupted_5,2023-05-07,1,Gases del Caribe,CE5381,false,false,BALLE,"Manaure, LAG",Noche,24,true,,RIO,"Riohacha, LAG",31,,617,RAMAL urbano,5,1,15,21,0
gas_interrupted_5,2023-05-08,2,Gases del Caribe,CE9076,true,false,BALLE,"Manaure, LAG",Noche,60,true,,MAM,"Cartagena, BOL",28,,629,regional sur,0,4,9,9,11
gas_interrupted_5,2023-05-09,3,Gasnacer,CE6257,true,true,BALLE,"Manaure, LAG",Madrugada,-12,false,,RIO,"Riohacha, LAG",33,,347,regional sur,9,0,3,19,16
gas_interrupted_5,2023-05-10,4,Efigas,CE3247,true,false,JOBO,"Sahagún, COR",Tarde,63,true,,BAQ,"Barranquilla, ATL",79,,164,Ramal industrial,15,21,26,7,0
gas_interrupted_5,2023-05-11,5,Gases del Caribe,CE5544,true,true,JOBO,"Sahagún, COR",Madrugada,12,true,,CTG,"Cartagena, BOL",61,,124,Ramal industrial,1,3,25,4,13
gas_interrupted_5,2023-05-12,6,Gases del Caribe,CE7843,false,true,JOBO,"Sahagún, COR",Tarde,15,true,,BAQ,"Barranquilla, ATL",45,,177,ductos varios,28,6,13,3,0
gas_interrupted_5,2023-05-13,7,Gases del Caribe,CE6803,true,false,BALLE,"Manaure, LAG",Tarde,11,true,,MTR,"Montería, COR",28,,85,RAMAL urbano,1,1,16,2,18
gas_interrupted_5,2023-05-14,1,Gases del Caribe,CE4920,false,false,JOBO,"Sahagún, COR",Mañana,35,true,,CTG,"Cartagena, BOL",49,,428,regional sur,0,0,1,23,11
gas_interrupted_5,2023-05-15,2,Surtigas,CE2560,true,false,BALLE,"Manaure, LAG",Mañana,46,true,,RIO,"Riohacha, LAG",52,,152,ductos varios,6,5,8,11,9
gas_interrupted_5,2023-05-16,3,Gasnacer,CE4732,true,true,JOBO,"Sahagún, COR",Madrugada,37,true,,MAM,"Cartagena, BOL",63,,384,ductos varios,0,35,5,7,1
gas_interrupted_5,2023-05-17,4,Gases de la Guajira,CE6637,true,false,JOBO,"Sahagún, COR",Mañana,57,true,,CTG,"Cartagena, BOL",15,,584,RAMAL urbano,4,10,2,3,0
gas_interrupted_5,2023-05-18,5,Gases del Caribe,CE8042,true,true,JOBO,"Sahagún, COR",Noche,10,true,,RIO,"Riohacha, LAG",22,,623,Troncal principal,15,0,0,9,3
gas_interrupted_5,2023-05-19,6,Gasnacer,CE2253,true,false,BALLE,"Manaure, LAG",Madrugada,21,true,,RIO,"Riohacha, LAG",15,,194,ductos varios,0,0,1,11,1
gas_interrupted_5,2023-05-20,7,Gasnacer,CE0696,false,false,JOBO,"Sahagún, COR",Tarde,45,true,,STM,"Santa Marta, MAG",25,,295,ductos varios,0,5,1,2,15
gas_interrupted_5,2023-05-21,1,Surtigas,CE2137,true,true,BALLE,"Manaure, LAG",Noche,61,true,,STM,"Santa Marta, MAG",38,,634,Ramal industrial,1,21,6,2,17
gas_interrupted_5,2023-05-22,2,Gasnacer,CE6044,false,true,JOBO,"Sahagún, COR",Tarde,41,true,,SIN,"Sincelejo, SUC",28,,578,regional sur,6,3,8,7,0
gas_interrupted_5,2023-05-23,3,Gases del Caribe,CE6236,true,true,BALLE,"Manaure, LAG",Tarde,47,true,,MTR,"Montería, COR",13,,260,troncal norte,5,5,2,2,0
gas_interrupted_5,2023-05-24,4,Surtigas,CE8183,true,false,JOBO,"Sahagún, COR",Tarde,49,true,,RIO,"Riohacha, LAG",26,,580,RAMAL urbano,2,5,0,6,20
gas_interrupted_5,2023-05-25,5,Surtigas,CE8550,false,false,JOBO,"Sahagún, COR",Tarde,-10,false,,SIN,"Sincelejo, SUC",46,,636,Regional Sabanas,7,18,4,6,4
gas_interrupted_5,2023-05-26,6,Gases del Caribe,CE6811,true,true,JOBO,"Sahagún, COR",Mañana,-10,false,,SIN,"Sincelejo, SUC",73,,305,Ramal industrial,26,2,11,11,0
gas_interrupted_5,2023-05-27,7,Gases del Caribe,CE0440,true,false,BALLE,"Manaure, LAG",Madrugada,29,true,,CTG,"Cartagena, BOL",31,,602,Ramal industrial,1,4,11,0,7
gas_interrupted_5,2023-05-28,1,Gases de la Guajira,CE0323,true,false,JOBO,"Sahagún, COR",Noche,-9,false,,STM,"Santa Marta, MAG",61,,606,ductos varios,31,2,3,15,17
gas_interrupted_5,2023-05-29,2,Surtigas,CE1451,true,false,JOBO,"Sahagún, COR",Madrugada,24,true,,RIO,"Riohacha, LAG",30,,65,Troncal principal,10,0,2,9,7
gas_interrupted_5,2023-05-30,3,Surtigas,CE7978,true,true,JOBO,"Sahagún, COR",Mañana,51,true,,BAQ,"Barranquilla, ATL",55,,126,ductos varios,1,4,12,26,3
gas_interrupted_5,2023-05-31,4,Gases del Caribe,CE1348,true,false,BALLE,"Manaure, LAG",Tarde,4,true,,STM,"Santa Marta, MAG",22,,277,ductos varios,4,1,7,1,6
gas_interrupted_6,2023-06-01,5,Efigas,CE7199,true,false,BALLE,"Manaure, LAG",Madrugada,-8,false,,CTG,"Cartagena, BOL",23,,114,ductos varios,2,7,5,3,5
gas_interrupted_6,2023-06-02,6,Efigas,CE6816,true,true,BALLE,"Manaure, LAG",Tarde,52,true,,SIN,"Sincelejo, SUC",35,,623,ductos varios,11,4,2,4,3
gas_interrupted_6,2023-06-03,7,Gases de la Guajira,CE1781,true,true,BALLE,"Manaure, LAG",Noche,16,true,,SIN,"Sincelejo, SUC",36,,214,regional sur,0,0,9,21,0
gas_interrupted_6,2023-06-04,1,Efigas,CE7720,true,true,JOBO,"Sahagún, COR",Noche,11,true,,RIO,"Riohacha, LAG",56,,263,Regional Sabanas,4,15,17,13,8
gas_interrupted_6,2023-06-05,2,Gasnacer,CE1596,true,true,JOBO,"Sahagún, COR",Mañana,13,true,,MTR,"Montería, COR",41,,517,troncal norte,16,16,3,1,22
gas_interrupted_6,2023-06-06,3,Efigas,CE3992,true,false,BALLE,"Manaure, LAG",Madrugada,41,true,,VDP,"Valledupar, CES",49,,515,Regional Sabanas,8,14,5,13,6
gas_interrupted_6,2023-06-07,4,Gases del Caribe,CE2943,true,false,JOBO,"Sahagún, COR",Madrugada,53,true,,STM,"Santa Marta, MAG",65,,129,troncal norte,7,10,1,19,20
gas_interrupted_6,2023-06-08,5,Surtigas,CE5876,true,false,JOBO,"Sahagún, COR",Mañana,24,true,,BAQ,"Barranquilla, ATL",128,,345,Troncal principal,20,26,5,11,32
gas_interrupted_6,2023-06-09,6,Gases de la Guajira,CE3326,true,false,JOBO,"Sahagún, COR",Mañana,-11,false,,RIO,"Riohacha, LAG",89,,120,RAMAL urbano,7,30,5,4,34
gas_interrupted_6,2023-06-10,7,Efigas,CE0173,false,false,JOBO,"Sahagún, COR",Mañana,63,true,,CTG,"Cartagena, BOL",53,,467,Regional Sabanas,2,4,23,3,4
gas_interrupted_6,2023-06-11,1,Surtigas,CE2581,true,false,JOBO,"Sahagún, COR",Noche,-1,false,,STM,"Santa Marta, MAG",16,,314,Ramal industrial,4,8,0,1,7
gas_interrupted_6,2023-06-12,2,Gasnacer,CE9766,false,false,JOBO,"Sahagún, COR",Tarde,5,true,,MTR,"Montería, COR",37,,71,Troncal principal,12,1,0,8,8
gas_interrupted_6,2023-06-13,3,Gasnacer,CE7648,true,false,BALLE,"Manaure, LAG",Mañana,15,true,,BAQ,"Barranquilla, ATL",70,,197,troncal norte,1,2,0,23,33
gas_interrupted_6,2023-06-14,4,Gases del Caribe,CE5833,true,false,JOBO,"Sahagún, COR",Noche,10,true,,MAM,"Cartagena, BOL",65,,387,troncal norte,18,17,0,20,7
gas_interrupted_6,2023-06-15,5,Surtigas,CE4950,true,true,JOBO,"Sahagún, COR",Mañana,5,true,,MAM,"Cartagena, BOL",51,,127,ductos varios,9,5,9,12,10
gas_interrupted_6,2023-06-16,6,Gasnacer,CE3234,true,true,JOBO,"Sahagún, COR",Noche,9,true,,MTR,"Montería, COR",22,,456,regional sur,2,1,0,6,7
gas_interrupted_6,2023-06-17,7,Gases de la Guajira,CE3994,true,false,BALLE,"Manaure, LAG",Madrugada,3,true,,MTR,"Montería, COR",85,,456,RAMAL urbano,14,0,0,33,27
gas_interrupted_6,2023-06-18,1,Gases del Caribe,CE2791,true,false,JOBO,"Sahagún, COR",Noche,-5,false,,BAQ,"Barranquilla, ATL",121,,219,ductos varios,21,30,7,19,14
gas_interrupted_6,2023-06-19,2,Gases del Caribe,CE9132,false,true,JOBO,"Sahagún, COR",Noche,62,true,,VDP,"Valledupar, CES",75,,189,ductos varios,15,13,26,2,6
gas_interrupted_6,2023-06-20,3,Gases de la Guajira,CE0228,true,false,JOBO,"Sahagún, COR",Tarde,17,true,,MAM,"Cartagena, BOL",40,,309,troncal norte,1,23,16,9,2
gas_interrupted_6,2023-06-21,4,Gases del Caribe,CE7015,true,false,JOBO,"Sahagún, COR",Noche,-6,false,,RIO,"Riohacha, LAG",71,,476,Ramal industrial,0,13,5,21,18
gas_interrupted_6,2023-06-22,5,Surtigas,CE2645,true,true,BALLE,"Manaure, LAG",Mañana,5,true,,CTG,"Cartagena, BOL",60,,654,ductos varios,15,6,14,21,5
gas_interrupted_6,2023-06-23,6,Efigas,CE6052,true,true,BALLE,"Manaure, LAG",Noche,56,true,,MAM,"Cartagena, BOL",75,,340,RAMAL urbano,6,10,35,3,6
gas_interrupted_6,2023-06-24,7,Surtigas,CE6111,false,false,BALLE,"Manaure, LAG",Mañana,63,true,,CTG,"Cartagena, BOL",66,,598,Regional Sabanas,7,27,11,12,2
gas_interrupted_6,2023-06-25,1,Gases del Caribe,CE9319,true,false,BALLE,"Manaure, LAG",Noche,45,true,,MTR,"Montería, COR",117,,437,ductos varios,8,33,3,23,14
gas_interrupted_6,2023-06-26,2,Gases de la Guajira,CE7547,false,false,BALLE,"Manaure, LAG",Mañana,40,true,,MAM,"Cartagena, BOL",22,,512,Troncal principal,0,13,3,1,9
gas_interrupted_6,2023-06-27,3,Gases de la Guajira,CE1736,true,false,JOBO,"Sahagún, COR",Madrugada,63,true,,RIO,"Riohacha, LAG",31,,395,Ramal industrial,1,2,2,2,18
gas_interrupted_6,2023-06-28,4,Gasnacer,CE1887,false,true,BALLE,"Manaure, LAG",Mañana,58,true,,MTR,"Montería, COR",39,,77,Troncal principal,20,13,2,3,7
gas_interrupted_6,2023-06-29,5,Surtigas,CE2812,true,false,JOBO,"Sahagún, COR",Mañana,13,true,,BAQ,"Barranquilla, ATL",50,,593,regional sur,5,1,7,12,31
gas_interrupted_6,2023-06-30,6,Surtigas,CE1810,true,true,BALLE,"Manaure, LAG",Noche,0,false,,STM,"Santa Marta, MAG",72,,335,ductos varios,4,5,22,3,21
gas_interrupted_7,2023-07-01,7,Surtigas,CE3999,true,false,BALLE,"Manaure, LAG",Madrugada,-10,false,,BAQ,"Barranquilla, ATL",59,,201,regional sur,27,5,2,1,13
gas_interrupted_7,2023-07-02,1,Surtigas,CE1037,true,true,BALLE,"Manaure, LAG",Tarde,25,true,,VDP,"Valledupar, CES",89,,264,regional sur,15,4,13,23,5
gas_interrupted_7,2023-07-03,2,Gasnacer,CE2706,true,false,JOBO,"Sahagún, COR",Madrugada,-11,false,,MAM,"Cartagena, BOL",101,,215,Ramal industrial,22,23,8,13,9
gas_interrupted_7,2023-07-04,3,Efigas,CE3683,true,false,JOBO,"Sahagún, COR",Noche,28,true,,SIN,"Sincelejo, SUC",33,,544,Ramal industrial,3,1,3,19,5
gas_interrupted_7,2023-07-05,4,Gasnacer,CE1167,true,true,JOBO,"Sahagún, COR",Tarde,11,true,,VDP,"Valledupar, CES",35,,148,ductos varios,1,3,13,11,0
gas_interrupted_7,2023-07-06,5,Surtigas,CE9521,true,true,JOBO,"Sahagún, COR",Noche,-13,false,,SIN,"Sincelejo, SUC",104,,288,RAMAL urbano,24,14,6,20,26
gas_interrupted_7,2023-07-07,6,Efigas,CE2223,true,false,BALLE,"Manaure, LAG",Mañana,55,true,,CTG,"Cartagena, BOL",64,,180,regional sur,17,8,18,0,4
gas_interrupted_7,2023-07-08,7,Gasnacer,CE8025,true,true,JOBO,"Sahagún, COR",Madrugada,15,true,,RIO,"Riohacha, LAG",41,,285,Troncal principal,15,26,1,6,1
gas_interrupted_7,2023-07-09,1,Efigas,CE0405,true,false,JOBO,"Sahagún, COR",Madrugada,9,true,,RIO,"Riohacha, LAG",35,,413,RAMAL urbano,2,11,8,12,6
gas_interrupted_7,2023-07-10,2,Gasnacer,CE9861,true,false,BALLE,"Manaure, LAG",Mañana,-1,false,,CTG,"Cartagena, BOL",81,,402,ductos varios,0,5,17,36,2
gas_interrupted_7,2023-07-11,3,Gasnacer,CE7710,true,false,JOBO,"Sahagún, COR",Tarde,54,true,,VDP,"Valledupar, CES",29,,559,Troncal principal,1,0,9,13,11
gas_interrupted_7,2023-07-12,4,Gases del Caribe,CE6734,true,false,BALLE,"Manaure, LAG",Tarde,10,true,,STM,"Santa Marta, MAG",42,,586,Regional Sabanas,9,2,1,9,11
gas_interrupted_7,2023-07-13,5,Gases del Caribe,CE4007,false,false,BALLE,"Manaure, LAG",Tarde,15,true,,MTR,"Montería, COR",52,,429,ductos varios,6,15,7,15,6
gas_interrupted_7,2023-07-14,6,Efigas,CE7766,true,true,BALLE,"Manaure, LAG",Noche,57,true,,BAQ,"Barranquilla, ATL",43,,207,RAMAL urbano,0,10,5,0,19
gas_interrupted_7,2023-07-15,7,Gases de la Guajira,CE4353,true,false,BALLE,"Manaure, LAG",Tarde,59,true,,SIN,"Sincelejo, SUC",48,,573,Regional Sabanas,0,18,14,18,0
gas_interrupted_7,2023-07-16,1,Gases del Caribe,CE6348,false,true,BALLE,"Manaure, LAG",Tarde,26,true,,SIN,"Sincelejo, SUC",36,,309,ductos varios,9,0,20,1,20
gas_interrupted_7,2023-07-17,2,Gases del Caribe,CE4138,true,false,BALLE,"Manaure, LAG",Noche,43,true,,CTG,"Cartagena, BOL",18,,491,ductos varios,2,6,3,6,0
gas_interrupted_7,2023-07-18,3,Efigas,CE8207,true,false,JOBO,"Sahagún, COR",Noche,14,true,,MTR,"Montería, COR",75,,516,RAMAL urbano,17,6,4,17,20
gas_interrupted_7,2023-07-19,4,Gases del Caribe,CE2184,true,false,BALLE,"Manaure, LAG",Mañana,46,true,,RIO,"Riohacha, LAG",76,,563,regional sur,18,1,3,27,12
gas_interrupted_7,2023-07-20,5,Surtigas,CE7409,true,false,BALLE,"Manaure, LAG",Noche,64,true,,VDP,"Valledupar, CES",29,,372,ductos varios,1,3,20,4,5
gas_interrupted_7,2023-07-21,6,Gases del Caribe,CE8282,false,false,JOBO,"Sahagún, COR",Tarde,13,true,,MTR,"Montería, COR",81,,454,Troncal principal,23,21,0,23,8
gas_interrupted_7,2023-07-22,7,Efigas,CE9952,true,false,BALLE,"Manaure, LAG",Mañana,-3,false,,STM,"Santa Marta, MAG",31,,644,Regional Sabanas,0,19,11,0,0
gas_interrupted_7,2023-07-23,1,Gases del Caribe,CE9919,false,false,BALLE,"Manaure, LAG",Mañana,19,true,,MAM,"Cartagena, BOL",61,,301,Troncal principal,18,0,22,8,3
gas_interrupted_7,2023-07-24,2,Gasnacer,CE4661,false,false,JOBO,"Sahagún, COR",Madrugada,17,true,,VDP,"Valledupar, CES",44,,352,Regional Sabanas,1,9,0,20,1
gas_interrupted_7,2023-07-25,3,Gasnacer,CE1,false,false,BALLE,"Manaure, LAG",Tarde,-7,false,,VDP,"Valledupar, CES",59,,596,ductos varios,10,13,20,28,11
gas_interrupted_7,2023-07-26,4,Gasnacer,CE5354,false,true,BALLE,"Manaure, LAG",Tarde,-13,false,,CTG,"Cartagena, BOL",40,,416,regional sur,21,20,0,3,0
gas_interrupted_7,2023-07-27,5,Surtigas,CE5911,true,true,BALLE,"Manaure, LAG",Mañana,15,true,,STM,"Santa Marta, MAG",52,,398,Troncal principal,7,7,20,0,25
gas_interrupted_7,2023-07-28,6,Gases del Caribe,CE8725,true,true,BALLE,"Manaure, LAG",Madrugada,14,true,,VDP,"Valledupar, CES",77,,63,troncal norte,18,15,8,19,0
gas_interrupted_7,2023-07-29,7,Gases de la Guajira,CE8013,true,false,JOBO,"Sahagún, COR",Mañana,27,true,,CTG,"Cartagena, BOL",111,,262,Troncal principal,14,31,13,14,3
gas_interrupted_7,2023-07-30,1,Surtigas,CE2599,true,false,BALLE,"Manaure, LAG",Tarde,-9,false,,MAM,"Cartagena, BOL",111,,123,Troncal principal,22,25,4,20,9
gas_interrupted_7,2023-07-31,2,Gasnacer,CE2246,true,false,JOBO,"Sahagún, COR",Mañana,53,true,,MTR,"Montería, COR",68,,397,Regional Sabanas,18,29,10,10,3
gas_interrupted_8,2023-08-01,3,Gases de la Guajira,CE9904,false,false,JOBO,"Sahagún, COR",Madrugada,54,true,,RIO,"Riohacha, LAG",117,,91,RAMAL urbano,0,9,23,30,20
gas_interrupted_8,2023-08-02,4,Surtigas,CE1,true,false,JOBO,"Sahagún, COR",Madrugada,39,true,,MTR,"Montería, COR",43,,157,Troncal principal,1,7,0,13,16
gas_interrupted_8,2023-08-03,5,Gases de la Guajira,CE1,false,false,JOBO,"Sahagún, COR",Tarde,6,true,,RIO,"Riohacha, LAG",27,,447,RAMAL urbano,4,0,2,6,7
gas_interrupted_8,2023-08-04,6,Gases del Caribe,CE8968,true,false,JOBO,"Sahagún, COR",Tarde,15,true,,STM,"Santa Marta, MAG",48,,180,troncal norte,1,11,4,14,2
gas_interrupted_8,2023-08-05,7,Surtigas,CE7304,true,false,JOBO,"Sahagún, COR",Mañana,45,true,,RIO,"Riohacha, LAG",70,,479,Troncal principal,12,0,1,12,29
gas_interrupted_8,2023-08-06,1,Gasnacer,CE1400,false,false,JOBO,"Sahagún, COR",Tarde,43,true,,MAM,"Cartagena, BOL",74,,266,Regional Sabanas,11,22,22,6,0
gas_interrupted_8,2023-08-07,2,Gases de la Guajira,CE0424,true,true,JOBO,"Sahagún, COR",Noche,34,true,,MTR,"Montería, COR",18,,620,ductos varios,8,6,1,1,1
gas_interrupted_8,2023-08-08,3,Gasnacer,CE1,false,false,BALLE,"Manaure, LAG",Tarde,49,true,,BAQ,"Barranquilla, ATL",37,,489,Ramal industrial,1,11,11,23,3
gas_interrupted_8,2023-08-09,4,Gases del Caribe,CE9224,true,true,BALLE,"Manaure, LAG",Madrugada,64,true,,SIN,"Sincelejo, SUC",82,,173,troncal norte,11,5,14,1,27
gas_interrupted_8,2023-08-10,5,Gases de la Guajira,CE3897,true,false,JOBO,"Sahagún, COR",Noche,19,true,,STM,"Santa Marta, MAG",12,,627,Regional Sabanas,0,0,0,8,2
gas_interrupted_8,2023-08-11,6,Gases de la Guajira,CE8973,true,false,BALLE,"Manaure, LAG",Mañana,39,true,,RIO,"Riohacha, LAG",18,,512,ductos varios,2,6,1,4,3
gas_interrupted_8,2023-08-12,7,Gases de la Guajira,CE4755,false,false,JOBO,"Sahagún, COR",Noche,2,true,,MTR,"Montería, COR",23,,348,ductos varios,4,1,1,9,2
gas_interrupted_8,2023-08-13,1,Surtigas,CE8107,false,false,BALLE,"Manaure, LAG",Tarde,4,true,,SIN,"Sincelejo, SUC",92,,417,Troncal principal,25,0,20,4,18
gas_interrupted_8,2023-08-14,2,Gases de la Guajira,CE1,true,false,JOBO,"Sahagún, COR",Tarde,12,true,,BAQ,"Barranquilla, ATL",88,,80,Regional Sabanas,34,34,5,12,0
gas_interrupted_8,2023-08-15,3,Efigas,CE8549,true,false,JOBO,"Sahagún, COR",Mañana,62,true,,MTR,"Montería, COR",47,,471,Ramal industrial,3,29,24,9,2
gas_interrupted_8,2023-08-16,4,Gases del Caribe,CE6501,true,false,JOBO,"Sahagún, COR",Noche,18,true,,VDP,"Valledupar, CES",67,,340,ductos varios,18,16,8,5,5
gas_interrupted_8,2023-08-17,5,Gases del Caribe,CE0989,true,true,BALLE,"Manaure, LAG",Madrugada,44,true,,RIO,"Riohacha, LAG",59,,453,ductos varios,24,2,21,12,0
gas_interrupted_8,2023-08-18,6,Efigas,CE4334,true,true,BALLE,"Manaure, LAG",Noche,5,true,,SIN,"Sincelejo, SUC",40,,348,RAMAL urbano,22,8,7,4,9
gas_interrupted_8,2023-08-19,7,Surtigas,CE5416,false,false,JOBO,"Sahagún, COR",Noche,-15,false,,CTG,"Cartagena, BOL",44,,432,Troncal principal,8,9,0,8,5
gas_interrupted_8,2023-08-20,1,Surtigas,CE2756,false,false,JOBO,"Sahagún, COR",Madrugada,-11,false,,BAQ,"Barranquilla, ATL",33,,528,troncal norte,15,8,1,6,8
gas_interrupted_8,2023-08-21,2,Efigas,CE5350,true,false,BALLE,"Manaure, LAG",Mañana,39,true,,SIN,"Sincelejo, SUC",72,,292,RAMAL urbano,23,14,5,3,13
gas_interrupted_8,2023-08-22,3,Gases del Caribe,CE2219,true,false,JOBO,"Sahagún, COR",Noche,5,true,,BAQ,"Barranquilla, ATL",53,,193,ductos varios,12,9,3,1,14
gas_interrupted_8,2023-08-23,4,Gases de la Guajira,CE8653,true,false,JOBO,"Sahagún, COR",Noche,37,true,,CTG,"Cartagena, BOL",36,,512,Regional Sabanas,18,4,3,1,2
gas_interrupted_8,2023-08-24,5,Surtigas,CE7778,true,false,BALLE,"Manaure, LAG",Madrugada,64,true,,BAQ,"Barranquilla, ATL",112,,617,RAMAL urbano,13,22,2,4,35
gas_interrupted_8,2023-08-25,6,Gases del Caribe,CE1738,false,false,BALLE,"Manaure, LAG",Mañana,14,true,,CTG,"Cartagena, BOL",86,,125,ductos varios,19,0,25,17,0
gas_interrupted_8,2023-08-26,7,Efigas,CE2850,false,false,BALLE,"Manaure, LAG",Mañana,56,true,,MTR,"Montería, COR",73,,179,Troncal principal,7,21,7,10,29
gas_interrupted_8,2023-08-27,1,Gases de la Guajira,CE3341,true,false,JOBO,"Sahagún, COR",Madrugada,-10,false,,SIN,"Sincelejo, SUC",25,,354,regional sur,9,0,10,7,0
gas_interrupted_8,2023-08-28,2,Efigas,CE6817,true,false,BALLE,"Manaure, LAG",Tarde,-9,false,,BAQ,"Barranquilla, ATL",70,,401,RAMAL urbano,11,17,1,12,17
gas_interrupted_8,2023-08-29,3,Gases del Caribe,CE6279,true,false,BALLE,"Manaure, LAG",Madrugada,26,true,,CTG,"Cartagena, BOL",21,,168,regional sur,2,15,0,2,9
gas_interrupted_8,2023-08-30,4,Surtigas,CE1584,true,true,BALLE,"Manaure, LAG",Noche,40,true,,CTG,"Cartagena, BOL",70,,282,Regional Sabanas,24,16,0,2,7
gas_interrupted_8,2023-08-31,5,Surtigas,CE2695,true,false,BALLE,"Manaure, LAG",Tarde,36,true,,STM,"Santa Marta, MAG",40,,110,regional sur,8,9,0,10,27
gas_interrupted_9,2023-09-01,6,Gases de la Guajira,CE7850,true,false,BALLE,"Manaure, LAG",Tarde,44,true,,RIO,"Riohacha, LAG",55,,68,RAMAL urbano,18,0,23,14,4
gas_interrupted_9,2023-09-02,7,Efigas,CE2325,true,true,BALLE,"Manaure, LAG",Tarde,1,true,,SIN,"Sincelejo, SUC",64,,593,Troncal principal,0,2,35,19,15
gas_interrupted_9,2023-09-03,1,Gasnacer,CE2140,false,false,BALLE,"Manaure, LAG",Madrugada,-15,false,,RIO,"Riohacha, LAG",21,,619,regional sur,2,1,2,16,0
gas_interrupted_9,2023-09-04,2,Gases del Caribe,CE0848,true,true,JOBO,"Sahagún, COR",Madrugada,43,true,,STM,"Santa Marta, MAG",32,,294,Troncal principal,1,5,2,22,2
gas_interrupted_9,2023-09-05,3,Efigas,CE6956,false,false,BALLE,"Manaure, LAG",Tarde,22,true,,RIO,"Riohacha, LAG",25,,464,RAMAL urbano,1,8,1,2,10
gas_interrupted_9,2023-09-06,4,Surtigas,CE6833,true,false,BALLE,"Manaure, LAG",Tarde,55,true,,BAQ,"Barranquilla, ATL",62,,200,ductos varios,21,4,32,0,13
gas_interrupted_9,2023-09-07,5,Gasnacer,CE5473,true,false,BALLE,"Manaure, LAG",Mañana,22,true,,RIO,"Riohacha, LAG",38,,623,Ramal industrial,2,5,4,19,5
gas_interrupted_9,2023-09-08,6,Surtigas,CE0090,true,false,BALLE,"Manaure, LAG",Noche,-7,false,,SIN,"Sincelejo, SUC",56,,187,RAMAL urbano,0,19,20,2,0
gas_interrupted_9,2023-09-09,7,Gasnacer,CE8345,true,true,JOBO,"Sahagún, COR",Tarde,27,true,,CTG,"Cartagena, BOL",57,,149,ductos varios,4,21,32,13,10
gas_interrupted_9,2023-09-10,1,Gases de la Guajira,CE0853,true,false,BALLE,"Manaure, LAG",Noche,-11,false,,SIN,"Sincelejo, SUC",42,,471,Troncal principal,2,17,2,10,3
gas_interrupted_9,2023-09-11,2,Efigas,CE6920,true,false,BALLE,"Manaure, LAG",Madrugada,61,true,,VDP,"Valledupar, CES",27,,367,RAMAL urbano,7,0,0,4,9
gas_interrupted_9,2023-09-12,3,Gases del Caribe,CE2577,true,false,JOBO,"Sahagún, COR",Tarde,24,true,,VDP,"Valledupar, CES",30,,456,Ramal industrial,9,2,5,9,0
gas_interrupted_9,2023-09-13,4,Efigas,CE1102,false,false,BALLE,"Manaure, LAG",Tarde,4,true,,VDP,"Valledupar, CES",41,,632,Troncal principal,21,10,12,1,9
gas_interrupted_9,2023-09-14,5,Surtigas,CE8908,true,false,BALLE,"Manaure, LAG",Noche,-11,false,,BAQ,"Barranquilla, ATL",84,,584,ductos varios,13,21,7,13,4
gas_interrupted_9,2023-09-15,6,Gases del Caribe,CE5967,true,false,JOBO,"Sahagún, COR",Mañana,35,true,,SIN,"Sincelejo, SUC",26,,326,regional sur,0,2,7,4,5
gas_interrupted_9,2023-09-16,7,Gases de la Guajira,CE1950,true,false,JOBO,"Sahagún, COR",Madrugada,30,true,,MAM,"Cartagena, BOL",19,,249,Ramal industrial,3,5,0,3,13
gas_interrupted_9,2023-09-17,1,Gasnacer,CE4053,true,false,BALLE,"Manaure, LAG",Tarde,25,true,,RIO,"Riohacha, LAG",66,,251,RAMAL urbano,1,16,22,10,13
gas_interrupted_9,2023-09-18,2,Gases del Caribe,CE2788,true,true,JOBO,"Sahagún, COR",Tarde,3,true,,MTR,"Montería, COR",68,,401,Ramal industrial,6,24,8,2,7
gas_interrupted_9,2023-09-19,3,Gases del Caribe,CE7089,true,false,JOBO,"Sahagún, COR",Mañana,34,true,,VDP,"Valledupar, CES",58,,460,Ramal industrial,8,19,12,5,8
gas_interrupted_9,2023-09-20,4,Surtigas,CE9495,true,true,JOBO,"Sahagún, COR",Mañana,30,true,,,"Montería, COR",24,,327,ductos varios,1,2,7,1,13
gas_interrupted_9,2023-09-21,5,Gasnacer,CE2620,true,false,BALLE,"Manaure, LAG",Noche,62,true,,MTR,"Montería, COR",46,,569,Troncal principal,6,29,1,1,13
gas_interrupted_9,2023-09-22,6,Gases de la Guajira,CE2191,false,false,JOBO,"Sahagún, COR",Mañana,63,true,,RIO,"Riohacha, LAG",35,,300,ductos varios,9,4,16,4,6
gas_interrupted_9,2023-09-23,7,Gases de la Guajira,CE2830,true,false,BALLE,"Manaure, LAG",Tarde,16,true,,BAQ,"Barranquilla, ATL",50,,504,ductos varios,7,2,21,25,14
gas_interrupted_9,2023-09-24,1,Gases del Caribe,CE3215,true,false,BALLE,"Manaure, LAG",Tarde,-8,false,,SIN,"Sincelejo, SUC",16,,111,regional sur,0,5,0,6,1
gas_interrupted_9,2023-09-25,2,Gases del Caribe,CE6556,true,true,JOBO,"Sahagún, COR",Madrugada,47,true,,BAQ,"Barranquilla, ATL",67,,168,ductos varios,20,2,15,15,17
gas_interrupted_9,2023-09-26,3,Gases de la Guajira,CE2386,false,true,JOBO,"Sahagún, COR",Noche,14,true,,BAQ,"Barranquilla, ATL",76,,658,Troncal principal,3,9,18,36,13
gas_interrupted_9,2023-09-27,4,Gases de la Guajira,CE9349,true,true,JOBO,"Sahagún, COR",Mañana,41,true,,MAM,"Cartagena, BOL",47,,372,troncal norte,2,21,8,12,7
gas_interrupted_9,2023-09-28,5,Surtigas,CE6589,true,false,JOBO,"Sahagún, COR",Mañana,46,true,,SIN,"Sincelejo, SUC",72,,416,Ramal industrial,16,13,7,4,19
gas_interrupted_9,2023-09-29,6,Gasnacer,CE0383,false,true,BALLE,"Manaure, LAG",Mañana,9,true,,STM,"Santa Marta, MAG",42,,291,Troncal principal,1,6,14,6,2
gas_interrupted_9,2023-09-30,7,Gases del Caribe,CE3879,true,false,BALLE,"Manaure, LAG",Noche,-12,false,,RIO,"Riohacha, LAG",91,,555,regional sur,31,20,6,1,8
gas_interrupted_10,2023-10-01,1,Gases de la Guajira,CE1,true,false,BALLE,"Manaure, LAG",Tarde,49,true,,BAQ,"Barranquilla, ATL",30,,294,Regional Sabanas,0,8,17,6,9
gas_interrupted_10,2023-10-02,2,Surtigas,CE1477,true,false,JOBO,"Sahagún, COR",Mañana,2,true,,VDP,"Valledupar, CES",25,,619,Ramal industrial,0,10,1,2,13
gas_interrupted_10,2023-10-03,3,Gases de la Guajira,CE5811,false,false,BALLE,"Manaure, LAG",Madrugada,19,true,,BAQ,"Barranquilla, ATL",100,,269,Ramal industrial,25,8,11,2,23
gas_interrupted_10,2023-10-04,4,Efigas,CE7156,true,false,JOBO,"Sahagún, COR",Noche,13,true,,CTG,"Cartagena, BOL",92,,571,Regional Sabanas,6,0,0,34,38
gas_interrupted_10,2023-10-05,5,Gasnacer,CE6439,false,true,BALLE,"Manaure, LAG",Noche,45,true,,CTG,"Cartagena, BOL",69,,581,RAMAL urbano,3,9,5,9,20
gas_interrupted_10,2023-10-06,6,Gases del Caribe,CE7671,true,false,BALLE,"Manaure, LAG",Mañana,54,true,,RIO,"Riohacha, LAG",23,,630,troncal norte,6,7,4,1,3
gas_interrupted_10,2023-10-07,7,Gases de la Guajira,CE6807,false,true,JOBO,"Sahagún, COR",Madrugada,55,true,,MTR,"Montería, COR",19,,150,Troncal principal,0,3,13,1,4
gas_interrupted_10,2023-10-08,1,Gasnacer,CE7997,true,false,JOBO,"Sahagún, COR",Tarde,43,true,,MAM,"Cartagena, BOL",73,,407,Ramal industrial,0,13,26,0,21
gas_interrupted_10,2023-10-09,2,Gases del Caribe,CE6421,true,false,BALLE,"Manaure, LAG",Tarde,28,true,,CTG,"Cartagena, BOL",42,,197,Troncal principal,9,23,9,2,0
gas_interrupted_10,2023-10-10,3,Surtigas,CE9480,true,false,BALLE,"Manaure, LAG",Madrugada,-9,false,,MTR,"Montería, COR",75,,487,ductos varios,23,15,5,5,7
gas_interrupted_10,2023-10-11,4,Gasnacer,CE9885,true,false,JOBO,"Sahagún, COR",Mañana,42,true,,MAM,"Cartagena, BOL",51,,605,Troncal principal,24,6,3,7,30
gas_interrupted_10,2023-10-12,5,Gasnacer,CE0737,true,true,BALLE,"Manaure, LAG",Mañana,43,true,,VDP,"Valledupar, CES",37,,632,Troncal principal,16,5,11,2,5
gas_interrupted_10,2023-10-13,6,Surtigas,CE5819,true,false,BALLE,"Manaure, LAG",Madrugada,12,true,,RIO,"Riohacha, LAG",60,,640,regional sur,24,0,5,9,2
gas_interrupted_10,2023-10-14,7,Surtigas,CE2923,true,true,JOBO,"Sahagún, COR",Madrugada,63,true,,MTR,"Montería, COR",62,,640,ductos varios,13,8,8,7,13
gas_interrupted_10,2023-10-15,1,Gases del Caribe,CE3348,false,false,BALLE,"Manaure, LAG",Mañana,52,true,,BAQ,"Barranquilla, ATL",35,,321,troncal norte,22,1,19,1,2
gas_interrupted_10,2023-10-16,2,Surtigas,CE4180,true,false,JOBO,"Sahagún, COR",Mañana,29,true,,SIN,"Sincelejo, SUC",68,,563,ductos varios,7,22,11,33,19
gas_interrupted_10,2023-10-17,3,Gasnacer,CE0521,false,true,JOBO,"Sahagún, COR",Madrugada,-2,false,,MAM,"Cartagena, BOL",20,,441,regional sur,0,0,4,2,11
gas_interrupted_10,2023-10-18,4,Gases del Caribe,CE0523,true,false,BALLE,"Manaure, LAG",Tarde,40,true,,MAM,"Cartagena, BOL",73,,341,RAMAL urbano,8,0,6,24,13
gas_interrupted_10,2023-10-19,5,Efigas,CE6145,true,true,BALLE,"Manaure, LAG",Madrugada,46,true,,BAQ,"Barranquilla, ATL",71,,187,ductos varios,19,19,23,3,1
gas_interrupted_10,2023-10-20,6,Gases de la Guajira,CE1362,false,false,BALLE,"Manaure, LAG",Mañana,-15,false,,BAQ,"Barranquilla, ATL",46,,407,RAMAL urbano,8,5,7,4,16
gas_interrupted_10,2023-10-21,7,Gases del Caribe,CE2929,true,false,JOBO,"Sahagún, COR",Mañana,57,true,,MTR,"Montería, COR",74,,64,Regional Sabanas,20,15,22,0,23
gas_interrupted_10,2023-10-22,1,Gases del Caribe,CE1777,true,false,JOBO,"Sahagún, COR",Madrugada,27,true,,STM,"Santa Marta, MAG",24,,134,regional sur,8,1,10,9,3
gas_interrupted_10,2023-10-23,2,Gases del Caribe,CE4367,true,true,BALLE,"Manaure, LAG",Madrugada,38,true,,CTG,"Cartagena, BOL",136,,90,Troncal principal,24,32,7,29,16
gas_interrupted_10,2023-10-24,3,Gases de la Guajira,CE5337,false,false,JOBO,"Sahagún, COR",Mañana,-9,false,,BAQ,"Barranquilla, ATL",63,,527,troncal norte,0,12,6,29,30
gas_interrupted_10,2023-10-25,4,Efigas,CE5281,true,false,JOBO,"Sahagún, COR",Noche,23,true,,BAQ,"Barranquilla, ATL",112,,285,RAMAL urbano,9,18,32,11,7
gas_interrupted_10,2023-10-26,5,Efigas,CE7737,true,false,BALLE,"Manaure, LAG",Noche,40,true,,MAM,"Cartagena, BOL",38,,452,Troncal principal,3,11,0,12,10
gas_interrupted_10,2023-10-27,6,Surtigas,CE8635,true,false,BALLE,"Manaure, LAG",Madrugada,45,true,,VDP,"Valledupar, CES",71,,592,regional sur,16,4,1,27,7
gas_interrupted_10,2023-10-28,7,Surtigas,CE4831,true,true,BALLE,"Manaure, LAG",Noche,-9,false,,CTG,"Cartagena, BOL",93,,571,Regional Sabanas,18,14,6,12,16
gas_interrupted_10,2023-10-29,1,Gases del Caribe,CE6171,true,true,JOBO,"Sahagún, COR",Madrugada,-12,false,,SIN,"Sincelejo, SUC",14,,407,RAMAL urbano,1,6,0,2,2
gas_interrupted_10,2023-10-30,2,Efigas,CE5827,false,false,JOBO,"Sahagún, COR",Tarde,9,true,,BAQ,"Barranquilla, ATL",46,,382,ductos varios,4,0,27,3,5
gas_interrupted_10,2023-10-31,3,Efigas,CE8721,false,false,JOBO,"Sahagún, COR",Noche,25,true,,MAM,"Cartagena, BOL",34,,495,regional sur,12,7,13,7,0
gas_interrupted_11,2023-11-01,4,Gasnacer,CE9286,false,false,JOBO,"Sahagún, COR",Madrugada,60,true,,BAQ,"Barranquilla, ATL",42,,95,regional sur,0,0,8,31,1
gas_interrupted_11,2023-11-02,5,Surtigas,CE0183,false,false,JOBO,"Sahagún, COR",Noche,2,true,,VDP,"Valledupar, CES",84,,201,Ramal industrial,1,13,25,10,20
gas_interrupted_11,2023-11-03,6,Gases de la Guajira,CE3540,false,false,BALLE,"Manaure, LAG",Madrugada,3,true,,RIO,"Riohacha, LAG",76,,269,RAMAL urbano,28,3,5,9,8
gas_interrupted_11,2023-11-04,7,Gases de la Guajira,CE4175,true,true,BALLE,"Manaure, LAG",Madrugada,46,true,,BAQ,"Barranquilla, ATL",110,,144,regional sur,28,7,15,7,22
gas_interrupted_11,2023-11-05,null,Efigas,CE0402,false,false,BALLE,"Manaure, LAG",Mañana,12,true,,RIO,"Riohacha, LAG",61,,464,Troncal principal,18,14,30,15,3
gas_interrupted_11,2023-11-06,2,Gases de la Guajira,CE3006,false,false,JOBO,"Sahagún, COR",Tarde,48,true,,STM,"Santa Marta, MAG",87,,277,Regional Sabanas,25,19,18,15,0
gas_interrupted_11,2023-11-07,3,Surtigas,CE5212,false,false,JOBO,"Sahagún, COR",Noche,-8,false,,VDP,"Valledupar, CES",26,,349,Ramal industrial,6,3,1,13,4
gas_interrupted_11,2023-11-08,4,Gases de la Guajira,CE1,true,true,JOBO,"Sahagún, COR",Mañana,33,true,,STM,"Santa Marta, MAG",9,,624,ductos varios,3,1,1,0,1
gas_interrupted_11,2023-11-09,5,Gases del Caribe,CE4206,false,true,JOBO,"Sahagún, COR",Mañana,48,true,,MAM,"Cartagena, BOL",11,,396,Troncal principal,2,3,1,1,8
gas_interrupted_11,2023-11-10,6,Gases de la Guajira,CE2465,true,false,JOBO,"Sahagún, COR",Madrugada,54,true,,SIN,"Sincelejo, SUC",79,,430,troncal norte,8,0,0,23,23
gas_interrupted_11,2023-11-11,7,Gasnacer,CE0035,true,true,BALLE,"Manaure, LAG",Noche,54,true,,BAQ,"Barranquilla, ATL",23,,510,RAMAL urbano,16,0,2,0,1
gas_interrupted_11,2023-11-12,1,Gases del Caribe,CE4357,true,false,BALLE,"Manaure, LAG",Noche,23,true,,CTG,"Cartagena, BOL",33,,324,Regional Sabanas,6,5,21,3,8
gas_interrupted_11,2023-11-13,2,Efigas,CE6354,true,false,BALLE,"Manaure, LAG",Noche,48,true,,CTG,"Cartagena, BOL",41,,83,Ramal industrial,6,11,4,14,0
gas_interrupted_11,2023-11-14,3,Surtigas,CE5377,true,true,JOBO,"Sahagún, COR",Madrugada,14,true,,RIO,"Riohacha, LAG",45,,261,Regional Sabanas,12,9,9,1,0
gas_interrupted_11,2023-11-15,4,Efigas,CE7753,true,false,BALLE,"Manaure, LAG",Tarde,62,true,,STM,"Santa Marta, MAG",35,,439,Regional Sabanas,0,2,13,3,14
gas_interrupted_11,2023-11-16,5,Surtigas,CE4381,true,false,BALLE,"Manaure, LAG",Madrugada,10,true,,MAM,"Cartagena, BOL",66,,250,ductos varios,2,26,9,18,23
gas_interrupted_11,2023-11-17,6,Efigas,CE7990,true,false,JOBO,"Sahagún, COR",Madrugada,10,true,,MTR,"Montería, COR",66,,467,ductos varios,13,6,3,20,26
gas_interrupted_11,2023-11-18,7,Efigas,CE3440,true,false,JOBO,"Sahagún, COR",Noche,40,true,,RIO,"Riohacha, LAG",82,,287,troncal norte,22,2,21,0,28
gas_interrupted_11,2023-11-19,1,Gases del Caribe,CE4126,true,false,BALLE,"Manaure, LAG",Mañana,-15,false,,MTR,"Montería, COR",45,,326,Ramal industrial,5,10,12,11,1
gas_interrupted_11,2023-11-20,2,Gases de la Guajira,CE6373,false,false,JOBO,"Sahagún, COR",Mañana,2,true,,SIN,"Sincelejo, SUC",18,,451,RAMAL urbano,2,1,12,0,0
gas_interrupted_11,2023-11-21,3,Surtigas,CE2460,true,false,JOBO,"Sahagún, COR",Madrugada,19,true,,MTR,"Montería, COR",36,,396,Ramal industrial,4,0,9,11,5
gas_interrupted_11,2023-11-22,4,Efigas,CE8213,true,false,JOBO,"Sahagún, COR",Tarde,21,true,,RIO,"Riohacha, LAG",42,,195,Troncal principal,0,22,7,0,4
gas_interrupted_11,2023-11-23,5,Gasnacer,CE3836,true,false,BALLE,"Manaure, LAG",Tarde,7,true,,CTG,"Cartagena, BOL",29,,75,ductos varios,4,4,10,9,2
gas_interrupted_11,2023-11-24,6,Surtigas,CE3453,false,false,JOBO,"Sahagún, COR",Madrugada,-14,false,,MAM,"Cartagena, BOL",40,,596,troncal norte,2,18,8,0,10
gas_interrupted_11,2023-11-25,7,Efigas,CE8506,true,false,BALLE,"Manaure, LAG",Mañana,5,true,,MTR,"Montería, COR",39,,163,Troncal principal,11,2,0,23,10
gas_interrupted_11,2023-11-26,1,Gasnacer,CE1910,true,false,JOBO,"Sahagún, COR",Madrugada,43,true,,CTG,"Cartagena, BOL",78,,478,RAMAL urbano,19,3,6,9,19
gas_interrupted_11,2023-11-27,2,Efigas,CE1250,false,false,BALLE,"Manaure, LAG",Madrugada,14,true,,VDP,"Valledupar, CES",49,,479,RAMAL urbano,8,2,7,1,24
gas_interrupted_11,2023-11-28,3,Gases de la Guajira,CE2961,false,false,JOBO,"Sahagún, COR",Noche,35,true,,SIN,"Sincelejo, SUC",96,,292,regional sur,0,9,23,29,8
gas_interrupted_11,2023-11-29,4,Gasnacer,CE2226,true,true,JOBO,"Sahagún, COR",Mañana,-2,false,,STM,"Santa Marta, MAG",63,,353,Regional Sabanas,5,4,12,3,22
gas_interrupted_11,2023-11-30,5,Gases de la Guajira,CE2662,false,true,BALLE,"Manaure, LAG",Tarde,5,true,,STM,"Santa Marta, MAG",22,,75,ductos varios,0,1,7,9,9
gas_interrupted_12,2023-12-01,6,Gases del Caribe,CE3769,false,false,BALLE,"Manaure, LAG",Mañana,38,true,,MAM,"Cartagena, BOL",85,,70,Troncal principal,28,10,6,2,13
gas_interrupted_12,2023-12-02,7,Surtigas,CE2959,true,false,JOBO,"Sahagún, COR",Noche,52,true,,SIN,"Sincelejo, SUC",89,,461,Ramal industrial,10,15,28,1,16
gas_interrupted_12,2023-12-03,1,Gasnacer,CE7157,true,false,,"Sahagún, COR",Mañana,-6,false,,STM,"Santa Marta, MAG",20,,172,Regional Sabanas,0,0,4,3,11
gas_interrupted_12,2023-12-04,2,Gases de la Guajira,CE3968,true,true,JOBO,"Sahagún, COR",Tarde,55,true,,SIN,"Sincelejo, SUC",50,,180,troncal norte,4,12,2,4,30
gas_interrupted_12,2023-12-05,3,Gasnacer,CE1100,true,false,BALLE,"Manaure, LAG",Tarde,3,true,,STM,"Santa Marta, MAG",68,,551,Troncal principal,25,17,7,1,1
gas_interrupted_12,2023-12-06,4,Efigas,CE1274,true,true,BALLE,"Manaure, LAG",Noche,17,true,,MTR,"Montería, COR",22,,391,ductos varios,4,4,1,2,4
gas_interrupted_12,2023-12-07,5,Gases de la Guajira,CE5354,false,true,JOBO,"Sahagún, COR",Madrugada,16,true,,MAM,"Cartagena, BOL",68,,176,Ramal industrial,3,13,8,15,7
gas_interrupted_12,2023-12-08,6,Gases del Caribe,CE8235,true,false,BALLE,"Manaure, LAG",Mañana,-5,false,,RIO,"Riohacha, LAG",59,,233,Regional Sabanas,19,1,24,3,4
gas_interrupted_12,2023-12-09,7,Gases de la Guajira,CE7157,false,true,BALLE,"Manaure, LAG",Noche,56,true,,SIN,"Sincelejo, SUC",52,,422,regional sur,6,0,20,6,24
gas_interrupted_12,2023-12-10,1,Gasnacer,CE1656,true,false,BALLE,"Manaure, LAG",Mañana,-5,false,,RIO,"Riohacha, LAG",68,,403,Regional Sabanas,15,4,7,23,4
gas_interrupted_12,2023-12-11,2,Gases del Caribe,CE6053,true,false,BALLE,"Manaure, LAG",Madrugada,29,true,,MTR,"Montería, COR",89,,576,Ramal industrial,13,23,8,7,10
gas_interrupted_12,2023-12-12,3,Gasnacer,CE7760,true,false,BALLE,"Manaure, LAG",Tarde,1,true,,MTR,"Montería, COR",41,,394,troncal norte,1,4,1,5,23
gas_interrupted_12,2023-12-13,4,Gasnacer,CE2761,false,false,BALLE,"Manaure, LAG",Tarde,4,true,,VDP,"Valledupar, CES",47,,430,ductos varios,3,18,3,12,9
gas_interrupted_12,2023-12-14,5,Surtigas,CE1514,true,false,BALLE,"Manaure, LAG",Madrugada,54,true,,,"Cartagena, BOL",27,,617,regional sur,3,16,0,3,0
gas_interrupted_12,2023-12-15,6,Surtigas,CE6276,true,false,JOBO,"Sahagún, COR",Tarde,16,true,,BAQ,"Barranquilla, ATL",52,,579,regional sur,4,25,5,0,9
gas_interrupted_12,2023-12-16,7,Gases del Caribe,CE3766,false,false,BALLE,"Manaure, LAG",Mañana,-8,false,,STM,"Santa Marta, MAG",13,,152,troncal norte,1,1,1,8,0
gas_interrupted_12,2023-12-17,1,Gasnacer,CE7223,true,false,BALLE,"Manaure, LAG",Noche,-8,false,,MAM,"Cartagena, BOL",60,,119,regional sur,27,6,3,1,5
gas_interrupted_12,2023-12-18,2,Surtigas,CE3039,true,false,BALLE,"Manaure, LAG",Noche,34,true,,SIN,"Sincelejo, SUC",50,,164,Ramal industrial,26,3,3,0,11
gas_interrupted_12,2023-12-19,3,Surtigas,CE1202,false,false,JOBO,"Sahagún, COR",Mañana,16,true,,BAQ,"Barranquilla, ATL",44,,624,Troncal principal,6,8,1,37,0
gas_interrupted_12,2023-12-20,4,Efigas,CE6920,true,false,BALLE,"Manaure, LAG",Noche,3,true,,SIN,"Sincelejo, SUC",30,,366,ductos varios,4,11,3,8,8
gas_interrupted_12,2023-12-21,5,Efigas,CE9821,true,false,BALLE,"Manaure, LAG",Madrugada,-8,false,,MTR,"Montería, COR",26,,358,Troncal principal,14,0,13,7,2
gas_interrupted_12,2023-12-22,6,Gases del Caribe,CE1540,false,false,JOBO,"Sahagún, COR",Mañana,60,true,,RIO,"Riohacha, LAG",51,,147,troncal norte,1,9,14,10,10
gas_interrupted_12,2023-12-23,7,Efigas,CE2560,true,true,BALLE,"Manaure, LAG",Tarde,5,true,,STM,"Santa Marta, MAG",81,,389,RAMAL urbano,4,13,15,36,0
gas_interrupted_12,2023-12-24,1,Efigas,CE5068,false,true,BALLE,"Manaure, LAG",Madrugada,14,true,,STM,"Santa Marta, MAG",47,,236,ductos varios,7,17,0,23,3
gas_interrupted_12,2023-12-25,2,Gases del Caribe,CE1337,true,false,JOBO,"Sahagún, COR",Noche,31,true,,RIO,"Riohacha, LAG",66,,244,Troncal principal,0,5,4,17,25
gas_interrupted_12,2023-12-26,3,Gases del Caribe,CE2984,true,false,JOBO,"Sahagún, COR",Tarde,9,true,,MAM,"Cartagena, BOL",45,,227,regional sur,2,15,0,18,12
gas_interrupted_12,2023-12-27,4,Efigas,CE4305,true,false,JOBO,"Sahagún, COR",Mañana,57,true,,MTR,"Montería, COR",58,,97,troncal norte,17,27,3,0,4
gas_interrupted_12,2023-12-28,5,Efigas,CE9804,true,true,JOBO,"Sahagún, COR",Madrugada,17,true,,SIN,"Sincelejo, SUC",26,,389,regional sur,3,21,11,1,0
gas_interrupted_12,2023-12-29,6,Gasnacer,CE0989,true,false,JOBO,"Sahagún, COR",Mañana,16,true,,CTG,"Cartagena, BOL",21,,523,regional sur,6,2,8,8,5
gas_interrupted_12,2023-12-30,7,Gases del Caribe,CE9651,false,false,JOBO,"Sahagún, COR",Madrugada,10,true,,MTR,"Montería, COR",91,,604,troncal norte,21,12,0,34,8
gas_interrupted_12,2023-12-31,1,Gasnacer,CE9935,true,false,BALLE,"Manaure, LAG",Noche,45,true,,BAQ,"Barranquilla, ATL",41,,123,Regional Sabanas,0,10,4,24,5
gas_interrupted_5,2023-05-01,2,Surtigas,CE2100,true,true,BALLE,"Manaure, LAG",Tarde,42,true,,SIN,"Sincelejo, SUC",113,,210,ductos varios,15,35,8,1,18
gas_interrupted_5,2023-05-02,3,Surtigas,CE2384,true,false,BALLE,"Manaure, LAG",Madrugada,38,true,,CTG,"Cartagena, BOL",18,,250,Troncal principal,2,7,4,1,0
gas_interrupted_5,2023-05-03,4,Gasnacer,CE4203,false,true,BALLE,"Manaure, LAG",Madrugada,-15,false,,BAQ,"Barranquilla, ATL",49,,277,troncal norte,10,19,1,3,4
gas_interrupted_5,2023-05-04,5,Efigas,CE2838,true,true,BALLE,"Manaure, LAG",Mañana,37,true,,CTG,"Cartagena, BOL",28,,514,Troncal principal,5,1,1,9,9
gas_interrupted_5,2023-05-05,6,Gases de la Guajira,CE1853,true,false,BALLE,"Manaure, LAG",Tarde,-11,false,,SIN,"Sincelejo, SUC",86,,552,Troncal principal,10,10,0,21,20
gas_interrupted_5,2023-05-06,7,Gases de la Guajira,CE1136,true,true,JOBO,"Sahagún, COR",Noche,-7,false,,MAM,"Cartagena, BOL",43,,158,RAMAL urbano,4,2,4,26,10
gas_interrupted_5,2023-05-07,1,Gasnacer,CE8426,true,false,JOBO,"Sahagún, COR",Madrugada,52,true,,CTG,"Cartagena, BOL",60,,173,troncal norte,26,24,16,0,6
gas_interrupted_5,2023-05-08,2,Gasnacer,CE7085,true,true,BALLE,"Manaure, LAG",Madrugada,13,true,,STM,"Santa Marta, MAG",50,,210,troncal norte,14,29,3,10,8
gas_interrupted_5,2023-05-09,3,Gases del Caribe,CE9871,false,false,JOBO,"Sahagún, COR",Tarde,39,true,,MTR,"Montería, COR",76,,355,ductos varios,4,30,13,5,13
gas_interrupted_5,2023-05-10,4,Gases de la Guajira,CE5987,false,false,BALLE,"Manaure, LAG",Madrugada,36,true,,MAM,"Cartagena, BOL",55,,530,RAMAL urbano,5,0,20,10,16
gas_interrupted_5,2023-05-11,5,Gases del Caribe,CE6404,true,true,JOBO,"Sahagún, COR",Noche,20,true,,SIN,"Sincelejo, SUC",74,,549,Ramal industrial,27,18,16,5,2
gas_interrupted_5,2023-05-12,6,Gasnacer,CE1,true,false,BALLE,"Manaure, LAG",Mañana,7,true,,MTR,"Montería, COR",35,,450,ductos varios,8,7,3,1,5
gas_interrupted_5,2023-05-13,7,Gases de la Guajira,CE7569,false,true,BALLE,"Manaure, LAG",Madrugada,26,true,,BAQ,"Barranquilla, ATL",41,,643,Regional Sabanas,9,3,5,13,12
gas_interrupted_5,2023-05-14,1,Efigas,CE4498,true,true,BALLE,"Manaure, LAG",Tarde,63,true,,MTR,"Montería, COR",40,,64,regional sur,1,11,20,0,0
gas_interrupted_5,2023-05-15,2,Efigas,CE7895,true,true,BALLE,"Manaure, LAG",Mañana,47,true,,RIO,"Riohacha, LAG",49,,520,RAMAL urbano,33,1,1,0,0
gas_interrupted_5,2023-05-16,3,Efigas,CE1509,true,false,BALLE,"Manaure, LAG",Noche,15,true,,SIN,"Sincelejo, SUC",40,,123,Troncal principal,2,10,6,7,14
gas_interrupted_5,2023-05-17,4,Gases de la Guajira,CE8009,false,false,JOBO,"Sahagún, COR",Noche,45,true,,SIN,"Sincelejo, SUC",53,,588,Troncal principal,4,18,0,0,18
gas_interrupted_5,2023-05-18,5,Surtigas,CE0687,true,true,JOBO,"Sahagún, COR",Madrugada,40,true,,MTR,"Montería, COR",35,,130,troncal norte,10,7,20,1,4
gas_interrupted_5,2023-05-19,6,Gases del Caribe,CE2159,true,true,JOBO,"Sahagún, COR",Mañana,-8,false,,SIN,"Sincelejo, SUC",68,,118,Regional Sabanas,1,8,29,8,12
gas_interrupted_5,2023-05-20,7,Efigas,CE2825,true,false,BALLE,"Manaure, LAG",Noche,-10,false,,RIO,"Riohacha, LAG",38,,530,Ramal industrial,14,1,16,11,3
